snapshot_time,history_id,alert_id,route_id,direction_id,title,description,alert_type,first_seen,last_seen,duration_hours,active_flag,inactive_detected_at,occurrence_index,observation_count,route_match_status
2026-10-03T07:00:09.132045+00:00,SF_13513|14|ALL|1,SF_13513,14,,14 STOP TEMP. MOVED Board at Mission/Beale OR Steuart/Mission,14 STOP TEMP. MOVED Board at Mission/Beale OR Steuart/Mission,STOP_MOVED,2026-09-18T08:29:05.344523+00:00,2026-10-03T06:41:59.276704+00:00,358.215,False,2026-10-03T07:00:09.132045+00:00,1,978,MATCHED
2026-10-03T07:00:09.132045+00:00,SF_14956|18|ALL|1,SF_14956,18,,STOP PERMANENTLY MOVED Board at stop island,STOP PERMANENTLY MOVED Board at stop island,STOP_MOVED,2026-09-18T08:29:05.344523+00:00,2026-10-03T06:41:59.276704+00:00,358.215,False,2026-10-03T07:00:09.132045+00:00,1,978,MATCHED
2026-10-03T07:00:09.132045+00:00,SF_14956|29|ALL|1,SF_14956,29,,STOP PERMANENTLY MOVED Board at stop island,STOP PERMANENTLY MOVED Board at stop island,STOP_MOVED,2026-09-18T08:29:05.344523+00:00,2026-10-03T06:41:59.276704+00:00,358.215,False,2026-10-03T07:00:09.132045+00:00,1,978,MATCHED
2026-10-03T07:00:09.132045+00:00,SF_14956|57|ALL|1,SF_14956,57,,STOP PERMANENTLY MOVED Board at stop island,STOP PERMANENTLY MOVED Board at stop island,STOP_MOVED,2026-09-18T08:29:05.344523+00:00,2026-10-03T06:41:59.276704+00:00,358.215,False,2026-10-03T07:00:09.132045+00:00,1,978,MATCHED
2026-10-03T07:00:09.132045+00:00,SF_14956|58|ALL|1,SF_14956,58,,STOP PERMANENTLY MOVED Board at stop island,STOP PERMANENTLY MOVED Board at stop island,STOP_MOVED,2026-09-18T08:29:05.344523+00:00,2026-10-03T06:41:59.276704+00:00,358.215,False,2026-10-03T07:00:09.132045+00:00,1,978,MATCHED
2026-10-03T07:00:09.132045+00:00,SF_15660|14|ALL|1,SF_15660,14,,14 & 49 STOP TEMP. MOVED Board at Mission & Plum,14 & 49 STOP TEMP. MOVED Board at Mission & Plum,STOP_MOVED,2026-09-18T08:29:05.344523+00:00,2026-10-03T06:41:59.276704+00:00,358.215,False,2026-10-03T07:00:09.132045+00:00,1,978,MATCHED
2026-10-03T07:00:09.132045+00:00,SF_15660|49|ALL|1,SF_15660,49,,14 & 49 STOP TEMP. MOVED Board at Mission & Plum,14 & 49 STOP TEMP. MOVED Board at Mission & Plum,STOP_MOVED,2026-09-18T08:29:05.344523+00:00,2026-10-03T06:41:59.276704+00:00,358.215,False,2026-10-03T07:00:09.132045+00:00,1,978,MATCHED
2026-09-20T07:02:04.575569+00:00,SF_15851|12|ALL|1,SF_15851,12,,"Lowrider cruise in the Misson on Sat., 9/19. Muni will have reroutes.","Lowrider cruise in the Misson on Sat., 9/19. Muni will have reroutes.",REROUTE,2026-09-18T08:29:05.344523+00:00,2026-09-20T06:44:13.361765+00:00,46.252,False,2026-09-20T07:02:04.575569+00:00,1,124,MATCHED
2026-09-20T07:02:04.575569+00:00,SF_15851|14R|ALL|1,SF_15851,14R,,"Lowrider cruise in the Misson on Sat., 9/19. Muni will have reroutes.","Lowrider cruise in the Misson on Sat., 9/19. Muni will have reroutes.",REROUTE,2026-09-18T08:29:05.344523+00:00,2026-09-20T06:44:13.361765+00:00,46.252,False,2026-09-20T07:02:04.575569+00:00,1,124,MATCHED
2026-09-20T07:02:04.575569+00:00,SF_15851|14|ALL|1,SF_15851,14,,"Lowrider cruise in the Misson on Sat., 9/19. Muni will have reroutes.","Lowrider cruise in the Misson on Sat., 9/19. Muni will have reroutes.",REROUTE,2026-09-18T08:29:05.344523+00:00,2026-09-20T06:44:13.361765+00:00,46.252,False,2026-09-20T07:02:04.575569+00:00,1,124,MATCHED
2026-09-20T07:02:04.575569+00:00,SF_15851|27|ALL|1,SF_15851,27,,"Lowrider cruise in the Misson on Sat., 9/19. Muni will have reroutes.","Lowrider cruise in the Misson on Sat., 9/19. Muni will have reroutes.",REROUTE,2026-09-18T08:29:05.344523+00:00,2026-09-20T06:44:13.361765+00:00,46.252,False,2026-09-20T07:02:04.575569+00:00,1,124,MATCHED
2026-09-20T07:02:04.575569+00:00,SF_15851|33|ALL|1,SF_15851,33,,"Lowrider cruise in the Misson on Sat., 9/19. Muni will have reroutes.","Lowrider cruise in the Misson on Sat., 9/19. Muni will have reroutes.",REROUTE,2026-09-18T08:29:05.344523+00:00,2026-09-20T06:44:13.361765+00:00,46.252,False,2026-09-20T07:02:04.575569+00:00,1,124,MATCHED
2026-09-20T07:02:04.575569+00:00,SF_15851|48|ALL|1,SF_15851,48,,"Lowrider cruise in the Misson on Sat., 9/19. Muni will have reroutes.","Lowrider cruise in the Misson on Sat., 9/19. Muni will have reroutes.",REROUTE,2026-09-18T08:29:05.344523+00:00,2026-09-20T06:44:13.361765+00:00,46.252,False,2026-09-20T07:02:04.575569+00:00,1,124,MATCHED
2026-09-20T07:02:04.575569+00:00,SF_15851|49|ALL|1,SF_15851,49,,"Lowrider cruise in the Misson on Sat., 9/19. Muni will have reroutes.","Lowrider cruise in the Misson on Sat., 9/19. Muni will have reroutes.",REROUTE,2026-09-18T08:29:05.344523+00:00,2026-09-20T06:44:13.361765+00:00,46.252,False,2026-09-20T07:02:04.575569+00:00,1,124,MATCHED
2026-09-20T07:02:04.575569+00:00,SF_15851|67|ALL|1,SF_15851,67,,"Lowrider cruise in the Misson on Sat., 9/19. Muni will have reroutes.","Lowrider cruise in the Misson on Sat., 9/19. Muni will have reroutes.",REROUTE,2026-09-18T08:29:05.344523+00:00,2026-09-20T06:44:13.361765+00:00,46.252,False,2026-09-20T07:02:04.575569+00:00,1,124,MATCHED
2026-09-19T07:13:57.759258+00:00,SF_15549|28|ALL|1,SF_15549,28,,28 STOP TEMP. MOVED Board at North Point/Taylor,28 STOP TEMP. MOVED Board at North Point/Taylor,STOP_MOVED,2026-09-18T12:02:07.948472+00:00,2026-09-19T06:56:10.207548+00:00,18.901,False,2026-09-19T07:13:57.759258+00:00,1,65,MATCHED
2026-09-19T07:13:57.759258+00:00,SF_15550|28|ALL|1,SF_15550,28,,28 STOP TEMP. MOVED Board on other side of Jones,28 STOP TEMP. MOVED Board on other side of Jones,STOP_MOVED,2026-09-18T12:02:07.948472+00:00,2026-09-19T06:56:10.207548+00:00,18.901,False,2026-09-19T07:13:57.759258+00:00,1,65,MATCHED
2026-09-19T05:08:37.234206+00:00,SF_15655|19|ALL|1,SF_15655,19,,19 RRT STOP CLOSED Board at 26th/De Haro,19 RRT STOP CLOSED Board at 26th/De Haro,STOP_CLOSED,2026-09-18T12:02:07.948472+00:00,2026-09-19T04:53:06.284014+00:00,16.85,False,2026-09-19T05:08:37.234206+00:00,1,58,MATCHED
2026-09-19T05:08:37.234206+00:00,SF_15656|19|ALL|1,SF_15656,19,,19 RRT STOP CLOSED Board at Connecticut/26th,19 RRT STOP CLOSED Board at Connecticut/26th,STOP_CLOSED,2026-09-18T12:02:07.948472+00:00,2026-09-19T04:53:06.284014+00:00,16.85,False,2026-09-19T05:08:37.234206+00:00,1,58,MATCHED
2026-09-19T05:08:37.234206+00:00,SF_15657|19|ALL|1,SF_15657,19,,19 RRT STOP CLOSED Board: 25th/Connecticut (NE corner),19 RRT STOP CLOSED Board: 25th/Connecticut (NE corner),STOP_CLOSED,2026-09-18T12:02:07.948472+00:00,2026-09-19T04:53:06.284014+00:00,16.85,False,2026-09-19T05:08:37.234206+00:00,1,58,MATCHED
2026-09-19T05:08:37.234206+00:00,SF_15658|19|ALL|1,SF_15658,19,,19 RRT STOP CLOSED Board: Evans/Cesar Chavez,19 RRT STOP CLOSED Board: Evans/Cesar Chavez,STOP_CLOSED,2026-09-18T12:02:07.948472+00:00,2026-09-19T04:53:06.284014+00:00,16.85,False,2026-09-19T05:08:37.234206+00:00,1,58,MATCHED
2026-09-19T03:05:07.634990+00:00,SF_13205|2|ALL|1,SF_13205,2,,2 STOP TEMP. MOVED Board at Hyde OR Polk,2 STOP TEMP. MOVED Board at Hyde OR Polk,STOP_MOVED,2026-09-18T13:14:03.188001+00:00,2026-09-19T02:47:03.701183+00:00,13.55,False,2026-09-19T03:05:07.634990+00:00,1,47,MATCHED
2026-09-19T05:44:02.992239+00:00,SF_15519|12|ALL|1,SF_15519,12,,12 STOP TEMP. MOVED Board at Folsom & Mabini,12 STOP TEMP. MOVED Board at Folsom & Mabini,STOP_MOVED,2026-09-18T13:14:03.188001+00:00,2026-09-19T05:26:05.884286+00:00,16.201,False,2026-09-19T05:44:02.992239+00:00,1,56,MATCHED
2026-09-19T05:08:37.234206+00:00,SF_15520|12|ALL|1,SF_15520,12,,12 STOP TEMP. MOVED Board at Folsom/2nd OR Folsom/4th,12 STOP TEMP. MOVED Board at Folsom/2nd OR Folsom/4th,STOP_MOVED,2026-09-18T13:14:03.188001+00:00,2026-09-19T04:53:06.284014+00:00,15.651,False,2026-09-19T05:08:37.234206+00:00,1,54,MATCHED
2026-09-19T00:05:08.559191+00:00,SF_15385|5R|ALL|1,SF_15385,5R,,"5, 5R STOP TEMP. MOVED Board midblock btwn 30th & 31st","5, 5R STOP TEMP. MOVED Board midblock btwn 30th & 31st",STOP_MOVED,2026-09-18T14:08:11.442565+00:00,2026-09-18T23:47:08.638662+00:00,9.649,False,2026-09-19T00:05:08.559191+00:00,1,34,MATCHED
2026-09-19T00:05:08.559191+00:00,SF_15385|5|ALL|1,SF_15385,5,,"5, 5R STOP TEMP. MOVED Board midblock btwn 30th & 31st","5, 5R STOP TEMP. MOVED Board midblock btwn 30th & 31st",STOP_MOVED,2026-09-18T14:08:11.442565+00:00,2026-09-18T23:47:08.638662+00:00,9.649,False,2026-09-19T00:05:08.559191+00:00,1,34,MATCHED
2026-09-19T00:05:08.559191+00:00,SF_15386|5R|ALL|1,SF_15386,5R,,"5, 5R STOP TEMP. MOVED Board midblock btwn 30th & 29th","5, 5R STOP TEMP. MOVED Board midblock btwn 30th & 29th",STOP_MOVED,2026-09-18T14:08:11.442565+00:00,2026-09-18T23:47:08.638662+00:00,9.649,False,2026-09-19T00:05:08.559191+00:00,1,34,MATCHED
2026-09-19T00:05:08.559191+00:00,SF_15386|5|ALL|1,SF_15386,5,,"5, 5R STOP TEMP. MOVED Board midblock btwn 30th & 29th","5, 5R STOP TEMP. MOVED Board midblock btwn 30th & 29th",STOP_MOVED,2026-09-18T14:08:11.442565+00:00,2026-09-18T23:47:08.638662+00:00,9.649,False,2026-09-19T00:05:08.559191+00:00,1,34,MATCHED
2026-09-19T00:05:08.559191+00:00,SF_15621|19|ALL|1,SF_15621,19,,19 STOP TEMP. CLOSED Board at Connecticut/26th,19 STOP TEMP. CLOSED Board at Connecticut/26th,STOP_MOVED,2026-09-18T14:08:11.442565+00:00,2026-09-18T23:47:08.638662+00:00,9.649,False,2026-09-19T00:05:08.559191+00:00,1,34,MATCHED
2026-09-18T23:11:06.746917+00:00,SF_15659|31|ALL|1,SF_15659,31,,31 STOP TEMP. MOVED Board on the other side of Jones,31 STOP TEMP. MOVED Board on the other side of Jones,STOP_MOVED,2026-09-18T14:08:11.442565+00:00,2026-09-18T22:53:19.876896+00:00,8.752,False,2026-09-18T23:11:06.746917+00:00,1,31,MATCHED
2026-09-19T06:02:15.091480+00:00,SF_15679|PM|ALL|1,SF_15679,PM,,Cable Car STOP TEMP. MOVED Board: other side of Broadway,Cable Car STOP TEMP. MOVED Board: other side of Broadway,STOP_MOVED,2026-09-18T14:08:11.442565+00:00,2026-09-19T05:44:02.992239+00:00,15.598,False,2026-09-19T06:02:15.091480+00:00,1,54,MATCHED
2026-09-19T00:05:08.559191+00:00,SF_15796|9R|ALL|1,SF_15796,9R,,"9, 9R STOP TEMP. MOVED Board: Sunnydale/Desmond","9, 9R STOP TEMP. MOVED Board: Sunnydale/Desmond",STOP_MOVED,2026-09-18T14:08:11.442565+00:00,2026-09-18T23:47:08.638662+00:00,9.649,False,2026-09-19T00:05:08.559191+00:00,1,34,MATCHED
2026-09-19T00:05:08.559191+00:00,SF_15796|9|ALL|1,SF_15796,9,,"9, 9R STOP TEMP. MOVED Board: Sunnydale/Desmond","9, 9R STOP TEMP. MOVED Board: Sunnydale/Desmond",STOP_MOVED,2026-09-18T14:08:11.442565+00:00,2026-09-18T23:47:08.638662+00:00,9.649,False,2026-09-19T00:05:08.559191+00:00,1,34,MATCHED
2026-09-19T01:17:21.115855+00:00,SF_15447|27|ALL|1,SF_15447,27,,27 STOP TEMP. MOVED Board at Jackson btwn Hyde/Larkin,27 STOP TEMP. MOVED Board at Jackson btwn Hyde/Larkin,STOP_MOVED,2026-09-18T14:41:22.757929+00:00,2026-09-19T00:59:11.926781+00:00,10.297,False,2026-09-19T01:17:21.115855+00:00,1,36,MATCHED
2026-09-18T23:47:08.638662+00:00,SF_15667|12|ALL|1,SF_15667,12,,12 STOP TEMP. MOVED Board at Sansome/Commercial,12 STOP TEMP. MOVED Board at Sansome/Commercial,STOP_MOVED,2026-09-18T14:41:22.757929+00:00,2026-09-18T23:29:02.782775+00:00,8.794,False,2026-09-18T23:47:08.638662+00:00,1,31,MATCHED
2026-09-18T23:11:06.746917+00:00,SF_15575|22|ALL|1,SF_15575,22,,22 STOP TEMP. MOVED Board on other side of Mission,22 STOP TEMP. MOVED Board on other side of Mission,STOP_MOVED,2026-09-18T15:16:54.224496+00:00,2026-09-18T22:53:19.876896+00:00,7.607,False,2026-09-18T23:11:06.746917+00:00,1,27,MATCHED
2026-09-18T23:11:06.746917+00:00,SF_15577|33|ALL|1,SF_15577,33,,"33, 55 STOP TEMP. MOVED Board: 16th/Capp","33, 55 STOP TEMP. MOVED Board: 16th/Capp",STOP_MOVED,2026-09-18T15:16:54.224496+00:00,2026-09-18T22:53:19.876896+00:00,7.607,False,2026-09-18T23:11:06.746917+00:00,1,27,MATCHED
2026-09-18T23:11:06.746917+00:00,SF_15577|55|ALL|1,SF_15577,55,,"33, 55 STOP TEMP. MOVED Board: 16th/Capp","33, 55 STOP TEMP. MOVED Board: 16th/Capp",STOP_MOVED,2026-09-18T15:16:54.224496+00:00,2026-09-18T22:53:19.876896+00:00,7.607,False,2026-09-18T23:11:06.746917+00:00,1,27,MATCHED
2026-09-19T00:05:08.559191+00:00,SF_15661|43|ALL|1,SF_15661,43,,43 STOP TEMP. MOVED Board at Gennessee/Judson,43 STOP TEMP. MOVED Board at Gennessee/Judson,STOP_MOVED,2026-09-18T15:16:54.224496+00:00,2026-09-18T23:47:08.638662+00:00,8.504,False,2026-09-19T00:05:08.559191+00:00,1,30,MATCHED
2026-09-19T00:05:08.559191+00:00,SF_15740|35|ALL|1,SF_15740,35,,35 RRT STOP CLOSED Board: Along Douglass OR Eureka/21st,35 RRT STOP CLOSED Board: Along Douglass OR Eureka/21st,STOP_CLOSED,2026-09-18T15:16:54.224496+00:00,2026-09-18T23:47:08.638662+00:00,8.504,False,2026-09-19T00:05:08.559191+00:00,1,30,MATCHED
2026-09-18T23:11:06.746917+00:00,SF_15752|38R|ALL|1,SF_15752,38R,,"38, 38R STOP TEMP. MOVED Board at O'Farrell/Mason","38, 38R STOP TEMP. MOVED Board at O'Farrell/Mason",STOP_MOVED,2026-09-18T15:16:54.224496+00:00,2026-09-18T22:53:19.876896+00:00,7.607,False,2026-09-18T23:11:06.746917+00:00,1,27,MATCHED
2026-09-18T23:11:06.746917+00:00,SF_15752|38|ALL|1,SF_15752,38,,"38, 38R STOP TEMP. MOVED Board at O'Farrell/Mason","38, 38R STOP TEMP. MOVED Board at O'Farrell/Mason",STOP_MOVED,2026-09-18T15:16:54.224496+00:00,2026-09-18T22:53:19.876896+00:00,7.607,False,2026-09-18T23:11:06.746917+00:00,1,27,MATCHED
2026-09-18T23:11:06.746917+00:00,SF_15843|54|ALL|1,SF_15843,54,,54 STOP TEMP. MOVED Board at Revere btwn Ingalls & Jennings,54 STOP TEMP. MOVED Board at Revere btwn Ingalls & Jennings,STOP_MOVED,2026-09-18T15:16:54.224496+00:00,2026-09-18T22:53:19.876896+00:00,7.607,False,2026-09-18T23:11:06.746917+00:00,1,27,MATCHED
2026-09-18T23:11:06.746917+00:00,SF_15844|54|ALL|1,SF_15844,54,,54 STOP TEMP. MOVED Board midblock 3rd btwn Revere & Quesada,54 STOP TEMP. MOVED Board midblock 3rd btwn Revere & Quesada,STOP_MOVED,2026-09-18T15:16:54.224496+00:00,2026-09-18T22:53:19.876896+00:00,7.607,False,2026-09-18T23:11:06.746917+00:00,1,27,MATCHED
2026-09-18T18:08:22.520632+00:00,1173749683|15|ALL|1,1173749683,15,,Buses Rerouting Area of 3rd Between Harrison St and Folsom St,"SF Muni reports buses 8, 15, 30 and 45 rerouting in the area of 3rd Between Harrison St and Folsom St, due to fire department activity.",SERVICE_NOTICE,2026-09-18T17:17:18.770874+00:00,2026-09-18T17:53:04.736840+00:00,0.596,False,2026-09-18T18:08:22.520632+00:00,1,3,MATCHED
2026-09-18T18:08:22.520632+00:00,1173749683|30|ALL|1,1173749683,30,,Buses Rerouting Area of 3rd Between Harrison St and Folsom St,"SF Muni reports buses 8, 15, 30 and 45 rerouting in the area of 3rd Between Harrison St and Folsom St, due to fire department activity.",SERVICE_NOTICE,2026-09-18T17:17:18.770874+00:00,2026-09-18T17:53:04.736840+00:00,0.596,False,2026-09-18T18:08:22.520632+00:00,1,3,MATCHED
2026-09-18T18:08:22.520632+00:00,1173749683|45|ALL|1,1173749683,45,,Buses Rerouting Area of 3rd Between Harrison St and Folsom St,"SF Muni reports buses 8, 15, 30 and 45 rerouting in the area of 3rd Between Harrison St and Folsom St, due to fire department activity.",SERVICE_NOTICE,2026-09-18T17:17:18.770874+00:00,2026-09-18T17:53:04.736840+00:00,0.596,False,2026-09-18T18:08:22.520632+00:00,1,3,MATCHED
2026-09-18T18:08:22.520632+00:00,1173749683|8|ALL|1,1173749683,8,,Buses Rerouting Area of 3rd Between Harrison St and Folsom St,"SF Muni reports buses 8, 15, 30 and 45 rerouting in the area of 3rd Between Harrison St and Folsom St, due to fire department activity.",SERVICE_NOTICE,2026-09-18T17:17:18.770874+00:00,2026-09-18T17:53:04.736840+00:00,0.596,False,2026-09-18T18:08:22.520632+00:00,1,3,MATCHED
2026-09-18T18:08:22.520632+00:00,SF_15858|30|ALL|1,SF_15858,30,,RRT STOP CLOSED Board: 3rd/Bryant OR 3rd/Mission,RRT STOP CLOSED Board: 3rd/Bryant OR 3rd/Mission,STOP_CLOSED,2026-09-18T17:17:18.770874+00:00,2026-09-18T17:53:04.736840+00:00,0.596,False,2026-09-18T18:08:22.520632+00:00,1,3,MATCHED
2026-09-18T18:08:22.520632+00:00,SF_15858|45|ALL|1,SF_15858,45,,RRT STOP CLOSED Board: 3rd/Bryant OR 3rd/Mission,RRT STOP CLOSED Board: 3rd/Bryant OR 3rd/Mission,STOP_CLOSED,2026-09-18T17:17:18.770874+00:00,2026-09-18T17:53:04.736840+00:00,0.596,False,2026-09-18T18:08:22.520632+00:00,1,3,MATCHED
2026-09-18T18:08:22.520632+00:00,SF_15858|8|ALL|1,SF_15858,8,,RRT STOP CLOSED Board: 3rd/Bryant OR 3rd/Mission,RRT STOP CLOSED Board: 3rd/Bryant OR 3rd/Mission,STOP_CLOSED,2026-09-18T17:17:18.770874+00:00,2026-09-18T17:53:04.736840+00:00,0.596,False,2026-09-18T18:08:22.520632+00:00,1,3,MATCHED
2026-09-19T08:05:06.460417+00:00,SF_15753|33|ALL|1,SF_15753,33,,33 RRT STOP CLOSED Board: Church OR Diamond,33 RRT STOP CLOSED Board: Church OR Diamond,STOP_CLOSED,2026-09-18T18:08:22.520632+00:00,2026-09-19T07:49:57.791502+00:00,13.693,False,2026-09-19T08:05:06.460417+00:00,1,47,MATCHED
2026-09-19T08:05:06.460417+00:00,SF_15754|33|ALL|1,SF_15754,33,,33 RRT STOP CLOSED Board at Sanchez OR Hattie,33 RRT STOP CLOSED Board at Sanchez OR Hattie,STOP_CLOSED,2026-09-18T18:08:22.520632+00:00,2026-09-19T07:49:57.791502+00:00,13.693,False,2026-09-19T08:05:06.460417+00:00,1,47,MATCHED
2026-09-19T07:13:57.759258+00:00,SF_15779|49|ALL|1,SF_15779,49,,49 RRT STOP CLOSED Board at Persia/Mission,49 RRT STOP CLOSED Board at Persia/Mission,STOP_CLOSED,2026-09-18T18:41:24.057247+00:00,2026-09-19T06:56:10.207548+00:00,12.246,False,2026-09-19T07:13:57.759258+00:00,1,42,MATCHED
2026-09-19T07:13:57.759258+00:00,SF_15780|49|ALL|1,SF_15780,49,,49 RRT STOP CLOSED Board at Ocean/Mission,49 RRT STOP CLOSED Board at Ocean/Mission,STOP_CLOSED,2026-09-18T18:41:24.057247+00:00,2026-09-19T06:56:10.207548+00:00,12.246,False,2026-09-19T07:13:57.759258+00:00,1,42,MATCHED
2026-09-19T07:13:57.759258+00:00,SF_15860|33|ALL|1,SF_15860,33,,33 RRT STOP CLOSED Board: Hattie OR Church,33 RRT STOP CLOSED Board: Hattie OR Church,STOP_CLOSED,2026-09-18T20:11:28.743345+00:00,2026-09-19T06:56:10.207548+00:00,10.745,False,2026-09-19T07:13:57.759258+00:00,1,37,MATCHED
2026-09-18T21:41:20.647788+00:00,SF_15865|N|ALL|1,SF_15865,N,,OB #NJudah delayed at Carl & Stanyan due to a blockage.,OB #NJudah delayed at Carl & Stanyan due to a blockage.,DELAY,2026-09-18T21:23:15.035100+00:00,2026-09-18T21:23:15.035100+00:00,0.0,False,2026-09-18T21:41:20.647788+00:00,1,1,MATCHED
2026-09-19T00:23:10.323175+00:00,SF_15866|K|ALL|1,SF_15866,K,,Castro Street Elevator Out of Service,Castro Street Elevator Out of Service,SERVICE_NOTICE,2026-09-18T21:41:20.647788+00:00,2026-09-19T00:05:08.559191+00:00,2.397,False,2026-09-19T00:23:10.323175+00:00,1,9,MATCHED
2026-09-19T00:23:10.323175+00:00,SF_15866|L|ALL|1,SF_15866,L,,Castro Street Elevator Out of Service,Castro Street Elevator Out of Service,SERVICE_NOTICE,2026-09-18T21:41:20.647788+00:00,2026-09-19T00:05:08.559191+00:00,2.397,False,2026-09-19T00:23:10.323175+00:00,1,9,MATCHED
2026-09-19T00:23:10.323175+00:00,SF_15866|M|ALL|1,SF_15866,M,,Castro Street Elevator Out of Service,Castro Street Elevator Out of Service,SERVICE_NOTICE,2026-09-18T21:41:20.647788+00:00,2026-09-19T00:05:08.559191+00:00,2.397,False,2026-09-19T00:23:10.323175+00:00,1,9,MATCHED
2026-09-19T04:17:17.733270+00:00,1173889209|NETWORK_WIDE|ALL|1,1173889209,,,Powell/Mason and Powell/Hyde Cable Cars Will Switchback at Washington/Powell,SF Muni reports Powell/Mason and Powell/Hyde cable cars will switchback at Washington/Powell for the rest of the night while the Powell/Market turntable is inspected and repaired.,SERVICE_NOTICE,2026-09-18T22:35:22.267196+00:00,2026-09-19T03:59:10.473034+00:00,5.397,False,2026-09-19T04:17:17.733270+00:00,1,19,NETWORK_WIDE
2026-09-19T05:08:37.234206+00:00,SF_14215|6|ALL|1,SF_14215,6,,"6 RRT STOP CLOSED Board at Van Ness, Webster or on Grove","6 RRT STOP CLOSED Board at Van Ness, Webster or on Grove",STOP_CLOSED,2026-09-18T23:11:06.746917+00:00,2026-09-19T04:53:06.284014+00:00,5.7,False,2026-09-19T05:08:37.234206+00:00,1,20,MATCHED
2026-09-18T23:47:08.638662+00:00,SF_15867|T|ALL|1,SF_15867,T,,SB #TThird delayed at 3rd & Cesar Chavez due to a stalled train.,SB #TThird delayed at 3rd & Cesar Chavez due to a stalled train.,DELAY,2026-09-18T23:29:02.782775+00:00,2026-09-18T23:29:02.782775+00:00,0.0,False,2026-09-18T23:47:08.638662+00:00,1,1,MATCHED
2026-09-19T00:59:11.926781+00:00,SF_15869|J|ALL|1,SF_15869,J,,Civic Center Platform Elevator Out of Service,Civic Center Platform Elevator Out of Service,SERVICE_NOTICE,2026-09-19T00:23:10.323175+00:00,2026-09-19T00:41:18.955900+00:00,0.302,False,2026-09-19T00:59:11.926781+00:00,1,2,MATCHED
2026-09-19T00:59:11.926781+00:00,SF_15869|K|ALL|1,SF_15869,K,,Civic Center Platform Elevator Out of Service,Civic Center Platform Elevator Out of Service,SERVICE_NOTICE,2026-09-19T00:23:10.323175+00:00,2026-09-19T00:41:18.955900+00:00,0.302,False,2026-09-19T00:59:11.926781+00:00,1,2,MATCHED
2026-09-19T00:59:11.926781+00:00,SF_15869|L|ALL|1,SF_15869,L,,Civic Center Platform Elevator Out of Service,Civic Center Platform Elevator Out of Service,SERVICE_NOTICE,2026-09-19T00:23:10.323175+00:00,2026-09-19T00:41:18.955900+00:00,0.302,False,2026-09-19T00:59:11.926781+00:00,1,2,MATCHED
2026-09-19T00:59:11.926781+00:00,SF_15869|M|ALL|1,SF_15869,M,,Civic Center Platform Elevator Out of Service,Civic Center Platform Elevator Out of Service,SERVICE_NOTICE,2026-09-19T00:23:10.323175+00:00,2026-09-19T00:41:18.955900+00:00,0.302,False,2026-09-19T00:59:11.926781+00:00,1,2,MATCHED
2026-09-19T00:59:11.926781+00:00,SF_15869|N|ALL|1,SF_15869,N,,Civic Center Platform Elevator Out of Service,Civic Center Platform Elevator Out of Service,SERVICE_NOTICE,2026-09-19T00:23:10.323175+00:00,2026-09-19T00:41:18.955900+00:00,0.302,False,2026-09-19T00:59:11.926781+00:00,1,2,MATCHED
2026-09-19T07:13:57.759258+00:00,SF_15871|29|ALL|1,SF_15871,29,,IB 29 rerouting via Hawes-Gilman due to double parked cars blocking near Gilman Park.,IB 29 rerouting via Hawes-Gilman due to double parked cars blocking near Gilman Park.,SERVICE_NOTICE,2026-09-19T02:29:05.629827+00:00,2026-09-19T06:56:10.207548+00:00,4.451,False,2026-09-19T07:13:57.759258+00:00,1,16,MATCHED
2026-09-19T12:11:05.265796+00:00,SF_15758|9|ALL|1,SF_15758,9,,9 RRT STOP CLOSED Board: Potrero & 16th OR 11th & Bryant,9 RRT STOP CLOSED Board: Potrero & 16th OR 11th & Bryant,STOP_CLOSED,2026-09-19T06:02:15.091480+00:00,2026-09-19T11:53:02.612210+00:00,5.847,False,2026-09-19T12:11:05.265796+00:00,1,21,MATCHED
2026-09-20T07:02:04.575569+00:00,SF_15549|28|ALL|2,SF_15549,28,,28 STOP TEMP. MOVED Board at North Point/Taylor,28 STOP TEMP. MOVED Board at North Point/Taylor,STOP_MOVED,2026-09-19T12:11:05.265796+00:00,2026-09-20T06:44:13.361765+00:00,18.552,False,2026-09-20T07:02:04.575569+00:00,2,30,MATCHED
2026-09-20T07:02:04.575569+00:00,SF_15550|28|ALL|2,SF_15550,28,,28 STOP TEMP. MOVED Board on other side of Jones,28 STOP TEMP. MOVED Board on other side of Jones,STOP_MOVED,2026-09-19T12:11:05.265796+00:00,2026-09-20T06:44:13.361765+00:00,18.552,False,2026-09-20T07:02:04.575569+00:00,2,30,MATCHED
2026-09-20T05:07:39.128522+00:00,SF_15655|19|ALL|2,SF_15655,19,,19 RRT STOP CLOSED Board at 26th/De Haro,19 RRT STOP CLOSED Board at 26th/De Haro,STOP_CLOSED,2026-09-19T12:11:05.265796+00:00,2026-09-20T01:29:58.137583+00:00,13.315,False,2026-09-20T05:07:39.128522+00:00,2,28,MATCHED
2026-09-20T05:07:39.128522+00:00,SF_15656|19|ALL|2,SF_15656,19,,19 RRT STOP CLOSED Board at Connecticut/26th,19 RRT STOP CLOSED Board at Connecticut/26th,STOP_CLOSED,2026-09-19T12:11:05.265796+00:00,2026-09-20T01:29:58.137583+00:00,13.315,False,2026-09-20T05:07:39.128522+00:00,2,28,MATCHED
2026-09-20T05:07:39.128522+00:00,SF_15657|19|ALL|2,SF_15657,19,,19 RRT STOP CLOSED Board: 25th/Connecticut (NE corner),19 RRT STOP CLOSED Board: 25th/Connecticut (NE corner),STOP_CLOSED,2026-09-19T12:11:05.265796+00:00,2026-09-20T01:29:58.137583+00:00,13.315,False,2026-09-20T05:07:39.128522+00:00,2,28,MATCHED
2026-09-20T05:07:39.128522+00:00,SF_15658|19|ALL|2,SF_15658,19,,19 RRT STOP CLOSED Board: Evans/Cesar Chavez,19 RRT STOP CLOSED Board: Evans/Cesar Chavez,STOP_CLOSED,2026-09-19T12:11:05.265796+00:00,2026-09-20T01:29:58.137583+00:00,13.315,False,2026-09-20T05:07:39.128522+00:00,2,28,MATCHED
2026-09-20T05:07:39.128522+00:00,SF_13205|2|ALL|2,SF_13205,2,,2 STOP TEMP. MOVED Board at Hyde OR Polk,2 STOP TEMP. MOVED Board at Hyde OR Polk,STOP_MOVED,2026-09-19T13:01:58.823977+00:00,2026-09-20T01:29:58.137583+00:00,12.466,False,2026-09-20T05:07:39.128522+00:00,2,25,MATCHED
2026-09-20T06:44:13.361765+00:00,SF_15519|12|ALL|2,SF_15519,12,,12 STOP TEMP. MOVED Board at Folsom & Mabini,12 STOP TEMP. MOVED Board at Folsom & Mabini,STOP_MOVED,2026-09-19T13:01:58.823977+00:00,2026-09-20T05:07:39.128522+00:00,16.095,False,2026-09-20T06:44:13.361765+00:00,2,26,MATCHED
2026-09-20T05:07:39.128522+00:00,SF_15520|12|ALL|2,SF_15520,12,,12 STOP TEMP. MOVED Board at Folsom/2nd OR Folsom/4th,12 STOP TEMP. MOVED Board at Folsom/2nd OR Folsom/4th,STOP_MOVED,2026-09-19T13:01:58.823977+00:00,2026-09-20T01:29:58.137583+00:00,12.466,False,2026-09-20T05:07:39.128522+00:00,2,25,MATCHED
2026-09-19T17:08:15.017102+00:00,SF_15787|27|ALL|1,SF_15787,27,,27 RRT STOP CLOSED Board at 24th/Mission (NW corner),27 RRT STOP CLOSED Board at 24th/Mission (NW corner),STOP_CLOSED,2026-09-19T13:01:58.823977+00:00,2026-09-19T16:50:13.049398+00:00,3.804,False,2026-09-19T17:08:15.017102+00:00,1,14,MATCHED
2026-09-20T05:07:39.128522+00:00,SF_15831|67|ALL|1,SF_15831,67,,67 RRT STOP CLOSED Board: Cesar Chavez/Mission (west side of Mission),67 RRT STOP CLOSED Board: Cesar Chavez/Mission (west side of Mission),STOP_CLOSED,2026-09-19T13:01:58.823977+00:00,2026-09-20T01:29:58.137583+00:00,12.466,False,2026-09-20T05:07:39.128522+00:00,1,25,MATCHED
2026-09-20T05:07:39.128522+00:00,SF_15797|2|ALL|1,SF_15797,2,,2 RRT STOP CLOSED Board OB @ Main/Howard (12 Route stop),2 RRT STOP CLOSED Board OB @ Main/Howard (12 Route stop),STOP_CLOSED,2026-09-19T13:35:05.261254+00:00,2026-09-20T01:29:58.137583+00:00,11.915,False,2026-09-20T05:07:39.128522+00:00,1,23,MATCHED
2026-09-20T05:07:39.128522+00:00,SF_14214|6|ALL|1,SF_14214,6,,"6 RRT STOP CLOSED Board at Van Ness, Webster or on Grove","6 RRT STOP CLOSED Board at Van Ness, Webster or on Grove",STOP_CLOSED,2026-09-19T14:11:17.309867+00:00,2026-09-20T01:29:58.137583+00:00,11.311,False,2026-09-20T05:07:39.128522+00:00,1,21,MATCHED
2026-09-20T06:44:13.361765+00:00,SF_15679|PM|ALL|2,SF_15679,PM,,Cable Car STOP TEMP. MOVED Board: other side of Broadway,Cable Car STOP TEMP. MOVED Board: other side of Broadway,STOP_MOVED,2026-09-19T14:11:17.309867+00:00,2026-09-20T05:07:39.128522+00:00,14.939,False,2026-09-20T06:44:13.361765+00:00,2,22,MATCHED
2026-09-20T01:29:58.137583+00:00,SF_15447|27|ALL|2,SF_15447,27,,27 STOP TEMP. MOVED Board at Jackson btwn Hyde/Larkin,27 STOP TEMP. MOVED Board at Jackson btwn Hyde/Larkin,STOP_MOVED,2026-09-19T14:47:00.854779+00:00,2026-09-20T00:35:53.969675+00:00,9.815,False,2026-09-20T01:29:58.137583+00:00,2,18,MATCHED
2026-09-20T00:35:53.969675+00:00,SF_15667|12|ALL|2,SF_15667,12,,12 STOP TEMP. MOVED Board at Sansome/Commercial,12 STOP TEMP. MOVED Board at Sansome/Commercial,STOP_MOVED,2026-09-19T14:47:00.854779+00:00,2026-09-19T23:27:43.684996+00:00,8.679,False,2026-09-20T00:35:53.969675+00:00,2,17,MATCHED
2026-09-20T01:29:58.137583+00:00,SF_15822|9|ALL|1,SF_15822,9,,9 STOP TEMP. MOVED Board 200 ft south midblock btwn August/Silver,9 STOP TEMP. MOVED Board 200 ft south midblock btwn August/Silver,STOP_MOVED,2026-09-19T15:02:06.215170+00:00,2026-09-20T00:35:53.969675+00:00,9.563,False,2026-09-20T01:29:58.137583+00:00,1,17,MATCHED
2026-09-20T01:29:58.137583+00:00,SF_15837|9|ALL|1,SF_15837,9,,9 STOP TEMP. MOVED Board at Bayshore/Augusta,9 STOP TEMP. MOVED Board at Bayshore/Augusta,STOP_MOVED,2026-09-19T15:02:06.215170+00:00,2026-09-20T00:35:53.969675+00:00,9.563,False,2026-09-20T01:29:58.137583+00:00,1,17,MATCHED
2026-09-19T18:02:22.458917+00:00,1174305272|NETWORK_WIDE|ALL|1,1174305272,,,SF Muni Outbound F-Market Streetcars Switching Back at Pier 39,"As of 10:04 AM, SF Muni reports outbound F-Market streetcars remain switching back at Pier 39, due to a non-Muni collision.",SERVICE_NOTICE,2026-09-19T16:14:18.485711+00:00,2026-09-19T17:44:05.902499+00:00,1.497,False,2026-09-19T18:02:22.458917+00:00,1,6,NETWORK_WIDE
2026-09-20T05:07:39.128522+00:00,SF_15784|14|ALL|1,SF_15784,14,,"14, 49 RRT STOP CLOSED Board: Powers, 16th, OR along S. Van Ness","14, 49 RRT STOP CLOSED Board: Powers, 16th, OR along S. Van Ness",STOP_CLOSED,2026-09-19T17:08:15.017102+00:00,2026-09-20T01:29:58.137583+00:00,8.362,False,2026-09-20T05:07:39.128522+00:00,1,11,MATCHED
2026-09-20T05:07:39.128522+00:00,SF_15784|49|ALL|1,SF_15784,49,,"14, 49 RRT STOP CLOSED Board: Powers, 16th, OR along S. Van Ness","14, 49 RRT STOP CLOSED Board: Powers, 16th, OR along S. Van Ness",STOP_CLOSED,2026-09-19T17:08:15.017102+00:00,2026-09-20T01:29:58.137583+00:00,8.362,False,2026-09-20T05:07:39.128522+00:00,1,11,MATCHED
2026-09-20T05:07:39.128522+00:00,SF_15785|14|ALL|1,SF_15785,14,,"14, 49 RRT STOP CLOSED Board: 16th, Valencia OR along S. Van Ness","14, 49 RRT STOP CLOSED Board: 16th, Valencia OR along S. Van Ness",STOP_CLOSED,2026-09-19T17:08:15.017102+00:00,2026-09-20T01:29:58.137583+00:00,8.362,False,2026-09-20T05:07:39.128522+00:00,1,11,MATCHED
2026-09-20T05:07:39.128522+00:00,SF_15785|49|ALL|1,SF_15785,49,,"14, 49 RRT STOP CLOSED Board: 16th, Valencia OR along S. Van Ness","14, 49 RRT STOP CLOSED Board: 16th, Valencia OR along S. Van Ness",STOP_CLOSED,2026-09-19T17:08:15.017102+00:00,2026-09-20T01:29:58.137583+00:00,8.362,False,2026-09-20T05:07:39.128522+00:00,1,11,MATCHED
2026-09-20T05:07:39.128522+00:00,SF_15786|14R|ALL|1,SF_15786,14R,,14R RRT STOP CLOSED Board: Mission/16th OR /30th,14R RRT STOP CLOSED Board: Mission/16th OR /30th,STOP_CLOSED,2026-09-19T17:08:15.017102+00:00,2026-09-20T01:29:58.137583+00:00,8.362,False,2026-09-20T05:07:39.128522+00:00,1,11,MATCHED
2026-09-20T05:07:39.128522+00:00,SF_15788|27|ALL|1,SF_15788,27,,27 RRT STOP CLOSED Board: Cesar Chavez/Mission,27 RRT STOP CLOSED Board: Cesar Chavez/Mission,STOP_CLOSED,2026-09-19T17:08:15.017102+00:00,2026-09-20T01:29:58.137583+00:00,8.362,False,2026-09-20T05:07:39.128522+00:00,1,11,MATCHED
2026-09-20T05:07:39.128522+00:00,SF_15789|33|ALL|1,SF_15789,33,,"33 RRT STOP CLOSED Board: 16th/Folsom, /Mission, /Val. OR 18th/Dolores","33 RRT STOP CLOSED Board: 16th/Folsom, /Mission, /Val. OR 18th/Dolores",STOP_CLOSED,2026-09-19T17:08:15.017102+00:00,2026-09-20T01:29:58.137583+00:00,8.362,False,2026-09-20T05:07:39.128522+00:00,1,11,MATCHED
2026-09-20T05:07:39.128522+00:00,SF_15790|33|ALL|1,SF_15790,33,,"33 RRT STOP CLOSED Board: 18th/Dolores, 16th/Valencia, OR /Mission","33 RRT STOP CLOSED Board: 18th/Dolores, 16th/Valencia, OR /Mission",STOP_CLOSED,2026-09-19T17:08:15.017102+00:00,2026-09-20T01:29:58.137583+00:00,8.362,False,2026-09-20T05:07:39.128522+00:00,1,11,MATCHED
2026-09-20T05:07:39.128522+00:00,SF_15792|48|ALL|1,SF_15792,48,,48 RRT STOP CLOSED Board: 24th/S. Van Ness OR 24th/Guerrero,48 RRT STOP CLOSED Board: 24th/S. Van Ness OR 24th/Guerrero,STOP_CLOSED,2026-09-19T17:08:15.017102+00:00,2026-09-20T01:29:58.137583+00:00,8.362,False,2026-09-20T05:07:39.128522+00:00,1,11,MATCHED
2026-09-20T05:07:39.128522+00:00,SF_15814|48|ALL|1,SF_15814,48,,48 RRT STOP CLOSED Board: 24th/Guerrero OR S. Van Ness/24th,48 RRT STOP CLOSED Board: 24th/Guerrero OR S. Van Ness/24th,STOP_CLOSED,2026-09-19T17:08:15.017102+00:00,2026-09-20T01:29:58.137583+00:00,8.362,False,2026-09-20T05:07:39.128522+00:00,1,11,MATCHED
2026-09-19T21:30:16.831246+00:00,SF_15873|F|ALL|1,SF_15873,F,,OB F delayed at Beach & Powell due to a non-Muni collision. Streetcars switching back at Pier 39.,OB F delayed at Beach & Powell due to a non-Muni collision. Streetcars switching back at Pier 39.,DELAY,2026-09-19T17:44:05.902499+00:00,2026-09-19T19:17:03.175490+00:00,1.549,False,2026-09-19T21:30:16.831246+00:00,1,5,MATCHED
2026-09-20T07:02:04.575569+00:00,SF_15753|33|ALL|2,SF_15753,33,,33 RRT STOP CLOSED Board: Church OR Diamond,33 RRT STOP CLOSED Board: Church OR Diamond,STOP_CLOSED,2026-09-19T18:02:22.458917+00:00,2026-09-20T06:44:13.361765+00:00,12.697,False,2026-09-20T07:02:04.575569+00:00,2,10,MATCHED
2026-09-19T23:27:43.684996+00:00,1174446697|NETWORK_WIDE|ALL|1,1174446697,,,Powell-Mason Cable Car Line Not Running,"SF Muni reports Powell-Mason Cable Car Line not running, due to mechanical problems.",SERVICE_NOTICE,2026-09-19T21:30:16.831246+00:00,2026-09-19T21:30:16.831246+00:00,0.0,False,2026-09-19T23:27:43.684996+00:00,1,1,NETWORK_WIDE
2026-09-20T12:05:11.217781+00:00,SF_15758|9|ALL|2,SF_15758,9,,9 RRT STOP CLOSED Board: Potrero & 16th OR 11th & Bryant,9 RRT STOP CLOSED Board: Potrero & 16th OR 11th & Bryant,STOP_CLOSED,2026-09-20T06:44:13.361765+00:00,2026-09-20T11:50:03.951743+00:00,5.097,False,2026-09-20T12:05:11.217781+00:00,2,19,MATCHED
2026-09-21T06:13:10.560488+00:00,SF_15767|7|ALL|1,SF_15767,7,,7 RRT STOP CLOSED Board: Haight/Baker OR Frederick/Stanyan,7 RRT STOP CLOSED Board: Haight/Baker OR Frederick/Stanyan,STOP_CLOSED,2026-09-20T11:50:03.951743+00:00,2026-09-21T02:14:10.410779+00:00,14.402,False,2026-09-21T06:13:10.560488+00:00,1,32,MATCHED
2026-09-21T06:13:10.560488+00:00,SF_15770|33|ALL|1,SF_15770,33,,33 RRT STOP CLOSED Board: Stanyan/Hayes OR Ashbury/Frederick,33 RRT STOP CLOSED Board: Stanyan/Hayes OR Ashbury/Frederick,STOP_CLOSED,2026-09-20T11:50:03.951743+00:00,2026-09-21T02:14:10.410779+00:00,14.402,False,2026-09-21T06:13:10.560488+00:00,1,32,MATCHED
2026-09-21T06:13:10.560488+00:00,SF_15771|37|ALL|1,SF_15771,37,,37 RRT STOP CLOSED Board: Masonic/Haight OR Cole/Waller,37 RRT STOP CLOSED Board: Masonic/Haight OR Cole/Waller,STOP_CLOSED,2026-09-20T11:50:03.951743+00:00,2026-09-21T02:14:10.410779+00:00,14.402,False,2026-09-21T06:13:10.560488+00:00,1,32,MATCHED
2026-09-21T06:13:10.560488+00:00,SF_15772|37|ALL|1,SF_15772,37,,37 RRT STOP CLOSED Board: Carl/Cole OR Masonic/Haight,37 RRT STOP CLOSED Board: Carl/Cole OR Masonic/Haight,STOP_CLOSED,2026-09-20T11:50:03.951743+00:00,2026-09-21T02:14:10.410779+00:00,14.402,False,2026-09-21T06:13:10.560488+00:00,1,32,MATCHED
2026-09-21T06:13:10.560488+00:00,SF_15773|43|ALL|1,SF_15773,43,,43 RRT STOP CLOSED Board: Cole/Waller OR Masonic/Haight,43 RRT STOP CLOSED Board: Cole/Waller OR Masonic/Haight,STOP_CLOSED,2026-09-20T11:50:03.951743+00:00,2026-09-21T02:14:10.410779+00:00,14.402,False,2026-09-21T06:13:10.560488+00:00,1,32,MATCHED
2026-09-21T06:13:10.560488+00:00,SF_15774|43|ALL|1,SF_15774,43,,43 RRT STOP CLOSED Board: Masonic/Haight OR Cole/Carl,43 RRT STOP CLOSED Board: Masonic/Haight OR Cole/Carl,STOP_CLOSED,2026-09-20T11:50:03.951743+00:00,2026-09-21T02:14:10.410779+00:00,14.402,False,2026-09-21T06:13:10.560488+00:00,1,32,MATCHED
2026-09-21T06:13:10.560488+00:00,SF_15781|7|ALL|1,SF_15781,7,,7 RRT STOP CLOSED Board: Stanyan/Frederick OR Haight/Masonic,7 RRT STOP CLOSED Board: Stanyan/Frederick OR Haight/Masonic,STOP_CLOSED,2026-09-20T11:50:03.951743+00:00,2026-09-21T02:14:10.410779+00:00,14.402,False,2026-09-21T06:13:10.560488+00:00,1,32,MATCHED
2026-09-21T06:13:10.560488+00:00,SF_15782|33|ALL|1,SF_15782,33,,33 RRT STOP CLOSED Board: Ashbury/Frederick OR Stanyan/Oak,33 RRT STOP CLOSED Board: Ashbury/Frederick OR Stanyan/Oak,STOP_CLOSED,2026-09-20T11:50:03.951743+00:00,2026-09-21T02:14:10.410779+00:00,14.402,False,2026-09-21T06:13:10.560488+00:00,1,32,MATCHED
2026-09-21T07:02:11.263381+00:00,SF_15549|28|ALL|3,SF_15549,28,,28 STOP TEMP. MOVED Board at North Point/Taylor,28 STOP TEMP. MOVED Board at North Point/Taylor,STOP_MOVED,2026-09-20T12:05:11.217781+00:00,2026-09-21T06:47:04.795356+00:00,18.698,False,2026-09-21T07:02:11.263381+00:00,3,34,MATCHED
2026-09-21T07:02:11.263381+00:00,SF_15550|28|ALL|3,SF_15550,28,,28 STOP TEMP. MOVED Board on other side of Jones,28 STOP TEMP. MOVED Board on other side of Jones,STOP_MOVED,2026-09-20T12:05:11.217781+00:00,2026-09-21T06:47:04.795356+00:00,18.698,False,2026-09-21T07:02:11.263381+00:00,3,34,MATCHED
2026-09-21T06:13:10.560488+00:00,SF_15655|19|ALL|3,SF_15655,19,,19 RRT STOP CLOSED Board at 26th/De Haro,19 RRT STOP CLOSED Board at 26th/De Haro,STOP_CLOSED,2026-09-20T12:05:11.217781+00:00,2026-09-21T02:14:10.410779+00:00,14.15,False,2026-09-21T06:13:10.560488+00:00,3,31,MATCHED
2026-09-21T06:13:10.560488+00:00,SF_15656|19|ALL|3,SF_15656,19,,19 RRT STOP CLOSED Board at Connecticut/26th,19 RRT STOP CLOSED Board at Connecticut/26th,STOP_CLOSED,2026-09-20T12:05:11.217781+00:00,2026-09-21T02:14:10.410779+00:00,14.15,False,2026-09-21T06:13:10.560488+00:00,3,31,MATCHED
2026-09-21T06:13:10.560488+00:00,SF_15657|19|ALL|3,SF_15657,19,,19 RRT STOP CLOSED Board: 25th/Connecticut (NE corner),19 RRT STOP CLOSED Board: 25th/Connecticut (NE corner),STOP_CLOSED,2026-09-20T12:05:11.217781+00:00,2026-09-21T02:14:10.410779+00:00,14.15,False,2026-09-21T06:13:10.560488+00:00,3,31,MATCHED
2026-09-21T06:13:10.560488+00:00,SF_15658|19|ALL|3,SF_15658,19,,19 RRT STOP CLOSED Board: Evans/Cesar Chavez,19 RRT STOP CLOSED Board: Evans/Cesar Chavez,STOP_CLOSED,2026-09-20T12:05:11.217781+00:00,2026-09-21T02:14:10.410779+00:00,14.15,False,2026-09-21T06:13:10.560488+00:00,3,31,MATCHED
2026-09-21T02:14:10.410779+00:00,SF_15783|24|ALL|1,SF_15783,24,,24 RRT STOP CLOSED Board: Folsom/Cortland OR Mission/Cortland,24 RRT STOP CLOSED Board: Folsom/Cortland OR Mission/Cortland,STOP_CLOSED,2026-09-20T12:41:10.766003+00:00,2026-09-21T01:02:34.861373+00:00,12.357,False,2026-09-21T02:14:10.410779+00:00,1,28,MATCHED
2026-09-21T06:13:10.560488+00:00,SF_13205|2|ALL|3,SF_13205,2,,2 STOP TEMP. MOVED Board at Hyde OR Polk,2 STOP TEMP. MOVED Board at Hyde OR Polk,STOP_MOVED,2026-09-20T13:17:07.270004+00:00,2026-09-21T02:14:10.410779+00:00,12.951,False,2026-09-21T06:13:10.560488+00:00,3,27,MATCHED
2026-09-21T06:13:10.560488+00:00,SF_15519|12|ALL|3,SF_15519,12,,12 STOP TEMP. MOVED Board at Folsom & Mabini,12 STOP TEMP. MOVED Board at Folsom & Mabini,STOP_MOVED,2026-09-20T13:17:07.270004+00:00,2026-09-21T02:14:10.410779+00:00,12.951,False,2026-09-21T06:13:10.560488+00:00,3,27,MATCHED
2026-09-21T06:13:10.560488+00:00,SF_15520|12|ALL|3,SF_15520,12,,12 STOP TEMP. MOVED Board at Folsom/2nd OR Folsom/4th,12 STOP TEMP. MOVED Board at Folsom/2nd OR Folsom/4th,STOP_MOVED,2026-09-20T13:17:07.270004+00:00,2026-09-21T02:14:10.410779+00:00,12.951,False,2026-09-21T06:13:10.560488+00:00,3,27,MATCHED
2026-09-21T02:14:10.410779+00:00,SF_15797|2|ALL|2,SF_15797,2,,2 RRT STOP CLOSED Board OB @ Main/Howard (12 Route stop),2 RRT STOP CLOSED Board OB @ Main/Howard (12 Route stop),STOP_CLOSED,2026-09-20T13:35:04.919203+00:00,2026-09-21T01:02:34.861373+00:00,11.458,False,2026-09-21T02:14:10.410779+00:00,2,25,MATCHED
2026-09-21T06:13:10.560488+00:00,SF_15679|PM|ALL|3,SF_15679,PM,,Cable Car STOP TEMP. MOVED Board: other side of Broadway,Cable Car STOP TEMP. MOVED Board: other side of Broadway,STOP_MOVED,2026-09-20T14:11:15.883481+00:00,2026-09-21T02:14:10.410779+00:00,12.048,False,2026-09-21T06:13:10.560488+00:00,3,24,MATCHED
2026-09-20T23:42:17.522709+00:00,SF_15667|12|ALL|3,SF_15667,12,,12 STOP TEMP. MOVED Board at Sansome/Commercial,12 STOP TEMP. MOVED Board at Sansome/Commercial,STOP_MOVED,2026-09-20T14:47:46.836289+00:00,2026-09-20T23:04:18.582510+00:00,8.275,False,2026-09-20T23:42:17.522709+00:00,3,19,MATCHED
2026-09-21T01:02:34.861373+00:00,SF_15822|9|ALL|2,SF_15822,9,,9 STOP TEMP. MOVED Board 200 ft south midblock btwn August/Silver,9 STOP TEMP. MOVED Board 200 ft south midblock btwn August/Silver,STOP_MOVED,2026-09-20T15:05:12.902071+00:00,2026-09-20T23:42:17.522709+00:00,8.618,False,2026-09-21T01:02:34.861373+00:00,2,19,MATCHED
2026-09-21T01:02:34.861373+00:00,SF_15837|9|ALL|2,SF_15837,9,,9 STOP TEMP. MOVED Board at Bayshore/Augusta,9 STOP TEMP. MOVED Board at Bayshore/Augusta,STOP_MOVED,2026-09-20T15:05:12.902071+00:00,2026-09-20T23:42:17.522709+00:00,8.618,False,2026-09-21T01:02:34.861373+00:00,2,19,MATCHED
2026-09-21T07:02:11.263381+00:00,SF_15890|35|ALL|1,SF_15890,35,,The 35 is currently down to one bus in svc due to a flat tire on the other bus.,The 35 is currently down to one bus in svc due to a flat tire on the other bus.,SERVICE_NOTICE,2026-09-20T19:17:11.834537+00:00,2026-09-21T06:47:04.795356+00:00,11.498,False,2026-09-21T07:02:11.263381+00:00,1,10,MATCHED
2026-09-21T01:02:34.861373+00:00,SF_15892|22|ALL|1,SF_15892,22,,OB 22 rerouting at 16th & Mississippi due to #SFPD activity.,OB 22 rerouting at 16th & Mississippi due to #SFPD activity.,SERVICE_NOTICE,2026-09-20T23:04:18.582510+00:00,2026-09-20T23:42:17.522709+00:00,0.633,False,2026-09-21T01:02:34.861373+00:00,1,2,MATCHED
2026-09-21T12:11:22.640517+00:00,SF_15758|9|ALL|3,SF_15758,9,,9 RRT STOP CLOSED Board: Potrero & 16th OR 11th & Bryant,9 RRT STOP CLOSED Board: Potrero & 16th OR 11th & Bryant,STOP_CLOSED,2026-09-21T06:13:10.560488+00:00,2026-09-21T11:56:14.004849+00:00,5.718,False,2026-09-21T12:11:22.640517+00:00,3,21,MATCHED
2026-10-03T07:00:09.132045+00:00,SF_15859|30X|ALL|1,SF_15859,30X,,STOP TEMP. MOVED Board on other side of Mission,STOP TEMP. MOVED Board on other side of Mission,STOP_MOVED,2026-09-21T07:02:11.263381+00:00,2026-10-03T06:41:59.276704+00:00,287.663,False,2026-10-03T07:00:09.132045+00:00,1,802,MATCHED
2026-10-03T07:00:09.132045+00:00,SF_15859|38R|ALL|1,SF_15859,38R,,STOP TEMP. MOVED Board on other side of Mission,STOP TEMP. MOVED Board on other side of Mission,STOP_MOVED,2026-09-21T07:02:11.263381+00:00,2026-10-03T06:41:59.276704+00:00,287.663,False,2026-10-03T07:00:09.132045+00:00,1,802,MATCHED
2026-10-03T07:00:09.132045+00:00,SF_15859|38|ALL|1,SF_15859,38,,STOP TEMP. MOVED Board on other side of Mission,STOP TEMP. MOVED Board on other side of Mission,STOP_MOVED,2026-09-21T07:02:11.263381+00:00,2026-10-03T06:41:59.276704+00:00,287.663,False,2026-10-03T07:00:09.132045+00:00,1,802,MATCHED
2026-10-03T07:00:09.132045+00:00,SF_15859|5R|ALL|1,SF_15859,5R,,STOP TEMP. MOVED Board on other side of Mission,STOP TEMP. MOVED Board on other side of Mission,STOP_MOVED,2026-09-21T07:02:11.263381+00:00,2026-10-03T06:41:59.276704+00:00,287.663,False,2026-10-03T07:00:09.132045+00:00,1,802,MATCHED
2026-10-03T07:00:09.132045+00:00,SF_15859|5|ALL|1,SF_15859,5,,STOP TEMP. MOVED Board on other side of Mission,STOP TEMP. MOVED Board on other side of Mission,STOP_MOVED,2026-09-21T07:02:11.263381+00:00,2026-10-03T06:41:59.276704+00:00,287.663,False,2026-10-03T07:00:09.132045+00:00,1,802,MATCHED
2026-10-03T07:00:09.132045+00:00,SF_15859|7|ALL|1,SF_15859,7,,STOP TEMP. MOVED Board on other side of Mission,STOP TEMP. MOVED Board on other side of Mission,STOP_MOVED,2026-09-21T07:02:11.263381+00:00,2026-10-03T06:41:59.276704+00:00,287.663,False,2026-10-03T07:00:09.132045+00:00,1,802,MATCHED
2026-09-26T07:14:58.606541+00:00,SF_15874|9|ALL|1,SF_15874,9,,9 STOP TEMP. MOVED Board: 11th/Minna,9 STOP TEMP. MOVED Board: 11th/Minna,STOP_MOVED,2026-09-21T07:02:11.263381+00:00,2026-09-26T06:57:08.562282+00:00,119.916,False,2026-09-26T07:14:58.606541+00:00,1,362,MATCHED
2026-09-22T07:17:01.402185+00:00,SF_15549|28|ALL|4,SF_15549,28,,28 STOP TEMP. MOVED Board at North Point/Taylor,28 STOP TEMP. MOVED Board at North Point/Taylor,STOP_MOVED,2026-09-21T12:11:22.640517+00:00,2026-09-22T06:58:58.958994+00:00,18.793,False,2026-09-22T07:17:01.402185+00:00,4,55,MATCHED
2026-09-22T07:17:01.402185+00:00,SF_15550|28|ALL|4,SF_15550,28,,28 STOP TEMP. MOVED Board on other side of Jones,28 STOP TEMP. MOVED Board on other side of Jones,STOP_MOVED,2026-09-21T12:11:22.640517+00:00,2026-09-22T06:58:58.958994+00:00,18.793,False,2026-09-22T07:17:01.402185+00:00,4,55,MATCHED
2026-09-22T05:11:11.353725+00:00,SF_15655|19|ALL|4,SF_15655,19,,19 RRT STOP CLOSED Board at 26th/De Haro,19 RRT STOP CLOSED Board at 26th/De Haro,STOP_CLOSED,2026-09-21T12:11:22.640517+00:00,2026-09-22T04:53:08.047534+00:00,16.696,False,2026-09-22T05:11:11.353725+00:00,4,48,MATCHED
2026-09-22T05:11:11.353725+00:00,SF_15656|19|ALL|4,SF_15656,19,,19 RRT STOP CLOSED Board at Connecticut/26th,19 RRT STOP CLOSED Board at Connecticut/26th,STOP_CLOSED,2026-09-21T12:11:22.640517+00:00,2026-09-22T04:53:08.047534+00:00,16.696,False,2026-09-22T05:11:11.353725+00:00,4,48,MATCHED
2026-09-22T05:11:11.353725+00:00,SF_15657|19|ALL|4,SF_15657,19,,19 RRT STOP CLOSED Board: 25th/Connecticut (NE corner),19 RRT STOP CLOSED Board: 25th/Connecticut (NE corner),STOP_CLOSED,2026-09-21T12:11:22.640517+00:00,2026-09-22T04:53:08.047534+00:00,16.696,False,2026-09-22T05:11:11.353725+00:00,4,48,MATCHED
2026-09-22T05:11:11.353725+00:00,SF_15658|19|ALL|4,SF_15658,19,,19 RRT STOP CLOSED Board: Evans/Cesar Chavez,19 RRT STOP CLOSED Board: Evans/Cesar Chavez,STOP_CLOSED,2026-09-21T12:11:22.640517+00:00,2026-09-22T04:53:08.047534+00:00,16.696,False,2026-09-22T05:11:11.353725+00:00,4,48,MATCHED
2026-09-22T07:17:01.402185+00:00,SF_15853|1X|ALL|1,SF_15853,1X,,1 & 1X STOP TEMP. CLOSED Board at 32nd & Clement,1 & 1X STOP TEMP. CLOSED Board at 32nd & Clement,STOP_MOVED,2026-09-21T12:11:22.640517+00:00,2026-09-22T06:58:58.958994+00:00,18.793,False,2026-09-22T07:17:01.402185+00:00,1,55,MATCHED
2026-09-22T07:17:01.402185+00:00,SF_15853|1|ALL|1,SF_15853,1,,1 & 1X STOP TEMP. CLOSED Board at 32nd & Clement,1 & 1X STOP TEMP. CLOSED Board at 32nd & Clement,STOP_MOVED,2026-09-21T12:11:22.640517+00:00,2026-09-22T06:58:58.958994+00:00,18.793,False,2026-09-22T07:17:01.402185+00:00,1,55,MATCHED
2026-09-22T07:17:01.402185+00:00,SF_15854|18|ALL|1,SF_15854,18,,18 STOP TEMP. CLOSED Board at Clement & Legion of Honor,18 STOP TEMP. CLOSED Board at Clement & Legion of Honor,STOP_MOVED,2026-09-21T12:11:22.640517+00:00,2026-09-22T06:58:58.958994+00:00,18.793,False,2026-09-22T07:17:01.402185+00:00,1,55,MATCHED
2026-09-22T07:17:01.402185+00:00,SF_15857|29|ALL|1,SF_15857,29,,29 STOP TEMP. MOVED Board on other side of California,29 STOP TEMP. MOVED Board on other side of California,STOP_MOVED,2026-09-21T12:11:22.640517+00:00,2026-09-22T06:58:58.958994+00:00,18.793,False,2026-09-22T07:17:01.402185+00:00,1,55,MATCHED
2026-09-22T03:05:15.851059+00:00,SF_13205|2|ALL|4,SF_13205,2,,2 STOP TEMP. MOVED Board at Hyde OR Polk,2 STOP TEMP. MOVED Board at Hyde OR Polk,STOP_MOVED,2026-09-21T13:02:20.199118+00:00,2026-09-22T02:47:16.171645+00:00,13.749,False,2026-09-22T03:05:15.851059+00:00,4,38,MATCHED
2026-09-22T05:47:08.281462+00:00,SF_15519|12|ALL|4,SF_15519,12,,12 STOP TEMP. MOVED Board at Folsom & Mabini,12 STOP TEMP. MOVED Board at Folsom & Mabini,STOP_MOVED,2026-09-21T13:02:20.199118+00:00,2026-09-22T05:29:10.973550+00:00,16.447,False,2026-09-22T05:47:08.281462+00:00,4,47,MATCHED
2026-09-22T05:11:11.353725+00:00,SF_15520|12|ALL|4,SF_15520,12,,12 STOP TEMP. MOVED Board at Folsom/2nd OR Folsom/4th,12 STOP TEMP. MOVED Board at Folsom/2nd OR Folsom/4th,STOP_MOVED,2026-09-21T13:02:20.199118+00:00,2026-09-22T04:53:08.047534+00:00,15.847,False,2026-09-22T05:11:11.353725+00:00,4,45,MATCHED
2026-09-22T00:08:25.105001+00:00,SF_15385|5R|ALL|2,SF_15385,5R,,"5, 5R STOP TEMP. MOVED Board midblock btwn 30th & 31st","5, 5R STOP TEMP. MOVED Board midblock btwn 30th & 31st",STOP_MOVED,2026-09-21T14:08:23.159771+00:00,2026-09-21T23:50:23.175435+00:00,9.7,False,2026-09-22T00:08:25.105001+00:00,2,24,MATCHED
2026-09-22T00:08:25.105001+00:00,SF_15385|5|ALL|2,SF_15385,5,,"5, 5R STOP TEMP. MOVED Board midblock btwn 30th & 31st","5, 5R STOP TEMP. MOVED Board midblock btwn 30th & 31st",STOP_MOVED,2026-09-21T14:08:23.159771+00:00,2026-09-21T23:50:23.175435+00:00,9.7,False,2026-09-22T00:08:25.105001+00:00,2,24,MATCHED
2026-09-22T00:08:25.105001+00:00,SF_15386|5R|ALL|2,SF_15386,5R,,"5, 5R STOP TEMP. MOVED Board midblock btwn 30th & 29th","5, 5R STOP TEMP. MOVED Board midblock btwn 30th & 29th",STOP_MOVED,2026-09-21T14:08:23.159771+00:00,2026-09-21T23:50:23.175435+00:00,9.7,False,2026-09-22T00:08:25.105001+00:00,2,24,MATCHED
2026-09-22T00:08:25.105001+00:00,SF_15386|5|ALL|2,SF_15386,5,,"5, 5R STOP TEMP. MOVED Board midblock btwn 30th & 29th","5, 5R STOP TEMP. MOVED Board midblock btwn 30th & 29th",STOP_MOVED,2026-09-21T14:08:23.159771+00:00,2026-09-21T23:50:23.175435+00:00,9.7,False,2026-09-22T00:08:25.105001+00:00,2,24,MATCHED
2026-09-21T23:15:56.360207+00:00,SF_15659|31|ALL|2,SF_15659,31,,31 STOP TEMP. MOVED Board on the other side of Jones,31 STOP TEMP. MOVED Board on the other side of Jones,STOP_MOVED,2026-09-21T14:08:23.159771+00:00,2026-09-21T22:47:14.587807+00:00,8.648,False,2026-09-21T23:15:56.360207+00:00,2,21,MATCHED
2026-09-22T06:05:05.604779+00:00,SF_15679|PM|ALL|4,SF_15679,PM,,Cable Car STOP TEMP. MOVED Board: other side of Broadway,Cable Car STOP TEMP. MOVED Board: other side of Broadway,STOP_MOVED,2026-09-21T14:08:23.159771+00:00,2026-09-22T05:47:08.281462+00:00,15.646,False,2026-09-22T06:05:05.604779+00:00,4,44,MATCHED
2026-09-22T00:08:25.105001+00:00,SF_15796|9R|ALL|2,SF_15796,9R,,"9, 9R STOP TEMP. MOVED Board: Sunnydale/Desmond","9, 9R STOP TEMP. MOVED Board: Sunnydale/Desmond",STOP_MOVED,2026-09-21T14:08:23.159771+00:00,2026-09-21T23:50:23.175435+00:00,9.7,False,2026-09-22T00:08:25.105001+00:00,2,24,MATCHED
2026-09-22T00:08:25.105001+00:00,SF_15796|9|ALL|2,SF_15796,9,,"9, 9R STOP TEMP. MOVED Board: Sunnydale/Desmond","9, 9R STOP TEMP. MOVED Board: Sunnydale/Desmond",STOP_MOVED,2026-09-21T14:08:23.159771+00:00,2026-09-21T23:50:23.175435+00:00,9.7,False,2026-09-22T00:08:25.105001+00:00,2,24,MATCHED
2026-09-22T00:08:25.105001+00:00,SF_15816|43|ALL|1,SF_15816,43,,"6, 43 STOP TEMP. MOVED Board at Parnassus/5th","6, 43 STOP TEMP. MOVED Board at Parnassus/5th",STOP_MOVED,2026-09-21T14:08:23.159771+00:00,2026-09-21T23:50:23.175435+00:00,9.7,False,2026-09-22T00:08:25.105001+00:00,1,24,MATCHED
2026-09-22T00:08:25.105001+00:00,SF_15816|6|ALL|1,SF_15816,6,,"6, 43 STOP TEMP. MOVED Board at Parnassus/5th","6, 43 STOP TEMP. MOVED Board at Parnassus/5th",STOP_MOVED,2026-09-21T14:08:23.159771+00:00,2026-09-21T23:50:23.175435+00:00,9.7,False,2026-09-22T00:08:25.105001+00:00,1,24,MATCHED
2026-09-22T01:02:10.983882+00:00,SF_15447|27|ALL|3,SF_15447,27,,27 STOP TEMP. MOVED Board at Jackson btwn Hyde/Larkin,27 STOP TEMP. MOVED Board at Jackson btwn Hyde/Larkin,STOP_MOVED,2026-09-21T14:44:21.820467+00:00,2026-09-22T00:44:29.788176+00:00,10.002,False,2026-09-22T01:02:10.983882+00:00,3,25,MATCHED
2026-09-21T23:32:21.353404+00:00,SF_15667|12|ALL|4,SF_15667,12,,12 STOP TEMP. MOVED Board at Sansome/Commercial,12 STOP TEMP. MOVED Board at Sansome/Commercial,STOP_MOVED,2026-09-21T14:44:21.820467+00:00,2026-09-21T23:15:56.360207+00:00,8.526,False,2026-09-21T23:32:21.353404+00:00,4,20,MATCHED
2026-09-21T23:15:56.360207+00:00,SF_15575|22|ALL|2,SF_15575,22,,22 STOP TEMP. MOVED Board on other side of Mission,22 STOP TEMP. MOVED Board on other side of Mission,STOP_MOVED,2026-09-21T15:02:37.901642+00:00,2026-09-21T22:47:14.587807+00:00,7.744,False,2026-09-21T23:15:56.360207+00:00,2,18,MATCHED
2026-09-21T23:15:56.360207+00:00,SF_15577|33|ALL|2,SF_15577,33,,"33, 55 STOP TEMP. MOVED Board: 16th/Capp","33, 55 STOP TEMP. MOVED Board: 16th/Capp",STOP_MOVED,2026-09-21T15:02:37.901642+00:00,2026-09-21T22:47:14.587807+00:00,7.744,False,2026-09-21T23:15:56.360207+00:00,2,18,MATCHED
2026-09-21T23:15:56.360207+00:00,SF_15577|55|ALL|2,SF_15577,55,,"33, 55 STOP TEMP. MOVED Board: 16th/Capp","33, 55 STOP TEMP. MOVED Board: 16th/Capp",STOP_MOVED,2026-09-21T15:02:37.901642+00:00,2026-09-21T22:47:14.587807+00:00,7.744,False,2026-09-21T23:15:56.360207+00:00,2,18,MATCHED
2026-09-22T00:08:25.105001+00:00,SF_15661|43|ALL|2,SF_15661,43,,43 STOP TEMP. MOVED Board at Gennessee/Judson,43 STOP TEMP. MOVED Board at Gennessee/Judson,STOP_MOVED,2026-09-21T15:02:37.901642+00:00,2026-09-21T23:50:23.175435+00:00,8.796,False,2026-09-22T00:08:25.105001+00:00,2,21,MATCHED
2026-09-22T00:08:25.105001+00:00,SF_15740|35|ALL|2,SF_15740,35,,35 RRT STOP CLOSED Board: Along Douglass OR Eureka/21st,35 RRT STOP CLOSED Board: Along Douglass OR Eureka/21st,STOP_CLOSED,2026-09-21T15:02:37.901642+00:00,2026-09-21T23:50:23.175435+00:00,8.796,False,2026-09-22T00:08:25.105001+00:00,2,21,MATCHED
2026-09-21T23:15:56.360207+00:00,SF_15752|38R|ALL|2,SF_15752,38R,,"38, 38R STOP TEMP. MOVED Board at O'Farrell/Mason","38, 38R STOP TEMP. MOVED Board at O'Farrell/Mason",STOP_MOVED,2026-09-21T15:02:37.901642+00:00,2026-09-21T22:47:14.587807+00:00,7.744,False,2026-09-21T23:15:56.360207+00:00,2,18,MATCHED
2026-09-21T23:15:56.360207+00:00,SF_15752|38|ALL|2,SF_15752,38,,"38, 38R STOP TEMP. MOVED Board at O'Farrell/Mason","38, 38R STOP TEMP. MOVED Board at O'Farrell/Mason",STOP_MOVED,2026-09-21T15:02:37.901642+00:00,2026-09-21T22:47:14.587807+00:00,7.744,False,2026-09-21T23:15:56.360207+00:00,2,18,MATCHED
2026-09-21T23:15:56.360207+00:00,SF_15843|54|ALL|2,SF_15843,54,,54 STOP TEMP. MOVED Board at Revere btwn Ingalls & Jennings,54 STOP TEMP. MOVED Board at Revere btwn Ingalls & Jennings,STOP_MOVED,2026-09-21T15:02:37.901642+00:00,2026-09-21T22:47:14.587807+00:00,7.744,False,2026-09-21T23:15:56.360207+00:00,2,18,MATCHED
2026-09-21T23:15:56.360207+00:00,SF_15844|54|ALL|2,SF_15844,54,,54 STOP TEMP. MOVED Board midblock 3rd btwn Revere & Quesada,54 STOP TEMP. MOVED Board midblock 3rd btwn Revere & Quesada,STOP_MOVED,2026-09-21T15:02:37.901642+00:00,2026-09-21T22:47:14.587807+00:00,7.744,False,2026-09-21T23:15:56.360207+00:00,2,18,MATCHED
2026-09-22T00:08:25.105001+00:00,SF_15882|29|ALL|1,SF_15882,29,,29 STOP TEMP. MOVED Board at San Bruno & Paul,29 STOP TEMP. MOVED Board at San Bruno & Paul,STOP_MOVED,2026-09-21T15:02:37.901642+00:00,2026-09-21T23:50:23.175435+00:00,8.796,False,2026-09-22T00:08:25.105001+00:00,1,21,MATCHED
2026-09-22T03:05:15.851059+00:00,SF_15883|12|ALL|1,SF_15883,12,,"1, 1X, 12 STOP TEMP. MOVED Board farside at Sacramento/Davis","1, 1X, 12 STOP TEMP. MOVED Board farside at Sacramento/Davis",STOP_MOVED,2026-09-21T15:02:37.901642+00:00,2026-09-22T02:47:16.171645+00:00,11.744,False,2026-09-22T03:05:15.851059+00:00,1,31,MATCHED
2026-09-22T03:05:15.851059+00:00,SF_15883|1X|ALL|1,SF_15883,1X,,"1, 1X, 12 STOP TEMP. MOVED Board farside at Sacramento/Davis","1, 1X, 12 STOP TEMP. MOVED Board farside at Sacramento/Davis",STOP_MOVED,2026-09-21T15:02:37.901642+00:00,2026-09-22T02:47:16.171645+00:00,11.744,False,2026-09-22T03:05:15.851059+00:00,1,31,MATCHED
2026-09-22T03:05:15.851059+00:00,SF_15883|1|ALL|1,SF_15883,1,,"1, 1X, 12 STOP TEMP. MOVED Board farside at Sacramento/Davis","1, 1X, 12 STOP TEMP. MOVED Board farside at Sacramento/Davis",STOP_MOVED,2026-09-21T15:02:37.901642+00:00,2026-09-22T02:47:16.171645+00:00,11.744,False,2026-09-22T03:05:15.851059+00:00,1,31,MATCHED
2026-09-21T22:14:12.075416+00:00,SF_15818|27|ALL|1,SF_15818,27,,"27, 67 STOP TEMP. MOVED Board midblock 24th btwn Lilac & Capp","27, 67 STOP TEMP. MOVED Board midblock 24th btwn Lilac & Capp",STOP_MOVED,2026-09-21T16:08:19.460234+00:00,2026-09-21T21:56:21.414031+00:00,5.801,False,2026-09-21T22:14:12.075416+00:00,1,11,MATCHED
2026-09-21T22:14:12.075416+00:00,SF_15818|67|ALL|1,SF_15818,67,,"27, 67 STOP TEMP. MOVED Board midblock 24th btwn Lilac & Capp","27, 67 STOP TEMP. MOVED Board midblock 24th btwn Lilac & Capp",STOP_MOVED,2026-09-21T16:08:19.460234+00:00,2026-09-21T21:56:21.414031+00:00,5.801,False,2026-09-21T22:14:12.075416+00:00,1,11,MATCHED
2026-09-21T22:14:12.075416+00:00,SF_15838|48|ALL|1,SF_15838,48,,48 STOP TEMP. MOVED Board at 24th/Capp,48 STOP TEMP. MOVED Board at 24th/Capp,STOP_MOVED,2026-09-21T16:08:19.460234+00:00,2026-09-21T21:56:21.414031+00:00,5.801,False,2026-09-21T22:14:12.075416+00:00,1,11,MATCHED
2026-09-21T22:14:12.075416+00:00,SF_15839|9R|ALL|1,SF_15839,9R,,"9, 9R STOP TEMP. MOVED Board on other side of Santos","9, 9R STOP TEMP. MOVED Board on other side of Santos",STOP_MOVED,2026-09-21T16:08:19.460234+00:00,2026-09-21T21:56:21.414031+00:00,5.801,False,2026-09-21T22:14:12.075416+00:00,1,11,MATCHED
2026-09-21T22:14:12.075416+00:00,SF_15839|9|ALL|1,SF_15839,9,,"9, 9R STOP TEMP. MOVED Board on other side of Santos","9, 9R STOP TEMP. MOVED Board on other side of Santos",STOP_MOVED,2026-09-21T16:08:19.460234+00:00,2026-09-21T21:56:21.414031+00:00,5.801,False,2026-09-21T22:14:12.075416+00:00,1,11,MATCHED
2026-09-21T22:14:12.075416+00:00,1175526872|NETWORK_WIDE|ALL|1,1175526872,,,Inbound J-Church Line Blocked at Church/22rd,"SF Muni reports inbound J-Church Line blocked at Church/22rd, due to a stalled vehicle.",SERVICE_NOTICE,2026-09-21T19:53:18.321787+00:00,2026-09-21T21:56:21.414031+00:00,2.051,False,2026-09-21T22:14:12.075416+00:00,1,8,NETWORK_WIDE
2026-09-21T23:32:21.353404+00:00,SF_15897|22|ALL|1,SF_15897,22,,OB 22 blocked at Fillmore and Clay by non-Muni collision.,OB 22 blocked at Fillmore and Clay by non-Muni collision.,SERVICE_NOTICE,2026-09-21T23:15:56.360207+00:00,2026-09-21T23:15:56.360207+00:00,0.0,False,2026-09-21T23:32:21.353404+00:00,1,1,MATCHED
2026-09-28T07:08:58.751511+00:00,SF_15898|NETWORK_WIDE|ALL|1,SF_15898,,,Folsom Street Fair this Sunday. Muni will have reroutes in SoMa.,Folsom Street Fair this Sunday. Muni will have reroutes in SoMa.,REROUTE,2026-09-21T23:50:23.175435+00:00,2026-09-28T06:51:04.362110+00:00,151.011,False,2026-09-28T07:08:58.751511+00:00,1,378,NETWORK_WIDE
2026-09-22T00:08:25.105001+00:00,SF_15899|F|ALL|1,SF_15899,F,,OB F delayed at Market and 5th.,OB F delayed at Market and 5th.,DELAY,2026-09-21T23:50:23.175435+00:00,2026-09-21T23:50:23.175435+00:00,0.0,False,2026-09-22T00:08:25.105001+00:00,1,1,MATCHED
2026-09-22T00:44:29.788176+00:00,SF_15900|F|ALL|1,SF_15900,F,,OB F will switchback at Ferry. Use subway between Embarcadero & Castro.,OB F will switchback at Ferry. Use subway between Embarcadero & Castro.,SERVICE_NOTICE,2026-09-22T00:08:25.105001+00:00,2026-09-22T00:26:32.559794+00:00,0.302,False,2026-09-22T00:44:29.788176+00:00,1,2,MATCHED
2026-09-22T02:11:15.676296+00:00,1175671545|14R|ALL|1,1175671545,14R,,"14, 14R, and 49 Line Blocked at Mission St and France","SF Muni reports 14, 14R, and 49 Line blocked at Mission St and France, due to fire department activity.",SERVICE_NOTICE,2026-09-22T01:53:49.200268+00:00,2026-09-22T01:53:49.200268+00:00,0.0,False,2026-09-22T02:11:15.676296+00:00,1,1,MATCHED
2026-09-22T02:11:15.676296+00:00,1175671545|14|ALL|1,1175671545,14,,"14, 14R, and 49 Line Blocked at Mission St and France","SF Muni reports 14, 14R, and 49 Line blocked at Mission St and France, due to fire department activity.",SERVICE_NOTICE,2026-09-22T01:53:49.200268+00:00,2026-09-22T01:53:49.200268+00:00,0.0,False,2026-09-22T02:11:15.676296+00:00,1,1,MATCHED
2026-09-22T02:11:15.676296+00:00,1175671545|49|ALL|1,1175671545,49,,"14, 14R, and 49 Line Blocked at Mission St and France","SF Muni reports 14, 14R, and 49 Line blocked at Mission St and France, due to fire department activity.",SERVICE_NOTICE,2026-09-22T01:53:49.200268+00:00,2026-09-22T01:53:49.200268+00:00,0.0,False,2026-09-22T02:11:15.676296+00:00,1,1,MATCHED
2026-09-22T07:17:01.402185+00:00,SF_15758|9|ALL|4,SF_15758,9,,9 RRT STOP CLOSED Board: Potrero & 16th OR 11th & Bryant,9 RRT STOP CLOSED Board: Potrero & 16th OR 11th & Bryant,STOP_CLOSED,2026-09-22T06:05:05.604779+00:00,2026-09-22T06:58:58.958994+00:00,0.898,False,2026-09-22T07:17:01.402185+00:00,4,4,MATCHED
2026-09-23T07:02:44.691053+00:00,SF_15905|14R|ALL|1,SF_15905,14R,,14/14R STOP TEMP. CLOSED Board midblock between 8th & 7th,14/14R STOP TEMP. CLOSED Board midblock between 8th & 7th,STOP_MOVED,2026-09-22T07:17:01.402185+00:00,2026-09-23T06:44:20.111928+00:00,23.455,False,2026-09-23T07:02:44.691053+00:00,1,81,MATCHED
2026-09-23T07:02:44.691053+00:00,SF_15905|14|ALL|1,SF_15905,14,,14/14R STOP TEMP. CLOSED Board midblock between 8th & 7th,14/14R STOP TEMP. CLOSED Board midblock between 8th & 7th,STOP_MOVED,2026-09-22T07:17:01.402185+00:00,2026-09-23T06:44:20.111928+00:00,23.455,False,2026-09-23T07:02:44.691053+00:00,1,81,MATCHED
2026-09-23T07:02:44.691053+00:00,SF_15549|28|ALL|5,SF_15549,28,,28 STOP TEMP. MOVED Board at North Point/Taylor,28 STOP TEMP. MOVED Board at North Point/Taylor,STOP_MOVED,2026-09-22T12:14:09.233223+00:00,2026-09-23T06:44:20.111928+00:00,18.503,False,2026-09-23T07:02:44.691053+00:00,5,64,MATCHED
2026-09-23T07:02:44.691053+00:00,SF_15550|28|ALL|5,SF_15550,28,,28 STOP TEMP. MOVED Board on other side of Jones,28 STOP TEMP. MOVED Board on other side of Jones,STOP_MOVED,2026-09-22T12:14:09.233223+00:00,2026-09-23T06:44:20.111928+00:00,18.503,False,2026-09-23T07:02:44.691053+00:00,5,64,MATCHED
2026-09-23T05:17:19.935410+00:00,SF_15655|19|ALL|5,SF_15655,19,,19 RRT STOP CLOSED Board at 26th/De Haro,19 RRT STOP CLOSED Board at 26th/De Haro,STOP_CLOSED,2026-09-22T12:14:09.233223+00:00,2026-09-23T04:56:21.464873+00:00,16.703,False,2026-09-23T05:17:19.935410+00:00,5,58,MATCHED
2026-09-23T05:17:19.935410+00:00,SF_15656|19|ALL|5,SF_15656,19,,19 RRT STOP CLOSED Board at Connecticut/26th,19 RRT STOP CLOSED Board at Connecticut/26th,STOP_CLOSED,2026-09-22T12:14:09.233223+00:00,2026-09-23T04:56:21.464873+00:00,16.703,False,2026-09-23T05:17:19.935410+00:00,5,58,MATCHED
2026-09-23T05:17:19.935410+00:00,SF_15657|19|ALL|5,SF_15657,19,,19 RRT STOP CLOSED Board: 25th/Connecticut (NE corner),19 RRT STOP CLOSED Board: 25th/Connecticut (NE corner),STOP_CLOSED,2026-09-22T12:14:09.233223+00:00,2026-09-23T04:56:21.464873+00:00,16.703,False,2026-09-23T05:17:19.935410+00:00,5,58,MATCHED
2026-09-23T05:17:19.935410+00:00,SF_15658|19|ALL|5,SF_15658,19,,19 RRT STOP CLOSED Board: Evans/Cesar Chavez,19 RRT STOP CLOSED Board: Evans/Cesar Chavez,STOP_CLOSED,2026-09-22T12:14:09.233223+00:00,2026-09-23T04:56:21.464873+00:00,16.703,False,2026-09-23T05:17:19.935410+00:00,5,58,MATCHED
2026-09-23T07:02:44.691053+00:00,SF_15853|1X|ALL|2,SF_15853,1X,,1 & 1X STOP TEMP. CLOSED Board at 32nd & Clement,1 & 1X STOP TEMP. CLOSED Board at 32nd & Clement,STOP_MOVED,2026-09-22T12:14:09.233223+00:00,2026-09-23T06:44:20.111928+00:00,18.503,False,2026-09-23T07:02:44.691053+00:00,2,64,MATCHED
2026-09-23T07:02:44.691053+00:00,SF_15853|1|ALL|2,SF_15853,1,,1 & 1X STOP TEMP. CLOSED Board at 32nd & Clement,1 & 1X STOP TEMP. CLOSED Board at 32nd & Clement,STOP_MOVED,2026-09-22T12:14:09.233223+00:00,2026-09-23T06:44:20.111928+00:00,18.503,False,2026-09-23T07:02:44.691053+00:00,2,64,MATCHED
2026-09-23T07:02:44.691053+00:00,SF_15854|18|ALL|2,SF_15854,18,,18 STOP TEMP. CLOSED Board at Clement & Legion of Honor,18 STOP TEMP. CLOSED Board at Clement & Legion of Honor,STOP_MOVED,2026-09-22T12:14:09.233223+00:00,2026-09-23T06:44:20.111928+00:00,18.503,False,2026-09-23T07:02:44.691053+00:00,2,64,MATCHED
2026-09-23T07:02:44.691053+00:00,SF_15857|29|ALL|2,SF_15857,29,,29 STOP TEMP. MOVED Board on other side of California,29 STOP TEMP. MOVED Board on other side of California,STOP_MOVED,2026-09-22T12:14:09.233223+00:00,2026-09-23T06:44:20.111928+00:00,18.503,False,2026-09-23T07:02:44.691053+00:00,2,64,MATCHED
2026-09-23T03:11:34.607135+00:00,SF_13205|2|ALL|5,SF_13205,2,,2 STOP TEMP. MOVED Board at Hyde OR Polk,2 STOP TEMP. MOVED Board at Hyde OR Polk,STOP_MOVED,2026-09-22T13:05:23.224867+00:00,2026-09-23T02:53:14.345011+00:00,13.798,False,2026-09-23T03:11:34.607135+00:00,5,48,MATCHED
2026-09-23T05:35:16.492049+00:00,SF_15519|12|ALL|5,SF_15519,12,,12 STOP TEMP. MOVED Board at Folsom & Mabini,12 STOP TEMP. MOVED Board at Folsom & Mabini,STOP_MOVED,2026-09-22T13:05:23.224867+00:00,2026-09-23T05:17:19.935410+00:00,16.199,False,2026-09-23T05:35:16.492049+00:00,5,56,MATCHED
2026-09-23T05:17:19.935410+00:00,SF_15520|12|ALL|5,SF_15520,12,,12 STOP TEMP. MOVED Board at Folsom/2nd OR Folsom/4th,12 STOP TEMP. MOVED Board at Folsom/2nd OR Folsom/4th,STOP_MOVED,2026-09-22T13:05:23.224867+00:00,2026-09-23T04:56:21.464873+00:00,15.85,False,2026-09-23T05:17:19.935410+00:00,5,55,MATCHED
2026-09-23T00:14:29.377838+00:00,SF_15385|5R|ALL|3,SF_15385,5R,,"5, 5R STOP TEMP. MOVED Board midblock btwn 30th & 31st","5, 5R STOP TEMP. MOVED Board midblock btwn 30th & 31st",STOP_MOVED,2026-09-22T14:17:12.481201+00:00,2026-09-22T23:59:06.126469+00:00,9.698,False,2026-09-23T00:14:29.377838+00:00,3,34,MATCHED
2026-09-23T00:14:29.377838+00:00,SF_15385|5|ALL|3,SF_15385,5,,"5, 5R STOP TEMP. MOVED Board midblock btwn 30th & 31st","5, 5R STOP TEMP. MOVED Board midblock btwn 30th & 31st",STOP_MOVED,2026-09-22T14:17:12.481201+00:00,2026-09-22T23:59:06.126469+00:00,9.698,False,2026-09-23T00:14:29.377838+00:00,3,34,MATCHED
2026-09-23T00:14:29.377838+00:00,SF_15386|5R|ALL|3,SF_15386,5R,,"5, 5R STOP TEMP. MOVED Board midblock btwn 30th & 29th","5, 5R STOP TEMP. MOVED Board midblock btwn 30th & 29th",STOP_MOVED,2026-09-22T14:17:12.481201+00:00,2026-09-22T23:59:06.126469+00:00,9.698,False,2026-09-23T00:14:29.377838+00:00,3,34,MATCHED
2026-09-23T00:14:29.377838+00:00,SF_15386|5|ALL|3,SF_15386,5,,"5, 5R STOP TEMP. MOVED Board midblock btwn 30th & 29th","5, 5R STOP TEMP. MOVED Board midblock btwn 30th & 29th",STOP_MOVED,2026-09-22T14:17:12.481201+00:00,2026-09-22T23:59:06.126469+00:00,9.698,False,2026-09-23T00:14:29.377838+00:00,3,34,MATCHED
2026-09-22T23:05:32.819688+00:00,SF_15659|31|ALL|3,SF_15659,31,,31 STOP TEMP. MOVED Board on the other side of Jones,31 STOP TEMP. MOVED Board on the other side of Jones,STOP_MOVED,2026-09-22T14:17:12.481201+00:00,2026-09-22T22:47:11.574051+00:00,8.5,False,2026-09-22T23:05:32.819688+00:00,3,30,MATCHED
2026-09-23T06:11:28.917600+00:00,SF_15679|PM|ALL|5,SF_15679,PM,,Cable Car STOP TEMP. MOVED Board: other side of Broadway,Cable Car STOP TEMP. MOVED Board: other side of Broadway,STOP_MOVED,2026-09-22T14:17:12.481201+00:00,2026-09-23T05:53:19.407609+00:00,15.602,False,2026-09-23T06:11:28.917600+00:00,5,54,MATCHED
2026-09-23T00:14:29.377838+00:00,SF_15796|9R|ALL|3,SF_15796,9R,,"9, 9R STOP TEMP. MOVED Board: Sunnydale/Desmond","9, 9R STOP TEMP. MOVED Board: Sunnydale/Desmond",STOP_MOVED,2026-09-22T14:17:12.481201+00:00,2026-09-22T23:59:06.126469+00:00,9.698,False,2026-09-23T00:14:29.377838+00:00,3,34,MATCHED
2026-09-23T00:14:29.377838+00:00,SF_15796|9|ALL|3,SF_15796,9,,"9, 9R STOP TEMP. MOVED Board: Sunnydale/Desmond","9, 9R STOP TEMP. MOVED Board: Sunnydale/Desmond",STOP_MOVED,2026-09-22T14:17:12.481201+00:00,2026-09-22T23:59:06.126469+00:00,9.698,False,2026-09-23T00:14:29.377838+00:00,3,34,MATCHED
2026-09-23T00:14:29.377838+00:00,SF_15816|43|ALL|2,SF_15816,43,,"6, 43 STOP TEMP. MOVED Board at Parnassus/5th","6, 43 STOP TEMP. MOVED Board at Parnassus/5th",STOP_MOVED,2026-09-22T14:17:12.481201+00:00,2026-09-22T23:59:06.126469+00:00,9.698,False,2026-09-23T00:14:29.377838+00:00,2,34,MATCHED
2026-09-23T00:14:29.377838+00:00,SF_15816|6|ALL|2,SF_15816,6,,"6, 43 STOP TEMP. MOVED Board at Parnassus/5th","6, 43 STOP TEMP. MOVED Board at Parnassus/5th",STOP_MOVED,2026-09-22T14:17:12.481201+00:00,2026-09-22T23:59:06.126469+00:00,9.698,False,2026-09-23T00:14:29.377838+00:00,2,34,MATCHED
2026-09-23T00:14:29.377838+00:00,SF_15878|19|ALL|1,SF_15878,19,,19 STOP TEMP. CLOSED Board at Connecticut/26th,19 STOP TEMP. CLOSED Board at Connecticut/26th,STOP_MOVED,2026-09-22T14:17:12.481201+00:00,2026-09-22T23:59:06.126469+00:00,9.698,False,2026-09-23T00:14:29.377838+00:00,1,34,MATCHED
2026-09-23T01:11:20.694909+00:00,SF_15447|27|ALL|4,SF_15447,27,,27 STOP TEMP. MOVED Board at Jackson btwn Hyde/Larkin,27 STOP TEMP. MOVED Board at Jackson btwn Hyde/Larkin,STOP_MOVED,2026-09-22T14:35:29.521354+00:00,2026-09-23T00:53:28.786063+00:00,10.3,False,2026-09-23T01:11:20.694909+00:00,4,36,MATCHED
2026-09-22T23:41:22.520790+00:00,SF_15667|12|ALL|5,SF_15667,12,,12 STOP TEMP. MOVED Board at Sansome/Commercial,12 STOP TEMP. MOVED Board at Sansome/Commercial,STOP_MOVED,2026-09-22T14:35:29.521354+00:00,2026-09-22T23:23:17.251530+00:00,8.797,False,2026-09-22T23:41:22.520790+00:00,5,31,MATCHED
2026-09-22T23:05:32.819688+00:00,SF_15575|22|ALL|3,SF_15575,22,,22 STOP TEMP. MOVED Board on other side of Mission,22 STOP TEMP. MOVED Board on other side of Mission,STOP_MOVED,2026-09-22T15:11:09.430140+00:00,2026-09-22T22:47:11.574051+00:00,7.601,False,2026-09-22T23:05:32.819688+00:00,3,27,MATCHED
2026-09-22T23:05:32.819688+00:00,SF_15577|33|ALL|3,SF_15577,33,,"33, 55 STOP TEMP. MOVED Board: 16th/Capp","33, 55 STOP TEMP. MOVED Board: 16th/Capp",STOP_MOVED,2026-09-22T15:11:09.430140+00:00,2026-09-22T22:47:11.574051+00:00,7.601,False,2026-09-22T23:05:32.819688+00:00,3,27,MATCHED
2026-09-22T23:05:32.819688+00:00,SF_15577|55|ALL|3,SF_15577,55,,"33, 55 STOP TEMP. MOVED Board: 16th/Capp","33, 55 STOP TEMP. MOVED Board: 16th/Capp",STOP_MOVED,2026-09-22T15:11:09.430140+00:00,2026-09-22T22:47:11.574051+00:00,7.601,False,2026-09-22T23:05:32.819688+00:00,3,27,MATCHED
2026-09-23T00:14:29.377838+00:00,SF_15661|43|ALL|3,SF_15661,43,,43 STOP TEMP. MOVED Board at Gennessee/Judson,43 STOP TEMP. MOVED Board at Gennessee/Judson,STOP_MOVED,2026-09-22T15:11:09.430140+00:00,2026-09-22T23:59:06.126469+00:00,8.799,False,2026-09-23T00:14:29.377838+00:00,3,31,MATCHED
2026-09-23T00:14:29.377838+00:00,SF_15740|35|ALL|3,SF_15740,35,,35 RRT STOP CLOSED Board: Along Douglass OR Eureka/21st,35 RRT STOP CLOSED Board: Along Douglass OR Eureka/21st,STOP_CLOSED,2026-09-22T15:11:09.430140+00:00,2026-09-22T23:59:06.126469+00:00,8.799,False,2026-09-23T00:14:29.377838+00:00,3,31,MATCHED
2026-09-22T23:05:32.819688+00:00,SF_15752|38R|ALL|3,SF_15752,38R,,"38, 38R STOP TEMP. MOVED Board at O'Farrell/Mason","38, 38R STOP TEMP. MOVED Board at O'Farrell/Mason",STOP_MOVED,2026-09-22T15:11:09.430140+00:00,2026-09-22T22:47:11.574051+00:00,7.601,False,2026-09-22T23:05:32.819688+00:00,3,27,MATCHED
2026-09-22T23:05:32.819688+00:00,SF_15752|38|ALL|3,SF_15752,38,,"38, 38R STOP TEMP. MOVED Board at O'Farrell/Mason","38, 38R STOP TEMP. MOVED Board at O'Farrell/Mason",STOP_MOVED,2026-09-22T15:11:09.430140+00:00,2026-09-22T22:47:11.574051+00:00,7.601,False,2026-09-22T23:05:32.819688+00:00,3,27,MATCHED
2026-09-22T23:05:32.819688+00:00,SF_15835|38R|ALL|1,SF_15835,38R,,"38, 38R STOP TEMP. MOVED Board at O'Farrell/Stockton","38, 38R STOP TEMP. MOVED Board at O'Farrell/Stockton",STOP_MOVED,2026-09-22T15:11:09.430140+00:00,2026-09-22T22:47:11.574051+00:00,7.601,False,2026-09-22T23:05:32.819688+00:00,1,27,MATCHED
2026-09-22T23:05:32.819688+00:00,SF_15835|38|ALL|1,SF_15835,38,,"38, 38R STOP TEMP. MOVED Board at O'Farrell/Stockton","38, 38R STOP TEMP. MOVED Board at O'Farrell/Stockton",STOP_MOVED,2026-09-22T15:11:09.430140+00:00,2026-09-22T22:47:11.574051+00:00,7.601,False,2026-09-22T23:05:32.819688+00:00,1,27,MATCHED
2026-09-22T23:05:32.819688+00:00,SF_15843|54|ALL|3,SF_15843,54,,54 STOP TEMP. MOVED Board at Revere btwn Ingalls & Jennings,54 STOP TEMP. MOVED Board at Revere btwn Ingalls & Jennings,STOP_MOVED,2026-09-22T15:11:09.430140+00:00,2026-09-22T22:47:11.574051+00:00,7.601,False,2026-09-22T23:05:32.819688+00:00,3,27,MATCHED
2026-09-22T23:05:32.819688+00:00,SF_15844|54|ALL|3,SF_15844,54,,54 STOP TEMP. MOVED Board midblock 3rd btwn Revere & Quesada,54 STOP TEMP. MOVED Board midblock 3rd btwn Revere & Quesada,STOP_MOVED,2026-09-22T15:11:09.430140+00:00,2026-09-22T22:47:11.574051+00:00,7.601,False,2026-09-22T23:05:32.819688+00:00,3,27,MATCHED
2026-09-23T00:14:29.377838+00:00,SF_15882|29|ALL|2,SF_15882,29,,29 STOP TEMP. MOVED Board at San Bruno & Paul,29 STOP TEMP. MOVED Board at San Bruno & Paul,STOP_MOVED,2026-09-22T15:11:09.430140+00:00,2026-09-22T23:59:06.126469+00:00,8.799,False,2026-09-23T00:14:29.377838+00:00,2,31,MATCHED
2026-09-22T22:11:48.940826+00:00,SF_15818|27|ALL|2,SF_15818,27,,"27, 67 STOP TEMP. MOVED Board midblock 24th btwn Lilac & Capp","27, 67 STOP TEMP. MOVED Board midblock 24th btwn Lilac & Capp",STOP_MOVED,2026-09-22T16:02:16.832122+00:00,2026-09-22T21:56:09.381783+00:00,5.898,False,2026-09-22T22:11:48.940826+00:00,2,21,MATCHED
2026-09-22T22:11:48.940826+00:00,SF_15818|67|ALL|2,SF_15818,67,,"27, 67 STOP TEMP. MOVED Board midblock 24th btwn Lilac & Capp","27, 67 STOP TEMP. MOVED Board midblock 24th btwn Lilac & Capp",STOP_MOVED,2026-09-22T16:02:16.832122+00:00,2026-09-22T21:56:09.381783+00:00,5.898,False,2026-09-22T22:11:48.940826+00:00,2,21,MATCHED
2026-09-22T22:11:48.940826+00:00,SF_15836|2|ALL|1,SF_15836,2,,2 STOP TEMP. MOVED Board 60 ft past existing stop,2 STOP TEMP. MOVED Board 60 ft past existing stop,STOP_MOVED,2026-09-22T16:02:16.832122+00:00,2026-09-22T21:56:09.381783+00:00,5.898,False,2026-09-22T22:11:48.940826+00:00,1,21,MATCHED
2026-09-22T22:11:48.940826+00:00,SF_15838|48|ALL|2,SF_15838,48,,48 STOP TEMP. MOVED Board at 24th/Capp,48 STOP TEMP. MOVED Board at 24th/Capp,STOP_MOVED,2026-09-22T16:02:16.832122+00:00,2026-09-22T21:56:09.381783+00:00,5.898,False,2026-09-22T22:11:48.940826+00:00,2,21,MATCHED
2026-09-22T22:11:48.940826+00:00,SF_15839|9R|ALL|2,SF_15839,9R,,"9, 9R STOP TEMP. MOVED Board on other side of Santos","9, 9R STOP TEMP. MOVED Board on other side of Santos",STOP_MOVED,2026-09-22T16:02:16.832122+00:00,2026-09-22T21:56:09.381783+00:00,5.898,False,2026-09-22T22:11:48.940826+00:00,2,21,MATCHED
2026-09-22T22:11:48.940826+00:00,SF_15839|9|ALL|2,SF_15839,9,,"9, 9R STOP TEMP. MOVED Board on other side of Santos","9, 9R STOP TEMP. MOVED Board on other side of Santos",STOP_MOVED,2026-09-22T16:02:16.832122+00:00,2026-09-22T21:56:09.381783+00:00,5.898,False,2026-09-22T22:11:48.940826+00:00,2,21,MATCHED
2026-09-22T16:59:27.008079+00:00,1175956729|NETWORK_WIDE|ALL|1,1175956729,,,Switching Back at Washington St and Powell St/Chinatown Powell-Hyde Cable Car and Powell-Mason Cable Car Lines,"As of 9:27 AM, SF Muni reports switching back at Washington St and Powell St, due to mechanical problems. Bus shuttles are being provided.",SERVICE_NOTICE,2026-09-22T16:38:19.443840+00:00,2026-09-22T16:38:19.443840+00:00,0.0,False,2026-09-22T16:59:27.008079+00:00,1,1,NETWORK_WIDE
2026-09-22T18:59:10.031957+00:00,1175997176|NETWORK_WIDE|ALL|1,1175997176,,,Powell-Hyde Cable Car and Powell-Mason Cable Car Lines Switching Back at Washington St and Powell St,"SF Muni reports Powell-Hyde Cable Car and Powell-Mason Cable Car Lines switching back at Washington St and Powell St, due to mechanical problems. Bus shuttles are being provided.",SERVICE_NOTICE,2026-09-22T18:26:02.982099+00:00,2026-09-22T18:43:58.871289+00:00,0.299,False,2026-09-22T18:59:10.031957+00:00,1,2,NETWORK_WIDE
2026-09-22T18:59:10.031957+00:00,1176000066|NETWORK_WIDE|ALL|1,1176000066,,,Powell-Hyde Cable Car Line Delayed,"SF Muni reports Powell-Hyde Cable Car Line delayed, due to mechanical problems.",DELAY,2026-09-22T18:26:02.982099+00:00,2026-09-22T18:43:58.871289+00:00,0.299,False,2026-09-22T18:59:10.031957+00:00,1,2,NETWORK_WIDE
2026-09-22T22:11:48.940826+00:00,SF_15908|31|ALL|1,SF_15908,31,,IB 31 blocked at Eddy & Leavenworth by emergency vehicles.,IB 31 blocked at Eddy & Leavenworth by emergency vehicles.,SERVICE_NOTICE,2026-09-22T21:56:09.381783+00:00,2026-09-22T21:56:09.381783+00:00,0.0,False,2026-09-22T22:11:48.940826+00:00,1,1,MATCHED
2026-09-23T03:47:25.697950+00:00,SF_15910|F|ALL|1,SF_15910,F,,IB F blocked at Market & Dolores by a non-Muni collision.,IB F blocked at Market & Dolores by a non-Muni collision.,SERVICE_NOTICE,2026-09-23T00:53:28.786063+00:00,2026-09-23T03:29:18.896861+00:00,2.597,False,2026-09-23T03:47:25.697950+00:00,1,10,MATCHED
2026-09-23T04:23:11.321278+00:00,1176185293|NETWORK_WIDE|ALL|1,1176185293,,,Subway Service Delayed Between Powell and Civic Center,SF Muni reports Subway Service delayed between Powell Station and Civic Center in both directions.,DELAY,2026-09-23T03:29:18.896861+00:00,2026-09-23T04:05:19.603982+00:00,0.6,False,2026-09-23T04:23:11.321278+00:00,1,3,NETWORK_WIDE
2026-09-24T07:14:20.744484+00:00,SF_15549|28|ALL|6,SF_15549,28,,28 STOP TEMP. MOVED Board at North Point/Taylor,28 STOP TEMP. MOVED Board at North Point/Taylor,STOP_MOVED,2026-09-23T12:08:16.167059+00:00,2026-09-24T06:56:28.440757+00:00,18.803,False,2026-09-24T07:14:20.744484+00:00,6,58,MATCHED
2026-09-24T07:14:20.744484+00:00,SF_15550|28|ALL|6,SF_15550,28,,28 STOP TEMP. MOVED Board on other side of Jones,28 STOP TEMP. MOVED Board on other side of Jones,STOP_MOVED,2026-09-23T12:08:16.167059+00:00,2026-09-24T06:56:28.440757+00:00,18.803,False,2026-09-24T07:14:20.744484+00:00,6,58,MATCHED
2026-09-24T05:08:30.483324+00:00,SF_15655|19|ALL|6,SF_15655,19,,19 RRT STOP CLOSED Board at 26th/De Haro,19 RRT STOP CLOSED Board at 26th/De Haro,STOP_CLOSED,2026-09-23T12:08:16.167059+00:00,2026-09-24T04:50:15.588416+00:00,16.7,False,2026-09-24T05:08:30.483324+00:00,6,51,MATCHED
2026-09-24T05:08:30.483324+00:00,SF_15656|19|ALL|6,SF_15656,19,,19 RRT STOP CLOSED Board at Connecticut/26th,19 RRT STOP CLOSED Board at Connecticut/26th,STOP_CLOSED,2026-09-23T12:08:16.167059+00:00,2026-09-24T04:50:15.588416+00:00,16.7,False,2026-09-24T05:08:30.483324+00:00,6,51,MATCHED
2026-09-24T05:08:30.483324+00:00,SF_15657|19|ALL|6,SF_15657,19,,19 RRT STOP CLOSED Board: 25th/Connecticut (NE corner),19 RRT STOP CLOSED Board: 25th/Connecticut (NE corner),STOP_CLOSED,2026-09-23T12:08:16.167059+00:00,2026-09-24T04:50:15.588416+00:00,16.7,False,2026-09-24T05:08:30.483324+00:00,6,51,MATCHED
2026-09-24T05:08:30.483324+00:00,SF_15658|19|ALL|6,SF_15658,19,,19 RRT STOP CLOSED Board: Evans/Cesar Chavez,19 RRT STOP CLOSED Board: Evans/Cesar Chavez,STOP_CLOSED,2026-09-23T12:08:16.167059+00:00,2026-09-24T04:50:15.588416+00:00,16.7,False,2026-09-24T05:08:30.483324+00:00,6,51,MATCHED
2026-09-24T07:14:20.744484+00:00,SF_15853|1X|ALL|3,SF_15853,1X,,1 & 1X STOP TEMP. CLOSED Board at 32nd & Clement,1 & 1X STOP TEMP. CLOSED Board at 32nd & Clement,STOP_MOVED,2026-09-23T12:08:16.167059+00:00,2026-09-24T06:56:28.440757+00:00,18.803,False,2026-09-24T07:14:20.744484+00:00,3,58,MATCHED
2026-09-24T07:14:20.744484+00:00,SF_15853|1|ALL|3,SF_15853,1,,1 & 1X STOP TEMP. CLOSED Board at 32nd & Clement,1 & 1X STOP TEMP. CLOSED Board at 32nd & Clement,STOP_MOVED,2026-09-23T12:08:16.167059+00:00,2026-09-24T06:56:28.440757+00:00,18.803,False,2026-09-24T07:14:20.744484+00:00,3,58,MATCHED
2026-09-24T07:14:20.744484+00:00,SF_15854|18|ALL|3,SF_15854,18,,18 STOP TEMP. CLOSED Board at Clement & Legion of Honor,18 STOP TEMP. CLOSED Board at Clement & Legion of Honor,STOP_MOVED,2026-09-23T12:08:16.167059+00:00,2026-09-24T06:56:28.440757+00:00,18.803,False,2026-09-24T07:14:20.744484+00:00,3,58,MATCHED
2026-09-24T07:14:20.744484+00:00,SF_15857|29|ALL|3,SF_15857,29,,29 STOP TEMP. MOVED Board on other side of California,29 STOP TEMP. MOVED Board on other side of California,STOP_MOVED,2026-09-23T12:08:16.167059+00:00,2026-09-24T06:56:28.440757+00:00,18.803,False,2026-09-24T07:14:20.744484+00:00,3,58,MATCHED
2026-09-24T03:17:25.745535+00:00,SF_13205|2|ALL|6,SF_13205,2,,2 STOP TEMP. MOVED Board at Hyde OR Polk,2 STOP TEMP. MOVED Board at Hyde OR Polk,STOP_MOVED,2026-09-23T13:02:46.314132+00:00,2026-09-24T02:59:23.154982+00:00,13.944,False,2026-09-24T03:17:25.745535+00:00,6,42,MATCHED
2026-09-24T05:47:16.200619+00:00,SF_15519|12|ALL|6,SF_15519,12,,12 STOP TEMP. MOVED Board at Folsom & Mabini,12 STOP TEMP. MOVED Board at Folsom & Mabini,STOP_MOVED,2026-09-23T13:02:46.314132+00:00,2026-09-24T05:29:25.979884+00:00,16.444,False,2026-09-24T05:47:16.200619+00:00,6,50,MATCHED
2026-09-24T05:08:30.483324+00:00,SF_15520|12|ALL|6,SF_15520,12,,12 STOP TEMP. MOVED Board at Folsom/2nd OR Folsom/4th,12 STOP TEMP. MOVED Board at Folsom/2nd OR Folsom/4th,STOP_MOVED,2026-09-23T13:02:46.314132+00:00,2026-09-24T04:50:15.588416+00:00,15.791,False,2026-09-24T05:08:30.483324+00:00,6,48,MATCHED
2026-09-24T01:23:49.028522+00:00,SF_15385|5R|ALL|4,SF_15385,5R,,"5, 5R STOP TEMP. MOVED Board midblock btwn 30th & 31st","5, 5R STOP TEMP. MOVED Board midblock btwn 30th & 31st",STOP_MOVED,2026-09-23T14:11:37.896955+00:00,2026-09-23T23:45:04.600272+00:00,9.557,False,2026-09-24T01:23:49.028522+00:00,4,32,MATCHED
2026-09-24T01:23:49.028522+00:00,SF_15385|5|ALL|4,SF_15385,5,,"5, 5R STOP TEMP. MOVED Board midblock btwn 30th & 31st","5, 5R STOP TEMP. MOVED Board midblock btwn 30th & 31st",STOP_MOVED,2026-09-23T14:11:37.896955+00:00,2026-09-23T23:45:04.600272+00:00,9.557,False,2026-09-24T01:23:49.028522+00:00,4,32,MATCHED
2026-09-24T01:23:49.028522+00:00,SF_15386|5R|ALL|4,SF_15386,5R,,"5, 5R STOP TEMP. MOVED Board midblock btwn 30th & 29th","5, 5R STOP TEMP. MOVED Board midblock btwn 30th & 29th",STOP_MOVED,2026-09-23T14:11:37.896955+00:00,2026-09-23T23:45:04.600272+00:00,9.557,False,2026-09-24T01:23:49.028522+00:00,4,32,MATCHED
2026-09-24T01:23:49.028522+00:00,SF_15386|5|ALL|4,SF_15386,5,,"5, 5R STOP TEMP. MOVED Board midblock btwn 30th & 29th","5, 5R STOP TEMP. MOVED Board midblock btwn 30th & 29th",STOP_MOVED,2026-09-23T14:11:37.896955+00:00,2026-09-23T23:45:04.600272+00:00,9.557,False,2026-09-24T01:23:49.028522+00:00,4,32,MATCHED
2026-09-23T23:05:25.993084+00:00,SF_15659|31|ALL|4,SF_15659,31,,31 STOP TEMP. MOVED Board on the other side of Jones,31 STOP TEMP. MOVED Board on the other side of Jones,STOP_MOVED,2026-09-23T14:11:37.896955+00:00,2026-09-23T22:50:09.760168+00:00,8.642,False,2026-09-23T23:05:25.993084+00:00,4,29,MATCHED
2026-09-24T06:05:24.745103+00:00,SF_15679|PM|ALL|6,SF_15679,PM,,Cable Car STOP TEMP. MOVED Board: other side of Broadway,Cable Car STOP TEMP. MOVED Board: other side of Broadway,STOP_MOVED,2026-09-23T14:11:37.896955+00:00,2026-09-24T05:47:16.200619+00:00,15.594,False,2026-09-24T06:05:24.745103+00:00,6,47,MATCHED
2026-09-24T01:23:49.028522+00:00,SF_15796|9R|ALL|4,SF_15796,9R,,"9, 9R STOP TEMP. MOVED Board: Sunnydale/Desmond","9, 9R STOP TEMP. MOVED Board: Sunnydale/Desmond",STOP_MOVED,2026-09-23T14:11:37.896955+00:00,2026-09-23T23:45:04.600272+00:00,9.557,False,2026-09-24T01:23:49.028522+00:00,4,32,MATCHED
2026-09-24T01:23:49.028522+00:00,SF_15796|9|ALL|4,SF_15796,9,,"9, 9R STOP TEMP. MOVED Board: Sunnydale/Desmond","9, 9R STOP TEMP. MOVED Board: Sunnydale/Desmond",STOP_MOVED,2026-09-23T14:11:37.896955+00:00,2026-09-23T23:45:04.600272+00:00,9.557,False,2026-09-24T01:23:49.028522+00:00,4,32,MATCHED
2026-09-24T01:23:49.028522+00:00,SF_15816|43|ALL|3,SF_15816,43,,"6, 43 STOP TEMP. MOVED Board at Parnassus/5th","6, 43 STOP TEMP. MOVED Board at Parnassus/5th",STOP_MOVED,2026-09-23T14:11:37.896955+00:00,2026-09-23T23:45:04.600272+00:00,9.557,False,2026-09-24T01:23:49.028522+00:00,3,32,MATCHED
2026-09-24T01:23:49.028522+00:00,SF_15816|6|ALL|3,SF_15816,6,,"6, 43 STOP TEMP. MOVED Board at Parnassus/5th","6, 43 STOP TEMP. MOVED Board at Parnassus/5th",STOP_MOVED,2026-09-23T14:11:37.896955+00:00,2026-09-23T23:45:04.600272+00:00,9.557,False,2026-09-24T01:23:49.028522+00:00,3,32,MATCHED
2026-09-24T01:23:49.028522+00:00,SF_15878|19|ALL|2,SF_15878,19,,19 STOP TEMP. CLOSED Board at Connecticut/26th,19 STOP TEMP. CLOSED Board at Connecticut/26th,STOP_MOVED,2026-09-23T14:11:37.896955+00:00,2026-09-23T23:45:04.600272+00:00,9.557,False,2026-09-24T01:23:49.028522+00:00,2,32,MATCHED
2026-09-23T23:05:25.993084+00:00,SF_15879|12|ALL|1,SF_15879,12,,12 STOP TEMP. MOVED Board midblock at Pacific btwn Jones & Leavenworth,12 STOP TEMP. MOVED Board midblock at Pacific btwn Jones & Leavenworth,STOP_MOVED,2026-09-23T14:11:37.896955+00:00,2026-09-23T22:50:09.760168+00:00,8.642,False,2026-09-23T23:05:25.993084+00:00,1,29,MATCHED
2026-09-23T23:45:04.600272+00:00,SF_15667|12|ALL|6,SF_15667,12,,12 STOP TEMP. MOVED Board at Sansome/Commercial,12 STOP TEMP. MOVED Board at Sansome/Commercial,STOP_MOVED,2026-09-23T14:33:15.876305+00:00,2026-09-23T23:26:37.917266+00:00,8.889,False,2026-09-23T23:45:04.600272+00:00,6,30,MATCHED
2026-09-24T01:23:49.028522+00:00,SF_15661|43|ALL|4,SF_15661,43,,43 STOP TEMP. MOVED Board at Gennessee/Judson,43 STOP TEMP. MOVED Board at Gennessee/Judson,STOP_MOVED,2026-09-23T15:08:27.925595+00:00,2026-09-23T23:45:04.600272+00:00,8.61,False,2026-09-24T01:23:49.028522+00:00,4,29,MATCHED
2026-09-24T01:23:49.028522+00:00,SF_15740|35|ALL|4,SF_15740,35,,35 RRT STOP CLOSED Board: Along Douglass OR Eureka/21st,35 RRT STOP CLOSED Board: Along Douglass OR Eureka/21st,STOP_CLOSED,2026-09-23T15:08:27.925595+00:00,2026-09-23T23:45:04.600272+00:00,8.61,False,2026-09-24T01:23:49.028522+00:00,4,29,MATCHED
2026-09-23T23:05:25.993084+00:00,SF_15752|38R|ALL|4,SF_15752,38R,,"38, 38R STOP TEMP. MOVED Board at O'Farrell/Mason","38, 38R STOP TEMP. MOVED Board at O'Farrell/Mason",STOP_MOVED,2026-09-23T15:08:27.925595+00:00,2026-09-23T22:50:09.760168+00:00,7.695,False,2026-09-23T23:05:25.993084+00:00,4,26,MATCHED
2026-09-23T23:05:25.993084+00:00,SF_15752|38|ALL|4,SF_15752,38,,"38, 38R STOP TEMP. MOVED Board at O'Farrell/Mason","38, 38R STOP TEMP. MOVED Board at O'Farrell/Mason",STOP_MOVED,2026-09-23T15:08:27.925595+00:00,2026-09-23T22:50:09.760168+00:00,7.695,False,2026-09-23T23:05:25.993084+00:00,4,26,MATCHED
2026-09-23T23:05:25.993084+00:00,SF_15835|38R|ALL|2,SF_15835,38R,,"38, 38R STOP TEMP. MOVED Board at O'Farrell/Stockton","38, 38R STOP TEMP. MOVED Board at O'Farrell/Stockton",STOP_MOVED,2026-09-23T15:08:27.925595+00:00,2026-09-23T22:50:09.760168+00:00,7.695,False,2026-09-23T23:05:25.993084+00:00,2,26,MATCHED
2026-09-23T23:05:25.993084+00:00,SF_15835|38|ALL|2,SF_15835,38,,"38, 38R STOP TEMP. MOVED Board at O'Farrell/Stockton","38, 38R STOP TEMP. MOVED Board at O'Farrell/Stockton",STOP_MOVED,2026-09-23T15:08:27.925595+00:00,2026-09-23T22:50:09.760168+00:00,7.695,False,2026-09-23T23:05:25.993084+00:00,2,26,MATCHED
2026-09-23T23:05:25.993084+00:00,SF_15843|54|ALL|4,SF_15843,54,,54 STOP TEMP. MOVED Board at Revere btwn Ingalls & Jennings,54 STOP TEMP. MOVED Board at Revere btwn Ingalls & Jennings,STOP_MOVED,2026-09-23T15:08:27.925595+00:00,2026-09-23T22:50:09.760168+00:00,7.695,False,2026-09-23T23:05:25.993084+00:00,4,26,MATCHED
2026-09-23T23:05:25.993084+00:00,SF_15844|54|ALL|4,SF_15844,54,,54 STOP TEMP. MOVED Board midblock 3rd btwn Revere & Quesada,54 STOP TEMP. MOVED Board midblock 3rd btwn Revere & Quesada,STOP_MOVED,2026-09-23T15:08:27.925595+00:00,2026-09-23T22:50:09.760168+00:00,7.695,False,2026-09-23T23:05:25.993084+00:00,4,26,MATCHED
2026-09-23T23:05:25.993084+00:00,SF_15880|45|ALL|1,SF_15880,45,,45 STOP TEMP. MOVED Board farside at Union/Hyde.,45 STOP TEMP. MOVED Board farside at Union/Hyde.,STOP_MOVED,2026-09-23T15:08:27.925595+00:00,2026-09-23T22:50:09.760168+00:00,7.695,False,2026-09-23T23:05:25.993084+00:00,1,26,MATCHED
2026-09-24T01:23:49.028522+00:00,SF_15882|29|ALL|3,SF_15882,29,,29 STOP TEMP. MOVED Board at San Bruno & Paul,29 STOP TEMP. MOVED Board at San Bruno & Paul,STOP_MOVED,2026-09-23T15:08:27.925595+00:00,2026-09-23T23:45:04.600272+00:00,8.61,False,2026-09-24T01:23:49.028522+00:00,3,29,MATCHED
2026-09-23T22:17:14.565095+00:00,SF_15818|27|ALL|3,SF_15818,27,,"27, 67 STOP TEMP. MOVED Board midblock 24th btwn Lilac & Capp","27, 67 STOP TEMP. MOVED Board midblock 24th btwn Lilac & Capp",STOP_MOVED,2026-09-23T16:03:12.410517+00:00,2026-09-23T21:59:20.432197+00:00,5.936,False,2026-09-23T22:17:14.565095+00:00,3,20,MATCHED
2026-09-23T22:17:14.565095+00:00,SF_15818|67|ALL|3,SF_15818,67,,"27, 67 STOP TEMP. MOVED Board midblock 24th btwn Lilac & Capp","27, 67 STOP TEMP. MOVED Board midblock 24th btwn Lilac & Capp",STOP_MOVED,2026-09-23T16:03:12.410517+00:00,2026-09-23T21:59:20.432197+00:00,5.936,False,2026-09-23T22:17:14.565095+00:00,3,20,MATCHED
2026-09-23T22:17:14.565095+00:00,SF_15836|2|ALL|2,SF_15836,2,,2 STOP TEMP. MOVED Board 60 ft past existing stop,2 STOP TEMP. MOVED Board 60 ft past existing stop,STOP_MOVED,2026-09-23T16:03:12.410517+00:00,2026-09-23T21:59:20.432197+00:00,5.936,False,2026-09-23T22:17:14.565095+00:00,2,20,MATCHED
2026-09-23T22:17:14.565095+00:00,SF_15838|48|ALL|3,SF_15838,48,,48 STOP TEMP. MOVED Board at 24th/Capp,48 STOP TEMP. MOVED Board at 24th/Capp,STOP_MOVED,2026-09-23T16:03:12.410517+00:00,2026-09-23T21:59:20.432197+00:00,5.936,False,2026-09-23T22:17:14.565095+00:00,3,20,MATCHED
2026-09-23T22:17:14.565095+00:00,SF_15839|9R|ALL|3,SF_15839,9R,,"9, 9R STOP TEMP. MOVED Board on other side of Santos","9, 9R STOP TEMP. MOVED Board on other side of Santos",STOP_MOVED,2026-09-23T16:03:12.410517+00:00,2026-09-23T21:59:20.432197+00:00,5.936,False,2026-09-23T22:17:14.565095+00:00,3,20,MATCHED
2026-09-23T22:17:14.565095+00:00,SF_15839|9|ALL|3,SF_15839,9,,"9, 9R STOP TEMP. MOVED Board on other side of Santos","9, 9R STOP TEMP. MOVED Board on other side of Santos",STOP_MOVED,2026-09-23T16:03:12.410517+00:00,2026-09-23T21:59:20.432197+00:00,5.936,False,2026-09-23T22:17:14.565095+00:00,3,20,MATCHED
2026-09-23T22:17:14.565095+00:00,SF_15885|2|ALL|1,SF_15885,2,,"2, 30, 45 STOP TEMP. MOVED Board 300 ft prior to stop","2, 30, 45 STOP TEMP. MOVED Board 300 ft prior to stop",STOP_MOVED,2026-09-23T16:03:12.410517+00:00,2026-09-23T21:59:20.432197+00:00,5.936,False,2026-09-23T22:17:14.565095+00:00,1,20,MATCHED
2026-09-23T22:17:14.565095+00:00,SF_15885|30|ALL|1,SF_15885,30,,"2, 30, 45 STOP TEMP. MOVED Board 300 ft prior to stop","2, 30, 45 STOP TEMP. MOVED Board 300 ft prior to stop",STOP_MOVED,2026-09-23T16:03:12.410517+00:00,2026-09-23T21:59:20.432197+00:00,5.936,False,2026-09-23T22:17:14.565095+00:00,1,20,MATCHED
2026-09-23T22:17:14.565095+00:00,SF_15885|45|ALL|1,SF_15885,45,,"2, 30, 45 STOP TEMP. MOVED Board 300 ft prior to stop","2, 30, 45 STOP TEMP. MOVED Board 300 ft prior to stop",STOP_MOVED,2026-09-23T16:03:12.410517+00:00,2026-09-23T21:59:20.432197+00:00,5.936,False,2026-09-23T22:17:14.565095+00:00,1,20,MATCHED
2026-09-23T19:03:17.381867+00:00,SF_15912|F|ALL|1,SF_15912,F,,#FMarket switching back OB to IB at Don Chee due to a disabled vehicle on the tracks.,#FMarket switching back OB to IB at Don Chee due to a disabled vehicle on the tracks.,SERVICE_NOTICE,2026-09-23T17:50:17.725225+00:00,2026-09-23T18:26:22.131629+00:00,0.601,False,2026-09-23T19:03:17.381867+00:00,1,3,MATCHED
2026-09-23T18:26:22.131629+00:00,1176424956|NETWORK_WIDE|ALL|1,1176424956,,,F-Market Line Switching Back outbound to inbound at Don Chee Way,"As of 10:5 AM, SF Muni reports F-Market Line switching back outbound to inbound at Don Chee Way, due to a car on the tracks. Please consider taking Muni Metro.",SERVICE_NOTICE,2026-09-23T18:08:25.198418+00:00,2026-09-23T18:08:25.198418+00:00,0.0,False,2026-09-23T18:26:22.131629+00:00,1,1,NETWORK_WIDE
2026-09-23T19:56:41.194694+00:00,SF_15914|29|ALL|1,SF_15914,29,,IB 29 rerouting around 19th & Winston due to SFPD via 19th-Buckingham.,IB 29 rerouting around 19th & Winston due to SFPD via 19th-Buckingham.,SERVICE_NOTICE,2026-09-23T19:38:33.959190+00:00,2026-09-23T19:38:33.959190+00:00,0.0,False,2026-09-23T19:56:41.194694+00:00,1,1,MATCHED
2026-09-23T21:41:27.637580+00:00,SF_15915|14R|ALL|1,SF_15915,14R,,IB 14/14R via Market btwn 11th & 10th due to SFPD activity.,IB 14/14R via Market btwn 11th & 10th due to SFPD activity.,SERVICE_NOTICE,2026-09-23T21:08:41.037412+00:00,2026-09-23T21:26:16.815470+00:00,0.293,False,2026-09-23T21:41:27.637580+00:00,1,2,MATCHED
2026-09-23T21:41:27.637580+00:00,SF_15915|14|ALL|1,SF_15915,14,,IB 14/14R via Market btwn 11th & 10th due to SFPD activity.,IB 14/14R via Market btwn 11th & 10th due to SFPD activity.,SERVICE_NOTICE,2026-09-23T21:08:41.037412+00:00,2026-09-23T21:26:16.815470+00:00,0.293,False,2026-09-23T21:41:27.637580+00:00,1,2,MATCHED
2026-09-28T15:15:23.056496+00:00,SF_15911|14R|ALL|1,SF_15911,14R,,14 & 14R STOP TEMP. RELOCATED Board curbside.,14 & 14R STOP TEMP. RELOCATED Board curbside.,STOP_MOVED,2026-09-24T07:14:20.744484+00:00,2026-09-28T14:57:24.152997+00:00,103.718,False,2026-09-28T15:15:23.056496+00:00,1,224,MATCHED
2026-09-28T15:15:23.056496+00:00,SF_15911|14|ALL|1,SF_15911,14,,14 & 14R STOP TEMP. RELOCATED Board curbside.,14 & 14R STOP TEMP. RELOCATED Board curbside.,STOP_MOVED,2026-09-24T07:14:20.744484+00:00,2026-09-28T14:57:24.152997+00:00,103.718,False,2026-09-28T15:15:23.056496+00:00,1,224,MATCHED
2026-09-25T07:08:35.761325+00:00,SF_15549|28|ALL|7,SF_15549,28,,28 STOP TEMP. MOVED Board at North Point/Taylor,28 STOP TEMP. MOVED Board at North Point/Taylor,STOP_MOVED,2026-09-24T12:11:39.254037+00:00,2026-09-25T06:50:53.110627+00:00,18.654,False,2026-09-25T07:08:35.761325+00:00,7,55,MATCHED
2026-09-25T07:08:35.761325+00:00,SF_15550|28|ALL|7,SF_15550,28,,28 STOP TEMP. MOVED Board on other side of Jones,28 STOP TEMP. MOVED Board on other side of Jones,STOP_MOVED,2026-09-24T12:11:39.254037+00:00,2026-09-25T06:50:53.110627+00:00,18.654,False,2026-09-25T07:08:35.761325+00:00,7,55,MATCHED
2026-09-25T05:08:29.519199+00:00,SF_15655|19|ALL|7,SF_15655,19,,19 RRT STOP CLOSED Board at 26th/De Haro,19 RRT STOP CLOSED Board at 26th/De Haro,STOP_CLOSED,2026-09-24T12:11:39.254037+00:00,2026-09-25T04:50:33.916968+00:00,16.649,False,2026-09-25T05:08:29.519199+00:00,7,48,MATCHED
2026-09-25T05:08:29.519199+00:00,SF_15656|19|ALL|7,SF_15656,19,,19 RRT STOP CLOSED Board at Connecticut/26th,19 RRT STOP CLOSED Board at Connecticut/26th,STOP_CLOSED,2026-09-24T12:11:39.254037+00:00,2026-09-25T04:50:33.916968+00:00,16.649,False,2026-09-25T05:08:29.519199+00:00,7,48,MATCHED
2026-09-25T05:08:29.519199+00:00,SF_15657|19|ALL|7,SF_15657,19,,19 RRT STOP CLOSED Board: 25th/Connecticut (NE corner),19 RRT STOP CLOSED Board: 25th/Connecticut (NE corner),STOP_CLOSED,2026-09-24T12:11:39.254037+00:00,2026-09-25T04:50:33.916968+00:00,16.649,False,2026-09-25T05:08:29.519199+00:00,7,48,MATCHED
2026-09-25T05:08:29.519199+00:00,SF_15658|19|ALL|7,SF_15658,19,,19 RRT STOP CLOSED Board: Evans/Cesar Chavez,19 RRT STOP CLOSED Board: Evans/Cesar Chavez,STOP_CLOSED,2026-09-24T12:11:39.254037+00:00,2026-09-25T04:50:33.916968+00:00,16.649,False,2026-09-25T05:08:29.519199+00:00,7,48,MATCHED
2026-09-25T07:08:35.761325+00:00,SF_15853|1X|ALL|4,SF_15853,1X,,1 & 1X STOP TEMP. CLOSED Board at 32nd & Clement,1 & 1X STOP TEMP. CLOSED Board at 32nd & Clement,STOP_MOVED,2026-09-24T12:11:39.254037+00:00,2026-09-25T06:50:53.110627+00:00,18.654,False,2026-09-25T07:08:35.761325+00:00,4,55,MATCHED
2026-09-25T07:08:35.761325+00:00,SF_15853|1|ALL|4,SF_15853,1,,1 & 1X STOP TEMP. CLOSED Board at 32nd & Clement,1 & 1X STOP TEMP. CLOSED Board at 32nd & Clement,STOP_MOVED,2026-09-24T12:11:39.254037+00:00,2026-09-25T06:50:53.110627+00:00,18.654,False,2026-09-25T07:08:35.761325+00:00,4,55,MATCHED
2026-09-25T07:08:35.761325+00:00,SF_15854|18|ALL|4,SF_15854,18,,18 STOP TEMP. CLOSED Board at Clement & Legion of Honor,18 STOP TEMP. CLOSED Board at Clement & Legion of Honor,STOP_MOVED,2026-09-24T12:11:39.254037+00:00,2026-09-25T06:50:53.110627+00:00,18.654,False,2026-09-25T07:08:35.761325+00:00,4,55,MATCHED
2026-09-25T07:08:35.761325+00:00,SF_15857|29|ALL|4,SF_15857,29,,29 STOP TEMP. MOVED Board on other side of California,29 STOP TEMP. MOVED Board on other side of California,STOP_MOVED,2026-09-24T12:11:39.254037+00:00,2026-09-25T06:50:53.110627+00:00,18.654,False,2026-09-25T07:08:35.761325+00:00,4,55,MATCHED
2026-09-25T03:04:00.120846+00:00,SF_13205|2|ALL|7,SF_13205,2,,2 STOP TEMP. MOVED Board at Hyde OR Polk,2 STOP TEMP. MOVED Board at Hyde OR Polk,STOP_MOVED,2026-09-24T13:05:27.833233+00:00,2026-09-25T02:47:34.386256+00:00,13.702,False,2026-09-25T03:04:00.120846+00:00,7,38,MATCHED
2026-09-25T05:44:31.026646+00:00,SF_15519|12|ALL|7,SF_15519,12,,12 STOP TEMP. MOVED Board at Folsom & Mabini,12 STOP TEMP. MOVED Board at Folsom & Mabini,STOP_MOVED,2026-09-24T13:05:27.833233+00:00,2026-09-25T05:26:23.521107+00:00,16.349,False,2026-09-25T05:44:31.026646+00:00,7,47,MATCHED
2026-09-25T05:08:29.519199+00:00,SF_15520|12|ALL|7,SF_15520,12,,12 STOP TEMP. MOVED Board at Folsom/2nd OR Folsom/4th,12 STOP TEMP. MOVED Board at Folsom/2nd OR Folsom/4th,STOP_MOVED,2026-09-24T13:05:27.833233+00:00,2026-09-25T04:50:33.916968+00:00,15.752,False,2026-09-25T05:08:29.519199+00:00,7,45,MATCHED
2026-09-25T00:05:43.981330+00:00,SF_15385|5R|ALL|5,SF_15385,5R,,"5, 5R STOP TEMP. MOVED Board midblock btwn 30th & 31st","5, 5R STOP TEMP. MOVED Board midblock btwn 30th & 31st",STOP_MOVED,2026-09-24T14:17:25.317293+00:00,2026-09-24T23:47:50.131262+00:00,9.507,False,2026-09-25T00:05:43.981330+00:00,5,24,MATCHED
2026-09-25T00:05:43.981330+00:00,SF_15385|5|ALL|5,SF_15385,5,,"5, 5R STOP TEMP. MOVED Board midblock btwn 30th & 31st","5, 5R STOP TEMP. MOVED Board midblock btwn 30th & 31st",STOP_MOVED,2026-09-24T14:17:25.317293+00:00,2026-09-24T23:47:50.131262+00:00,9.507,False,2026-09-25T00:05:43.981330+00:00,5,24,MATCHED
2026-09-25T00:05:43.981330+00:00,SF_15386|5R|ALL|5,SF_15386,5R,,"5, 5R STOP TEMP. MOVED Board midblock btwn 30th & 29th","5, 5R STOP TEMP. MOVED Board midblock btwn 30th & 29th",STOP_MOVED,2026-09-24T14:17:25.317293+00:00,2026-09-24T23:47:50.131262+00:00,9.507,False,2026-09-25T00:05:43.981330+00:00,5,24,MATCHED
2026-09-25T00:05:43.981330+00:00,SF_15386|5|ALL|5,SF_15386,5,,"5, 5R STOP TEMP. MOVED Board midblock btwn 30th & 29th","5, 5R STOP TEMP. MOVED Board midblock btwn 30th & 29th",STOP_MOVED,2026-09-24T14:17:25.317293+00:00,2026-09-24T23:47:50.131262+00:00,9.507,False,2026-09-25T00:05:43.981330+00:00,5,24,MATCHED
2026-09-24T23:11:39.777643+00:00,SF_15659|31|ALL|5,SF_15659,31,,31 STOP TEMP. MOVED Board on the other side of Jones,31 STOP TEMP. MOVED Board on the other side of Jones,STOP_MOVED,2026-09-24T14:17:25.317293+00:00,2026-09-24T22:53:15.422580+00:00,8.597,False,2026-09-24T23:11:39.777643+00:00,5,21,MATCHED
2026-09-25T06:02:59.940922+00:00,SF_15679|PM|ALL|7,SF_15679,PM,,Cable Car STOP TEMP. MOVED Board: other side of Broadway,Cable Car STOP TEMP. MOVED Board: other side of Broadway,STOP_MOVED,2026-09-24T14:17:25.317293+00:00,2026-09-25T05:44:31.026646+00:00,15.452,False,2026-09-25T06:02:59.940922+00:00,7,44,MATCHED
2026-09-25T00:05:43.981330+00:00,SF_15796|9R|ALL|5,SF_15796,9R,,"9, 9R STOP TEMP. MOVED Board: Sunnydale/Desmond","9, 9R STOP TEMP. MOVED Board: Sunnydale/Desmond",STOP_MOVED,2026-09-24T14:17:25.317293+00:00,2026-09-24T23:47:50.131262+00:00,9.507,False,2026-09-25T00:05:43.981330+00:00,5,24,MATCHED
2026-09-25T00:05:43.981330+00:00,SF_15796|9|ALL|5,SF_15796,9,,"9, 9R STOP TEMP. MOVED Board: Sunnydale/Desmond","9, 9R STOP TEMP. MOVED Board: Sunnydale/Desmond",STOP_MOVED,2026-09-24T14:17:25.317293+00:00,2026-09-24T23:47:50.131262+00:00,9.507,False,2026-09-25T00:05:43.981330+00:00,5,24,MATCHED
2026-09-25T00:05:43.981330+00:00,SF_15816|43|ALL|4,SF_15816,43,,"6, 43 STOP TEMP. MOVED Board at Parnassus/5th","6, 43 STOP TEMP. MOVED Board at Parnassus/5th",STOP_MOVED,2026-09-24T14:17:25.317293+00:00,2026-09-24T23:47:50.131262+00:00,9.507,False,2026-09-25T00:05:43.981330+00:00,4,24,MATCHED
2026-09-25T00:05:43.981330+00:00,SF_15816|6|ALL|4,SF_15816,6,,"6, 43 STOP TEMP. MOVED Board at Parnassus/5th","6, 43 STOP TEMP. MOVED Board at Parnassus/5th",STOP_MOVED,2026-09-24T14:17:25.317293+00:00,2026-09-24T23:47:50.131262+00:00,9.507,False,2026-09-25T00:05:43.981330+00:00,4,24,MATCHED
2026-09-25T00:05:43.981330+00:00,SF_15878|19|ALL|3,SF_15878,19,,19 STOP TEMP. CLOSED Board at Connecticut/26th,19 STOP TEMP. CLOSED Board at Connecticut/26th,STOP_MOVED,2026-09-24T14:17:25.317293+00:00,2026-09-24T23:47:50.131262+00:00,9.507,False,2026-09-25T00:05:43.981330+00:00,3,24,MATCHED
2026-09-24T23:11:39.777643+00:00,SF_15879|12|ALL|2,SF_15879,12,,12 STOP TEMP. MOVED Board midblock at Pacific btwn Jones & Leavenworth,12 STOP TEMP. MOVED Board midblock at Pacific btwn Jones & Leavenworth,STOP_MOVED,2026-09-24T14:17:25.317293+00:00,2026-09-24T22:53:15.422580+00:00,8.597,False,2026-09-24T23:11:39.777643+00:00,2,21,MATCHED
2026-09-24T23:47:50.131262+00:00,SF_15667|12|ALL|7,SF_15667,12,,12 STOP TEMP. MOVED Board at Sansome/Commercial,12 STOP TEMP. MOVED Board at Sansome/Commercial,STOP_MOVED,2026-09-24T14:32:47.632759+00:00,2026-09-24T23:29:21.593043+00:00,8.943,False,2026-09-24T23:47:50.131262+00:00,7,22,MATCHED
2026-09-25T00:05:43.981330+00:00,SF_15661|43|ALL|5,SF_15661,43,,43 STOP TEMP. MOVED Board at Gennessee/Judson,43 STOP TEMP. MOVED Board at Gennessee/Judson,STOP_MOVED,2026-09-24T15:11:46.192384+00:00,2026-09-24T23:47:50.131262+00:00,8.601,False,2026-09-25T00:05:43.981330+00:00,5,21,MATCHED
2026-09-25T00:05:43.981330+00:00,SF_15740|35|ALL|5,SF_15740,35,,35 RRT STOP CLOSED Board: Along Douglass OR Eureka/21st,35 RRT STOP CLOSED Board: Along Douglass OR Eureka/21st,STOP_CLOSED,2026-09-24T15:11:46.192384+00:00,2026-09-24T23:47:50.131262+00:00,8.601,False,2026-09-25T00:05:43.981330+00:00,5,21,MATCHED
2026-09-24T23:11:39.777643+00:00,SF_15752|38R|ALL|5,SF_15752,38R,,"38, 38R STOP TEMP. MOVED Board at O'Farrell/Mason","38, 38R STOP TEMP. MOVED Board at O'Farrell/Mason",STOP_MOVED,2026-09-24T15:11:46.192384+00:00,2026-09-24T22:53:15.422580+00:00,7.691,False,2026-09-24T23:11:39.777643+00:00,5,18,MATCHED
2026-09-24T23:11:39.777643+00:00,SF_15752|38|ALL|5,SF_15752,38,,"38, 38R STOP TEMP. MOVED Board at O'Farrell/Mason","38, 38R STOP TEMP. MOVED Board at O'Farrell/Mason",STOP_MOVED,2026-09-24T15:11:46.192384+00:00,2026-09-24T22:53:15.422580+00:00,7.691,False,2026-09-24T23:11:39.777643+00:00,5,18,MATCHED
2026-09-24T23:11:39.777643+00:00,SF_15835|38R|ALL|3,SF_15835,38R,,"38, 38R STOP TEMP. MOVED Board at O'Farrell/Stockton","38, 38R STOP TEMP. MOVED Board at O'Farrell/Stockton",STOP_MOVED,2026-09-24T15:11:46.192384+00:00,2026-09-24T22:53:15.422580+00:00,7.691,False,2026-09-24T23:11:39.777643+00:00,3,18,MATCHED
2026-09-24T23:11:39.777643+00:00,SF_15835|38|ALL|3,SF_15835,38,,"38, 38R STOP TEMP. MOVED Board at O'Farrell/Stockton","38, 38R STOP TEMP. MOVED Board at O'Farrell/Stockton",STOP_MOVED,2026-09-24T15:11:46.192384+00:00,2026-09-24T22:53:15.422580+00:00,7.691,False,2026-09-24T23:11:39.777643+00:00,3,18,MATCHED
2026-09-24T23:11:39.777643+00:00,SF_15843|54|ALL|5,SF_15843,54,,54 STOP TEMP. MOVED Board at Revere btwn Ingalls & Jennings,54 STOP TEMP. MOVED Board at Revere btwn Ingalls & Jennings,STOP_MOVED,2026-09-24T15:11:46.192384+00:00,2026-09-24T22:53:15.422580+00:00,7.691,False,2026-09-24T23:11:39.777643+00:00,5,18,MATCHED
2026-09-24T23:11:39.777643+00:00,SF_15844|54|ALL|5,SF_15844,54,,54 STOP TEMP. MOVED Board midblock 3rd btwn Revere & Quesada,54 STOP TEMP. MOVED Board midblock 3rd btwn Revere & Quesada,STOP_MOVED,2026-09-24T15:11:46.192384+00:00,2026-09-24T22:53:15.422580+00:00,7.691,False,2026-09-24T23:11:39.777643+00:00,5,18,MATCHED
2026-09-24T23:11:39.777643+00:00,SF_15880|45|ALL|2,SF_15880,45,,45 STOP TEMP. MOVED Board farside at Union/Hyde.,45 STOP TEMP. MOVED Board farside at Union/Hyde.,STOP_MOVED,2026-09-24T15:11:46.192384+00:00,2026-09-24T22:53:15.422580+00:00,7.691,False,2026-09-24T23:11:39.777643+00:00,2,18,MATCHED
2026-09-25T00:05:43.981330+00:00,SF_15881|48|ALL|1,SF_15881,48,,"48, 66 STOP TEMP. MOVED Board farside at Quintara/22nd","48, 66 STOP TEMP. MOVED Board farside at Quintara/22nd",STOP_MOVED,2026-09-24T15:11:46.192384+00:00,2026-09-24T23:47:50.131262+00:00,8.601,False,2026-09-25T00:05:43.981330+00:00,1,21,MATCHED
2026-09-25T00:05:43.981330+00:00,SF_15881|66|ALL|1,SF_15881,66,,"48, 66 STOP TEMP. MOVED Board farside at Quintara/22nd","48, 66 STOP TEMP. MOVED Board farside at Quintara/22nd",STOP_MOVED,2026-09-24T15:11:46.192384+00:00,2026-09-24T23:47:50.131262+00:00,8.601,False,2026-09-25T00:05:43.981330+00:00,1,21,MATCHED
2026-09-25T00:05:43.981330+00:00,SF_15882|29|ALL|4,SF_15882,29,,29 STOP TEMP. MOVED Board at San Bruno & Paul,29 STOP TEMP. MOVED Board at San Bruno & Paul,STOP_MOVED,2026-09-24T15:11:46.192384+00:00,2026-09-24T23:47:50.131262+00:00,8.601,False,2026-09-25T00:05:43.981330+00:00,4,21,MATCHED
2026-09-24T17:07:31.027324+00:00,SF_15918|22|ALL|1,SF_15918,22,,IB 22 rerouting around Steiner & Union due to work on the overhead wire. RRT via Steiner-Green-Fillmore.,IB 22 rerouting around Steiner & Union due to work on the overhead wire. RRT via Steiner-Green-Fillmore.,SERVICE_NOTICE,2026-09-24T15:11:46.192384+00:00,2026-09-24T16:23:35.216100+00:00,1.197,False,2026-09-24T17:07:31.027324+00:00,1,5,MATCHED
2026-09-24T22:17:31.596140+00:00,SF_15836|2|ALL|3,SF_15836,2,,2 STOP TEMP. MOVED Board 60 ft past existing stop,2 STOP TEMP. MOVED Board 60 ft past existing stop,STOP_MOVED,2026-09-24T16:05:41.291805+00:00,2026-09-24T21:56:35.120852+00:00,5.848,False,2026-09-24T22:17:31.596140+00:00,3,12,MATCHED
2026-09-24T22:17:31.596140+00:00,SF_15839|9R|ALL|4,SF_15839,9R,,"9, 9R STOP TEMP. MOVED Board on other side of Santos","9, 9R STOP TEMP. MOVED Board on other side of Santos",STOP_MOVED,2026-09-24T16:05:41.291805+00:00,2026-09-24T21:56:35.120852+00:00,5.848,False,2026-09-24T22:17:31.596140+00:00,4,12,MATCHED
2026-09-24T22:17:31.596140+00:00,SF_15839|9|ALL|4,SF_15839,9,,"9, 9R STOP TEMP. MOVED Board on other side of Santos","9, 9R STOP TEMP. MOVED Board on other side of Santos",STOP_MOVED,2026-09-24T16:05:41.291805+00:00,2026-09-24T21:56:35.120852+00:00,5.848,False,2026-09-24T22:17:31.596140+00:00,4,12,MATCHED
2026-09-24T22:17:31.596140+00:00,SF_15861|27|ALL|1,SF_15861,27,,"27, 67 STOP TEMP. MOVED Board on other side of Mission","27, 67 STOP TEMP. MOVED Board on other side of Mission",STOP_MOVED,2026-09-24T16:05:41.291805+00:00,2026-09-24T21:56:35.120852+00:00,5.848,False,2026-09-24T22:17:31.596140+00:00,1,12,MATCHED
2026-09-24T22:17:31.596140+00:00,SF_15861|67|ALL|1,SF_15861,67,,"27, 67 STOP TEMP. MOVED Board on other side of Mission","27, 67 STOP TEMP. MOVED Board on other side of Mission",STOP_MOVED,2026-09-24T16:05:41.291805+00:00,2026-09-24T21:56:35.120852+00:00,5.848,False,2026-09-24T22:17:31.596140+00:00,1,12,MATCHED
2026-09-24T22:17:31.596140+00:00,SF_15862|48|ALL|1,SF_15862,48,,48 STOP TEMP. MOVED Board at 24th/Capp,48 STOP TEMP. MOVED Board at 24th/Capp,STOP_MOVED,2026-09-24T16:05:41.291805+00:00,2026-09-24T21:56:35.120852+00:00,5.848,False,2026-09-24T22:17:31.596140+00:00,1,12,MATCHED
2026-09-24T22:17:31.596140+00:00,SF_15885|2|ALL|2,SF_15885,2,,"2, 30, 45 STOP TEMP. MOVED Board 300 ft prior to stop","2, 30, 45 STOP TEMP. MOVED Board 300 ft prior to stop",STOP_MOVED,2026-09-24T16:05:41.291805+00:00,2026-09-24T21:56:35.120852+00:00,5.848,False,2026-09-24T22:17:31.596140+00:00,2,12,MATCHED
2026-09-24T22:17:31.596140+00:00,SF_15885|30|ALL|2,SF_15885,30,,"2, 30, 45 STOP TEMP. MOVED Board 300 ft prior to stop","2, 30, 45 STOP TEMP. MOVED Board 300 ft prior to stop",STOP_MOVED,2026-09-24T16:05:41.291805+00:00,2026-09-24T21:56:35.120852+00:00,5.848,False,2026-09-24T22:17:31.596140+00:00,2,12,MATCHED
2026-09-24T22:17:31.596140+00:00,SF_15885|45|ALL|2,SF_15885,45,,"2, 30, 45 STOP TEMP. MOVED Board 300 ft prior to stop","2, 30, 45 STOP TEMP. MOVED Board 300 ft prior to stop",STOP_MOVED,2026-09-24T16:05:41.291805+00:00,2026-09-24T21:56:35.120852+00:00,5.848,False,2026-09-24T22:17:31.596140+00:00,2,12,MATCHED
2026-09-28T07:08:58.751511+00:00,SF_15928|M|ALL|1,SF_15928,M,,This weekend M bus shuttles between Balboa Park and Broad & Plymouth.,This weekend M bus shuttles between Balboa Park and Broad & Plymouth.,SERVICE_NOTICE,2026-09-24T22:17:31.596140+00:00,2026-09-28T06:51:04.362110+00:00,80.559,False,2026-09-28T07:08:58.751511+00:00,1,155,MATCHED
2026-09-25T07:08:35.761325+00:00,SF_15877|38R|ALL|1,SF_15877,38R,,"38, 38R, Owl STOP TEMP. MOVED Board on other side of Powell","38, 38R, Owl STOP TEMP. MOVED Board on other side of Powell",STOP_MOVED,2026-09-25T02:11:44.080668+00:00,2026-09-25T06:50:53.110627+00:00,4.653,False,2026-09-25T07:08:35.761325+00:00,1,17,MATCHED
2026-09-25T07:08:35.761325+00:00,SF_15877|38|ALL|1,SF_15877,38,,"38, 38R, Owl STOP TEMP. MOVED Board on other side of Powell","38, 38R, Owl STOP TEMP. MOVED Board on other side of Powell",STOP_MOVED,2026-09-25T02:11:44.080668+00:00,2026-09-25T06:50:53.110627+00:00,4.653,False,2026-09-25T07:08:35.761325+00:00,1,17,MATCHED
2026-09-25T14:14:25.015260+00:00,SF_15876|38R|ALL|1,SF_15876,38R,,"38, 38R, Owl STOP TEMP. MOVED Board on other side of Powell","38, 38R, Owl STOP TEMP. MOVED Board on other side of Powell",STOP_MOVED,2026-09-25T07:08:35.761325+00:00,2026-09-25T13:56:23.744653+00:00,6.797,False,2026-09-25T14:14:25.015260+00:00,1,24,MATCHED
2026-09-25T14:14:25.015260+00:00,SF_15876|38|ALL|1,SF_15876,38,,"38, 38R, Owl STOP TEMP. MOVED Board on other side of Powell","38, 38R, Owl STOP TEMP. MOVED Board on other side of Powell",STOP_MOVED,2026-09-25T07:08:35.761325+00:00,2026-09-25T13:56:23.744653+00:00,6.797,False,2026-09-25T14:14:25.015260+00:00,1,24,MATCHED
2026-09-26T07:14:58.606541+00:00,SF_15549|28|ALL|8,SF_15549,28,,28 STOP TEMP. MOVED Board at North Point/Taylor,28 STOP TEMP. MOVED Board at North Point/Taylor,STOP_MOVED,2026-09-25T12:08:31.868725+00:00,2026-09-26T06:57:08.562282+00:00,18.81,False,2026-09-26T07:14:58.606541+00:00,8,44,MATCHED
2026-09-26T07:14:58.606541+00:00,SF_15550|28|ALL|8,SF_15550,28,,28 STOP TEMP. MOVED Board on other side of Jones,28 STOP TEMP. MOVED Board on other side of Jones,STOP_MOVED,2026-09-25T12:08:31.868725+00:00,2026-09-26T06:57:08.562282+00:00,18.81,False,2026-09-26T07:14:58.606541+00:00,8,44,MATCHED
2026-09-26T05:44:58.373753+00:00,SF_15655|19|ALL|8,SF_15655,19,,19 RRT STOP CLOSED Board at 26th/De Haro,19 RRT STOP CLOSED Board at 26th/De Haro,STOP_CLOSED,2026-09-25T12:08:31.868725+00:00,2026-09-26T01:54:46.090942+00:00,13.771,False,2026-09-26T05:44:58.373753+00:00,8,39,MATCHED
2026-09-26T05:44:58.373753+00:00,SF_15656|19|ALL|8,SF_15656,19,,19 RRT STOP CLOSED Board at Connecticut/26th,19 RRT STOP CLOSED Board at Connecticut/26th,STOP_CLOSED,2026-09-25T12:08:31.868725+00:00,2026-09-26T01:54:46.090942+00:00,13.771,False,2026-09-26T05:44:58.373753+00:00,8,39,MATCHED
2026-09-26T05:44:58.373753+00:00,SF_15657|19|ALL|8,SF_15657,19,,19 RRT STOP CLOSED Board: 25th/Connecticut (NE corner),19 RRT STOP CLOSED Board: 25th/Connecticut (NE corner),STOP_CLOSED,2026-09-25T12:08:31.868725+00:00,2026-09-26T01:54:46.090942+00:00,13.771,False,2026-09-26T05:44:58.373753+00:00,8,39,MATCHED
2026-09-26T05:44:58.373753+00:00,SF_15658|19|ALL|8,SF_15658,19,,19 RRT STOP CLOSED Board: Evans/Cesar Chavez,19 RRT STOP CLOSED Board: Evans/Cesar Chavez,STOP_CLOSED,2026-09-25T12:08:31.868725+00:00,2026-09-26T01:54:46.090942+00:00,13.771,False,2026-09-26T05:44:58.373753+00:00,8,39,MATCHED
2026-09-26T07:14:58.606541+00:00,SF_15853|1X|ALL|5,SF_15853,1X,,1 & 1X STOP TEMP. CLOSED Board at 32nd & Clement,1 & 1X STOP TEMP. CLOSED Board at 32nd & Clement,STOP_MOVED,2026-09-25T12:08:31.868725+00:00,2026-09-26T06:57:08.562282+00:00,18.81,False,2026-09-26T07:14:58.606541+00:00,5,44,MATCHED
2026-09-26T07:14:58.606541+00:00,SF_15853|1|ALL|5,SF_15853,1,,1 & 1X STOP TEMP. CLOSED Board at 32nd & Clement,1 & 1X STOP TEMP. CLOSED Board at 32nd & Clement,STOP_MOVED,2026-09-25T12:08:31.868725+00:00,2026-09-26T06:57:08.562282+00:00,18.81,False,2026-09-26T07:14:58.606541+00:00,5,44,MATCHED
2026-09-26T07:14:58.606541+00:00,SF_15854|18|ALL|5,SF_15854,18,,18 STOP TEMP. CLOSED Board at Clement & Legion of Honor,18 STOP TEMP. CLOSED Board at Clement & Legion of Honor,STOP_MOVED,2026-09-25T12:08:31.868725+00:00,2026-09-26T06:57:08.562282+00:00,18.81,False,2026-09-26T07:14:58.606541+00:00,5,44,MATCHED
2026-09-26T07:14:58.606541+00:00,SF_15857|29|ALL|5,SF_15857,29,,29 STOP TEMP. MOVED Board on other side of California,29 STOP TEMP. MOVED Board on other side of California,STOP_MOVED,2026-09-25T12:08:31.868725+00:00,2026-09-26T06:57:08.562282+00:00,18.81,False,2026-09-26T07:14:58.606541+00:00,5,44,MATCHED
2026-09-26T05:44:58.373753+00:00,SF_13205|2|ALL|8,SF_13205,2,,2 STOP TEMP. MOVED Board at Hyde OR Polk,2 STOP TEMP. MOVED Board at Hyde OR Polk,STOP_MOVED,2026-09-25T13:02:56.166460+00:00,2026-09-26T01:54:46.090942+00:00,12.864,False,2026-09-26T05:44:58.373753+00:00,8,36,MATCHED
2026-09-26T05:44:58.373753+00:00,SF_15519|12|ALL|8,SF_15519,12,,12 STOP TEMP. MOVED Board at Folsom & Mabini,12 STOP TEMP. MOVED Board at Folsom & Mabini,STOP_MOVED,2026-09-25T13:02:56.166460+00:00,2026-09-26T01:54:46.090942+00:00,12.864,False,2026-09-26T05:44:58.373753+00:00,8,36,MATCHED
2026-09-26T05:44:58.373753+00:00,SF_15520|12|ALL|8,SF_15520,12,,12 STOP TEMP. MOVED Board at Folsom/2nd OR Folsom/4th,12 STOP TEMP. MOVED Board at Folsom/2nd OR Folsom/4th,STOP_MOVED,2026-09-25T13:02:56.166460+00:00,2026-09-26T01:54:46.090942+00:00,12.864,False,2026-09-26T05:44:58.373753+00:00,8,36,MATCHED
2026-09-26T00:08:32.560502+00:00,SF_15385|5R|ALL|6,SF_15385,5R,,"5, 5R STOP TEMP. MOVED Board midblock btwn 30th & 31st","5, 5R STOP TEMP. MOVED Board midblock btwn 30th & 31st",STOP_MOVED,2026-09-25T14:14:25.015260+00:00,2026-09-25T23:50:45.209663+00:00,9.606,False,2026-09-26T00:08:32.560502+00:00,6,27,MATCHED
2026-09-26T00:08:32.560502+00:00,SF_15385|5|ALL|6,SF_15385,5,,"5, 5R STOP TEMP. MOVED Board midblock btwn 30th & 31st","5, 5R STOP TEMP. MOVED Board midblock btwn 30th & 31st",STOP_MOVED,2026-09-25T14:14:25.015260+00:00,2026-09-25T23:50:45.209663+00:00,9.606,False,2026-09-26T00:08:32.560502+00:00,6,27,MATCHED
2026-09-26T00:08:32.560502+00:00,SF_15386|5R|ALL|6,SF_15386,5R,,"5, 5R STOP TEMP. MOVED Board midblock btwn 30th & 29th","5, 5R STOP TEMP. MOVED Board midblock btwn 30th & 29th",STOP_MOVED,2026-09-25T14:14:25.015260+00:00,2026-09-25T23:50:45.209663+00:00,9.606,False,2026-09-26T00:08:32.560502+00:00,6,27,MATCHED
2026-09-26T00:08:32.560502+00:00,SF_15386|5|ALL|6,SF_15386,5,,"5, 5R STOP TEMP. MOVED Board midblock btwn 30th & 29th","5, 5R STOP TEMP. MOVED Board midblock btwn 30th & 29th",STOP_MOVED,2026-09-25T14:14:25.015260+00:00,2026-09-25T23:50:45.209663+00:00,9.606,False,2026-09-26T00:08:32.560502+00:00,6,27,MATCHED
2026-09-25T23:14:38.041531+00:00,SF_15659|31|ALL|6,SF_15659,31,,31 STOP TEMP. MOVED Board on the other side of Jones,31 STOP TEMP. MOVED Board on the other side of Jones,STOP_MOVED,2026-09-25T14:14:25.015260+00:00,2026-09-25T22:56:34.427833+00:00,8.703,False,2026-09-25T23:14:38.041531+00:00,6,24,MATCHED
2026-09-26T06:03:08.772768+00:00,SF_15679|PM|ALL|8,SF_15679,PM,,Cable Car STOP TEMP. MOVED Board: other side of Broadway,Cable Car STOP TEMP. MOVED Board: other side of Broadway,STOP_MOVED,2026-09-25T14:14:25.015260+00:00,2026-09-26T05:44:58.373753+00:00,15.509,False,2026-09-26T06:03:08.772768+00:00,8,33,MATCHED
2026-09-26T00:08:32.560502+00:00,SF_15796|9R|ALL|6,SF_15796,9R,,"9, 9R STOP TEMP. MOVED Board: Sunnydale/Desmond","9, 9R STOP TEMP. MOVED Board: Sunnydale/Desmond",STOP_MOVED,2026-09-25T14:14:25.015260+00:00,2026-09-25T23:50:45.209663+00:00,9.606,False,2026-09-26T00:08:32.560502+00:00,6,27,MATCHED
2026-09-26T00:08:32.560502+00:00,SF_15796|9|ALL|6,SF_15796,9,,"9, 9R STOP TEMP. MOVED Board: Sunnydale/Desmond","9, 9R STOP TEMP. MOVED Board: Sunnydale/Desmond",STOP_MOVED,2026-09-25T14:14:25.015260+00:00,2026-09-25T23:50:45.209663+00:00,9.606,False,2026-09-26T00:08:32.560502+00:00,6,27,MATCHED
2026-09-26T00:08:32.560502+00:00,SF_15816|43|ALL|5,SF_15816,43,,"6, 43 STOP TEMP. MOVED Board at Parnassus/5th","6, 43 STOP TEMP. MOVED Board at Parnassus/5th",STOP_MOVED,2026-09-25T14:14:25.015260+00:00,2026-09-25T23:50:45.209663+00:00,9.606,False,2026-09-26T00:08:32.560502+00:00,5,27,MATCHED
2026-09-26T00:08:32.560502+00:00,SF_15816|6|ALL|5,SF_15816,6,,"6, 43 STOP TEMP. MOVED Board at Parnassus/5th","6, 43 STOP TEMP. MOVED Board at Parnassus/5th",STOP_MOVED,2026-09-25T14:14:25.015260+00:00,2026-09-25T23:50:45.209663+00:00,9.606,False,2026-09-26T00:08:32.560502+00:00,5,27,MATCHED
2026-09-26T00:08:32.560502+00:00,SF_15878|19|ALL|4,SF_15878,19,,19 STOP TEMP. CLOSED Board at Connecticut/26th,19 STOP TEMP. CLOSED Board at Connecticut/26th,STOP_MOVED,2026-09-25T14:14:25.015260+00:00,2026-09-25T23:50:45.209663+00:00,9.606,False,2026-09-26T00:08:32.560502+00:00,4,27,MATCHED
2026-09-25T23:14:38.041531+00:00,SF_15879|12|ALL|3,SF_15879,12,,12 STOP TEMP. MOVED Board midblock at Pacific btwn Jones & Leavenworth,12 STOP TEMP. MOVED Board midblock at Pacific btwn Jones & Leavenworth,STOP_MOVED,2026-09-25T14:14:25.015260+00:00,2026-09-25T22:56:34.427833+00:00,8.703,False,2026-09-25T23:14:38.041531+00:00,3,24,MATCHED
2026-09-25T23:31:22.593854+00:00,SF_15667|12|ALL|8,SF_15667,12,,12 STOP TEMP. MOVED Board at Sansome/Commercial,12 STOP TEMP. MOVED Board at Sansome/Commercial,STOP_MOVED,2026-09-25T14:32:49.978686+00:00,2026-09-25T23:14:38.041531+00:00,8.697,False,2026-09-25T23:31:22.593854+00:00,8,24,MATCHED
2026-09-26T00:08:32.560502+00:00,SF_15661|43|ALL|6,SF_15661,43,,43 STOP TEMP. MOVED Board at Gennessee/Judson,43 STOP TEMP. MOVED Board at Gennessee/Judson,STOP_MOVED,2026-09-25T15:08:34.861081+00:00,2026-09-25T23:50:45.209663+00:00,8.703,False,2026-09-26T00:08:32.560502+00:00,6,24,MATCHED
2026-09-26T00:08:32.560502+00:00,SF_15740|35|ALL|6,SF_15740,35,,35 RRT STOP CLOSED Board: Along Douglass OR Eureka/21st,35 RRT STOP CLOSED Board: Along Douglass OR Eureka/21st,STOP_CLOSED,2026-09-25T15:08:34.861081+00:00,2026-09-25T23:50:45.209663+00:00,8.703,False,2026-09-26T00:08:32.560502+00:00,6,24,MATCHED
2026-09-25T23:14:38.041531+00:00,SF_15752|38R|ALL|6,SF_15752,38R,,"38, 38R STOP TEMP. MOVED Board at O'Farrell/Mason","38, 38R STOP TEMP. MOVED Board at O'Farrell/Mason",STOP_MOVED,2026-09-25T15:08:34.861081+00:00,2026-09-25T22:56:34.427833+00:00,7.8,False,2026-09-25T23:14:38.041531+00:00,6,21,MATCHED
2026-09-25T23:14:38.041531+00:00,SF_15752|38|ALL|6,SF_15752,38,,"38, 38R STOP TEMP. MOVED Board at O'Farrell/Mason","38, 38R STOP TEMP. MOVED Board at O'Farrell/Mason",STOP_MOVED,2026-09-25T15:08:34.861081+00:00,2026-09-25T22:56:34.427833+00:00,7.8,False,2026-09-25T23:14:38.041531+00:00,6,21,MATCHED
2026-09-25T23:14:38.041531+00:00,SF_15835|38R|ALL|4,SF_15835,38R,,"38, 38R STOP TEMP. MOVED Board at O'Farrell/Stockton","38, 38R STOP TEMP. MOVED Board at O'Farrell/Stockton",STOP_MOVED,2026-09-25T15:08:34.861081+00:00,2026-09-25T22:56:34.427833+00:00,7.8,False,2026-09-25T23:14:38.041531+00:00,4,21,MATCHED
2026-09-25T23:14:38.041531+00:00,SF_15835|38|ALL|4,SF_15835,38,,"38, 38R STOP TEMP. MOVED Board at O'Farrell/Stockton","38, 38R STOP TEMP. MOVED Board at O'Farrell/Stockton",STOP_MOVED,2026-09-25T15:08:34.861081+00:00,2026-09-25T22:56:34.427833+00:00,7.8,False,2026-09-25T23:14:38.041531+00:00,4,21,MATCHED
2026-09-25T23:14:38.041531+00:00,SF_15843|54|ALL|6,SF_15843,54,,54 STOP TEMP. MOVED Board at Revere btwn Ingalls & Jennings,54 STOP TEMP. MOVED Board at Revere btwn Ingalls & Jennings,STOP_MOVED,2026-09-25T15:08:34.861081+00:00,2026-09-25T22:56:34.427833+00:00,7.8,False,2026-09-25T23:14:38.041531+00:00,6,21,MATCHED
2026-09-25T23:14:38.041531+00:00,SF_15844|54|ALL|6,SF_15844,54,,54 STOP TEMP. MOVED Board midblock 3rd btwn Revere & Quesada,54 STOP TEMP. MOVED Board midblock 3rd btwn Revere & Quesada,STOP_MOVED,2026-09-25T15:08:34.861081+00:00,2026-09-25T22:56:34.427833+00:00,7.8,False,2026-09-25T23:14:38.041531+00:00,6,21,MATCHED
2026-09-25T23:14:38.041531+00:00,SF_15880|45|ALL|3,SF_15880,45,,45 STOP TEMP. MOVED Board farside at Union/Hyde.,45 STOP TEMP. MOVED Board farside at Union/Hyde.,STOP_MOVED,2026-09-25T15:08:34.861081+00:00,2026-09-25T22:56:34.427833+00:00,7.8,False,2026-09-25T23:14:38.041531+00:00,3,21,MATCHED
2026-09-26T00:08:32.560502+00:00,SF_15882|29|ALL|5,SF_15882,29,,29 STOP TEMP. MOVED Board at San Bruno & Paul,29 STOP TEMP. MOVED Board at San Bruno & Paul,STOP_MOVED,2026-09-25T15:08:34.861081+00:00,2026-09-25T23:50:45.209663+00:00,8.703,False,2026-09-26T00:08:32.560502+00:00,5,24,MATCHED
2026-09-25T22:03:08.646429+00:00,SF_15836|2|ALL|4,SF_15836,2,,2 STOP TEMP. MOVED Board 60 ft past existing stop,2 STOP TEMP. MOVED Board 60 ft past existing stop,STOP_MOVED,2026-09-25T16:14:35.855190+00:00,2026-09-25T21:44:25.202291+00:00,5.497,False,2026-09-25T22:03:08.646429+00:00,4,13,MATCHED
2026-09-25T22:03:08.646429+00:00,SF_15839|9R|ALL|5,SF_15839,9R,,"9, 9R STOP TEMP. MOVED Board on other side of Santos","9, 9R STOP TEMP. MOVED Board on other side of Santos",STOP_MOVED,2026-09-25T16:14:35.855190+00:00,2026-09-25T21:44:25.202291+00:00,5.497,False,2026-09-25T22:03:08.646429+00:00,5,13,MATCHED
2026-09-25T22:03:08.646429+00:00,SF_15839|9|ALL|5,SF_15839,9,,"9, 9R STOP TEMP. MOVED Board on other side of Santos","9, 9R STOP TEMP. MOVED Board on other side of Santos",STOP_MOVED,2026-09-25T16:14:35.855190+00:00,2026-09-25T21:44:25.202291+00:00,5.497,False,2026-09-25T22:03:08.646429+00:00,5,13,MATCHED
2026-09-25T22:03:08.646429+00:00,SF_15861|27|ALL|2,SF_15861,27,,"27, 67 STOP TEMP. MOVED Board on other side of Mission","27, 67 STOP TEMP. MOVED Board on other side of Mission",STOP_MOVED,2026-09-25T16:14:35.855190+00:00,2026-09-25T21:44:25.202291+00:00,5.497,False,2026-09-25T22:03:08.646429+00:00,2,13,MATCHED
2026-09-25T22:03:08.646429+00:00,SF_15861|67|ALL|2,SF_15861,67,,"27, 67 STOP TEMP. MOVED Board on other side of Mission","27, 67 STOP TEMP. MOVED Board on other side of Mission",STOP_MOVED,2026-09-25T16:14:35.855190+00:00,2026-09-25T21:44:25.202291+00:00,5.497,False,2026-09-25T22:03:08.646429+00:00,2,13,MATCHED
2026-09-25T22:03:08.646429+00:00,SF_15862|48|ALL|2,SF_15862,48,,48 STOP TEMP. MOVED Board at 24th/Capp,48 STOP TEMP. MOVED Board at 24th/Capp,STOP_MOVED,2026-09-25T16:14:35.855190+00:00,2026-09-25T21:44:25.202291+00:00,5.497,False,2026-09-25T22:03:08.646429+00:00,2,13,MATCHED
2026-09-26T05:44:58.373753+00:00,SF_15842|56|ALL|1,SF_15842,56,,56 RRT STOP CLOSED Board: Rutland/Visitacion OR Bayshore/Blanken,56 RRT STOP CLOSED Board: Rutland/Visitacion OR Bayshore/Blanken,STOP_CLOSED,2026-09-25T20:35:00.482387+00:00,2026-09-26T01:54:46.090942+00:00,5.329,False,2026-09-26T05:44:58.373753+00:00,1,17,MATCHED
2026-09-25T22:56:34.427833+00:00,SF_15935|29|ALL|1,SF_15935,29,,IB 29 RRT due to PD activity. Board at San Bruno or Goettingen.,IB 29 RRT due to PD activity. Board at San Bruno or Goettingen.,SERVICE_NOTICE,2026-09-25T20:35:00.482387+00:00,2026-09-25T22:38:35.607958+00:00,2.06,False,2026-09-25T22:56:34.427833+00:00,1,8,MATCHED
2026-09-25T21:44:25.202291+00:00,1177248191|NETWORK_WIDE|ALL|1,1177248191,,,Inbound N-Judah Line Delayed at La Playa St,SF Muni reports inbound N-Judah Line delayed at La Playa St,DELAY,2026-09-25T21:26:34.619925+00:00,2026-09-25T21:26:34.619925+00:00,0.0,False,2026-09-25T21:44:25.202291+00:00,1,1,NETWORK_WIDE
2026-09-26T00:08:32.560502+00:00,1177256658|NETWORK_WIDE|ALL|1,1177256658,,,Powell-Hyde Cable Car and Powell-Mason Cable Car Lines Delayed at Jackson St and Mason St,"SF Muni reports Powell-Hyde Cable Car and Powell-Mason Cable Car Lines delayed at Jackson St and Mason St, due to a car on the tracks. Bus shuttles supporting Powell-Hyde and Powell-Mason service.",DELAY,2026-09-25T22:03:08.646429+00:00,2026-09-25T23:50:45.209663+00:00,1.793,False,2026-09-26T00:08:32.560502+00:00,1,7,NETWORK_WIDE
2026-09-26T05:44:58.373753+00:00,SF_14215|6|ALL|2,SF_14215,6,,"6 RRT STOP CLOSED Board at Van Ness, Webster or on Grove","6 RRT STOP CLOSED Board at Van Ness, Webster or on Grove",STOP_CLOSED,2026-09-25T23:14:38.041531+00:00,2026-09-26T01:54:46.090942+00:00,2.669,False,2026-09-26T05:44:58.373753+00:00,2,8,MATCHED
2026-09-26T13:15:05.279188+00:00,SF_15884|33|ALL|1,SF_15884,33,,33 STOP TEMP. MOVED Board at Stanyan/Fell,33 STOP TEMP. MOVED Board at Stanyan/Fell,STOP_MOVED,2026-09-26T05:44:58.373753+00:00,2026-09-26T12:57:08.348914+00:00,7.203,False,2026-09-26T13:15:05.279188+00:00,1,25,MATCHED
2026-09-27T10:45:21.212060+00:00,SF_15549|28|ALL|9,SF_15549,28,,28 STOP TEMP. MOVED Board at North Point/Taylor,28 STOP TEMP. MOVED Board at North Point/Taylor,STOP_MOVED,2026-09-26T12:03:18.900887+00:00,2026-09-27T05:58:49.825816+00:00,17.925,False,2026-09-27T10:45:21.212060+00:00,9,27,MATCHED
2026-09-27T10:45:21.212060+00:00,SF_15550|28|ALL|9,SF_15550,28,,28 STOP TEMP. MOVED Board on other side of Jones,28 STOP TEMP. MOVED Board on other side of Jones,STOP_MOVED,2026-09-26T12:03:18.900887+00:00,2026-09-27T05:58:49.825816+00:00,17.925,False,2026-09-27T10:45:21.212060+00:00,9,27,MATCHED
2026-09-27T05:38:31.794360+00:00,SF_15655|19|ALL|9,SF_15655,19,,19 RRT STOP CLOSED Board at 26th/De Haro,19 RRT STOP CLOSED Board at 26th/De Haro,STOP_CLOSED,2026-09-26T12:03:18.900887+00:00,2026-09-27T00:44:48.396950+00:00,12.692,False,2026-09-27T05:38:31.794360+00:00,9,25,MATCHED
2026-09-27T05:38:31.794360+00:00,SF_15656|19|ALL|9,SF_15656,19,,19 RRT STOP CLOSED Board at Connecticut/26th,19 RRT STOP CLOSED Board at Connecticut/26th,STOP_CLOSED,2026-09-26T12:03:18.900887+00:00,2026-09-27T00:44:48.396950+00:00,12.692,False,2026-09-27T05:38:31.794360+00:00,9,25,MATCHED
2026-09-27T05:38:31.794360+00:00,SF_15657|19|ALL|9,SF_15657,19,,19 RRT STOP CLOSED Board: 25th/Connecticut (NE corner),19 RRT STOP CLOSED Board: 25th/Connecticut (NE corner),STOP_CLOSED,2026-09-26T12:03:18.900887+00:00,2026-09-27T00:44:48.396950+00:00,12.692,False,2026-09-27T05:38:31.794360+00:00,9,25,MATCHED
2026-09-27T05:38:31.794360+00:00,SF_15658|19|ALL|9,SF_15658,19,,19 RRT STOP CLOSED Board: Evans/Cesar Chavez,19 RRT STOP CLOSED Board: Evans/Cesar Chavez,STOP_CLOSED,2026-09-26T12:03:18.900887+00:00,2026-09-27T00:44:48.396950+00:00,12.692,False,2026-09-27T05:38:31.794360+00:00,9,25,MATCHED
2026-09-27T10:45:21.212060+00:00,SF_15853|1X|ALL|6,SF_15853,1X,,1 & 1X STOP TEMP. CLOSED Board at 32nd & Clement,1 & 1X STOP TEMP. CLOSED Board at 32nd & Clement,STOP_MOVED,2026-09-26T12:03:18.900887+00:00,2026-09-27T05:58:49.825816+00:00,17.925,False,2026-09-27T10:45:21.212060+00:00,6,27,MATCHED
2026-09-27T10:45:21.212060+00:00,SF_15853|1|ALL|6,SF_15853,1,,1 & 1X STOP TEMP. CLOSED Board at 32nd & Clement,1 & 1X STOP TEMP. CLOSED Board at 32nd & Clement,STOP_MOVED,2026-09-26T12:03:18.900887+00:00,2026-09-27T05:58:49.825816+00:00,17.925,False,2026-09-27T10:45:21.212060+00:00,6,27,MATCHED
2026-09-27T10:45:21.212060+00:00,SF_15854|18|ALL|6,SF_15854,18,,18 STOP TEMP. CLOSED Board at Clement & Legion of Honor,18 STOP TEMP. CLOSED Board at Clement & Legion of Honor,STOP_MOVED,2026-09-26T12:03:18.900887+00:00,2026-09-27T05:58:49.825816+00:00,17.925,False,2026-09-27T10:45:21.212060+00:00,6,27,MATCHED
2026-09-27T10:45:21.212060+00:00,SF_15857|29|ALL|6,SF_15857,29,,29 STOP TEMP. MOVED Board on other side of California,29 STOP TEMP. MOVED Board on other side of California,STOP_MOVED,2026-09-26T12:03:18.900887+00:00,2026-09-27T05:58:49.825816+00:00,17.925,False,2026-09-27T10:45:21.212060+00:00,6,27,MATCHED
2026-09-27T05:38:31.794360+00:00,SF_15945|37|ALL|1,SF_15945,37,,"37 resumes 30-ft bus service and regular IB route on Monday, 9/28.","37 resumes 30-ft bus service and regular IB route on Monday, 9/28.",SERVICE_NOTICE,2026-09-26T12:03:18.900887+00:00,2026-09-27T00:44:48.396950+00:00,12.692,False,2026-09-27T05:38:31.794360+00:00,1,25,MATCHED
2026-09-27T05:38:31.794360+00:00,SF_13205|2|ALL|9,SF_13205,2,,2 STOP TEMP. MOVED Board at Hyde OR Polk,2 STOP TEMP. MOVED Board at Hyde OR Polk,STOP_MOVED,2026-09-26T13:15:05.279188+00:00,2026-09-27T00:44:48.396950+00:00,11.495,False,2026-09-27T05:38:31.794360+00:00,9,21,MATCHED
2026-09-27T05:38:31.794360+00:00,SF_14214|6|ALL|2,SF_14214,6,,"6 RRT STOP CLOSED Board at Van Ness, Webster or on Grove","6 RRT STOP CLOSED Board at Van Ness, Webster or on Grove",STOP_CLOSED,2026-09-26T14:09:02.990915+00:00,2026-09-27T00:44:48.396950+00:00,10.596,False,2026-09-27T05:38:31.794360+00:00,2,18,MATCHED
2026-09-27T10:45:21.212060+00:00,SF_15679|PM|ALL|9,SF_15679,PM,,Cable Car STOP TEMP. MOVED Board: other side of Broadway,Cable Car STOP TEMP. MOVED Board: other side of Broadway,STOP_MOVED,2026-09-26T14:09:02.990915+00:00,2026-09-27T05:58:49.825816+00:00,15.83,False,2026-09-27T10:45:21.212060+00:00,9,20,MATCHED
2026-09-27T00:28:34.380075+00:00,SF_15667|12|ALL|9,SF_15667,12,,12 STOP TEMP. MOVED Board at Sansome/Commercial,12 STOP TEMP. MOVED Board at Sansome/Commercial,STOP_MOVED,2026-09-26T14:45:01.033003+00:00,2026-09-26T22:01:39.498927+00:00,7.277,False,2026-09-27T00:28:34.380075+00:00,9,14,MATCHED
2026-09-27T05:38:31.794360+00:00,SF_15822|9|ALL|3,SF_15822,9,,9 STOP TEMP. MOVED Board 200 ft south midblock btwn August/Silver,9 STOP TEMP. MOVED Board 200 ft south midblock btwn August/Silver,STOP_MOVED,2026-09-26T15:03:15.768283+00:00,2026-09-27T00:44:48.396950+00:00,9.692,False,2026-09-27T05:38:31.794360+00:00,3,15,MATCHED
2026-09-27T05:38:31.794360+00:00,SF_15837|9|ALL|3,SF_15837,9,,9 STOP TEMP. MOVED Board at Bayshore/Augusta,9 STOP TEMP. MOVED Board at Bayshore/Augusta,STOP_MOVED,2026-09-26T15:03:15.768283+00:00,2026-09-27T00:44:48.396950+00:00,9.692,False,2026-09-27T05:38:31.794360+00:00,3,15,MATCHED
2026-09-27T00:28:34.380075+00:00,SF_15882|29|ALL|6,SF_15882,29,,29 STOP TEMP. MOVED Board at San Bruno & Paul,29 STOP TEMP. MOVED Board at San Bruno & Paul,STOP_MOVED,2026-09-26T15:03:15.768283+00:00,2026-09-26T22:01:39.498927+00:00,6.973,False,2026-09-27T00:28:34.380075+00:00,6,13,MATCHED
2026-09-27T10:45:21.212060+00:00,SF_15923|M|ALL|1,SF_15923,M,,Board M bus shuttles curbside,Board M bus shuttles curbside,SERVICE_NOTICE,2026-09-26T15:03:15.768283+00:00,2026-09-27T05:58:49.825816+00:00,14.926,False,2026-09-27T10:45:21.212060+00:00,1,17,MATCHED
2026-09-27T10:45:21.212060+00:00,SF_15925|M|ALL|1,SF_15925,M,,Transfer to M bus shuttle or M train for continued service.,Transfer to M bus shuttle or M train for continued service.,SERVICE_NOTICE,2026-09-26T15:03:15.768283+00:00,2026-09-27T05:58:49.825816+00:00,14.926,False,2026-09-27T10:45:21.212060+00:00,1,17,MATCHED
2026-09-27T00:28:34.380075+00:00,SF_15954|44|ALL|1,SF_15954,44,,"NB 44, 52 rerouting around Forest Hill due to a Muni-involved collision.","NB 44, 52 rerouting around Forest Hill due to a Muni-involved collision.",SERVICE_NOTICE,2026-09-26T22:01:39.498927+00:00,2026-09-26T22:01:39.498927+00:00,0.0,False,2026-09-27T00:28:34.380075+00:00,1,1,MATCHED
2026-09-27T00:28:34.380075+00:00,SF_15954|52|ALL|1,SF_15954,52,,"NB 44, 52 rerouting around Forest Hill due to a Muni-involved collision.","NB 44, 52 rerouting around Forest Hill due to a Muni-involved collision.",SERVICE_NOTICE,2026-09-26T22:01:39.498927+00:00,2026-09-26T22:01:39.498927+00:00,0.0,False,2026-09-27T00:28:34.380075+00:00,1,1,MATCHED
2026-09-27T10:45:21.212060+00:00,SF_15884|33|ALL|2,SF_15884,33,,33 STOP TEMP. MOVED Board at Stanyan/Fell,33 STOP TEMP. MOVED Board at Stanyan/Fell,STOP_MOVED,2026-09-27T05:38:31.794360+00:00,2026-09-27T05:58:49.825816+00:00,0.338,False,2026-09-27T10:45:21.212060+00:00,2,2,MATCHED
2026-09-28T07:08:58.751511+00:00,SF_15549|28|ALL|10,SF_15549,28,,28 STOP TEMP. MOVED Board at North Point/Taylor,28 STOP TEMP. MOVED Board at North Point/Taylor,STOP_MOVED,2026-09-27T12:15:05.073473+00:00,2026-09-28T06:51:04.362110+00:00,18.6,False,2026-09-28T07:08:58.751511+00:00,10,16,MATCHED
2026-09-28T07:08:58.751511+00:00,SF_15550|28|ALL|10,SF_15550,28,,28 STOP TEMP. MOVED Board on other side of Jones,28 STOP TEMP. MOVED Board on other side of Jones,STOP_MOVED,2026-09-27T12:15:05.073473+00:00,2026-09-28T06:51:04.362110+00:00,18.6,False,2026-09-28T07:08:58.751511+00:00,10,16,MATCHED
2026-09-28T07:08:58.751511+00:00,SF_15853|1X|ALL|7,SF_15853,1X,,1 & 1X STOP TEMP. CLOSED Board at 32nd & Clement,1 & 1X STOP TEMP. CLOSED Board at 32nd & Clement,STOP_MOVED,2026-09-27T12:15:05.073473+00:00,2026-09-28T06:51:04.362110+00:00,18.6,False,2026-09-28T07:08:58.751511+00:00,7,16,MATCHED
2026-09-28T07:08:58.751511+00:00,SF_15853|1|ALL|7,SF_15853,1,,1 & 1X STOP TEMP. CLOSED Board at 32nd & Clement,1 & 1X STOP TEMP. CLOSED Board at 32nd & Clement,STOP_MOVED,2026-09-27T12:15:05.073473+00:00,2026-09-28T06:51:04.362110+00:00,18.6,False,2026-09-28T07:08:58.751511+00:00,7,16,MATCHED
2026-09-28T07:08:58.751511+00:00,SF_15854|18|ALL|7,SF_15854,18,,18 STOP TEMP. CLOSED Board at Clement & Legion of Honor,18 STOP TEMP. CLOSED Board at Clement & Legion of Honor,STOP_MOVED,2026-09-27T12:15:05.073473+00:00,2026-09-28T06:51:04.362110+00:00,18.6,False,2026-09-28T07:08:58.751511+00:00,7,16,MATCHED
2026-09-28T07:08:58.751511+00:00,SF_15857|29|ALL|7,SF_15857,29,,29 STOP TEMP. MOVED Board on other side of California,29 STOP TEMP. MOVED Board on other side of California,STOP_MOVED,2026-09-27T12:15:05.073473+00:00,2026-09-28T06:51:04.362110+00:00,18.6,False,2026-09-28T07:08:58.751511+00:00,7,16,MATCHED
2026-09-28T07:08:58.751511+00:00,SF_15926|M|ALL|1,SF_15926,M,,Transfer to M bus shuttle or M train for continued service.,Transfer to M bus shuttle or M train for continued service.,SERVICE_NOTICE,2026-09-27T12:15:05.073473+00:00,2026-09-28T06:51:04.362110+00:00,18.6,False,2026-09-28T07:08:58.751511+00:00,1,16,MATCHED
2026-09-28T07:08:58.751511+00:00,SF_15927|M|ALL|1,SF_15927,M,,Board M bus shuttles curbside,Board M bus shuttles curbside,SERVICE_NOTICE,2026-09-27T12:15:05.073473+00:00,2026-09-28T06:51:04.362110+00:00,18.6,False,2026-09-28T07:08:58.751511+00:00,1,16,MATCHED
2026-09-28T05:05:57.358449+00:00,SF_13205|2|ALL|10,SF_13205,2,,2 STOP TEMP. MOVED Board at Hyde OR Polk,2 STOP TEMP. MOVED Board at Hyde OR Polk,STOP_MOVED,2026-09-27T15:21:14.808702+00:00,2026-09-28T01:38:16.859104+00:00,10.284,False,2026-09-28T05:05:57.358449+00:00,10,8,MATCHED
2026-09-28T00:39:42.530728+00:00,SF_15667|12|ALL|10,SF_15667,12,,12 STOP TEMP. MOVED Board at Sansome/Commercial,12 STOP TEMP. MOVED Board at Sansome/Commercial,STOP_MOVED,2026-09-27T15:21:14.808702+00:00,2026-09-27T23:00:25.134328+00:00,7.653,False,2026-09-28T00:39:42.530728+00:00,10,6,MATCHED
2026-09-28T06:15:08.450951+00:00,SF_15679|PM|ALL|10,SF_15679,PM,,Cable Car STOP TEMP. MOVED Board: other side of Broadway,Cable Car STOP TEMP. MOVED Board: other side of Broadway,STOP_MOVED,2026-09-27T15:21:14.808702+00:00,2026-09-28T05:56:59.956306+00:00,14.596,False,2026-09-28T06:15:08.450951+00:00,10,12,MATCHED
2026-09-28T00:39:42.530728+00:00,SF_15882|29|ALL|7,SF_15882,29,,29 STOP TEMP. MOVED Board at San Bruno & Paul,29 STOP TEMP. MOVED Board at San Bruno & Paul,STOP_MOVED,2026-09-27T15:21:14.808702+00:00,2026-09-27T23:00:25.134328+00:00,7.653,False,2026-09-28T00:39:42.530728+00:00,7,6,MATCHED
2026-09-28T05:05:57.358449+00:00,SF_15958|37|ALL|1,SF_15958,37,,"37 resumes 30-ft bus service and regular IB route on Monday, 9/28.","37 resumes 30-ft bus service and regular IB route on Monday, 9/28.",SERVICE_NOTICE,2026-09-27T15:21:14.808702+00:00,2026-09-28T01:38:16.859104+00:00,10.284,False,2026-09-28T05:05:57.358449+00:00,1,8,MATCHED
2026-09-28T07:08:58.751511+00:00,SF_15976|PM|ALL|1,SF_15976,PM,,"Due to a cable issue, Powell & Powell-Mason Cable Car Lines will be down for the remainder of the day.","Due to a cable issue, Powell & Powell-Mason Cable Car Lines will be down for the remainder of the day.",SERVICE_NOTICE,2026-09-27T22:05:47.952549+00:00,2026-09-28T06:51:04.362110+00:00,8.755,False,2026-09-28T07:08:58.751511+00:00,1,11,MATCHED
2026-09-28T07:08:58.751511+00:00,SF_15977|PH|ALL|1,SF_15977,PH,,SB Powell-Hyde switching back at Powell/Washington.,SB Powell-Hyde switching back at Powell/Washington.,SERVICE_NOTICE,2026-09-27T22:05:47.952549+00:00,2026-09-28T06:51:04.362110+00:00,8.755,False,2026-09-28T07:08:58.751511+00:00,1,11,MATCHED
2026-09-28T05:05:57.358449+00:00,SF_15978|PM|ALL|1,SF_15978,PM,,Bus shuttles supporting service,Bus shuttles supporting service,SERVICE_NOTICE,2026-09-27T22:05:47.952549+00:00,2026-09-28T01:38:16.859104+00:00,3.541,False,2026-09-28T05:05:57.358449+00:00,1,4,MATCHED
2026-09-28T05:05:57.358449+00:00,SF_15980|39|ALL|1,SF_15980,39,,Currently 1 bus in svc on the 39 due to mech. issues. Expect longer wait times.,Currently 1 bus in svc on the 39 due to mech. issues. Expect longer wait times.,SERVICE_NOTICE,2026-09-28T01:38:16.859104+00:00,2026-09-28T01:38:16.859104+00:00,0.0,False,2026-09-28T05:05:57.358449+00:00,1,1,MATCHED
2026-09-28T07:08:58.751511+00:00,SF_15982|J|ALL|1,SF_15982,J,,Bus shuttles en route btwn San Jose/Geneva & Church/Day.,Bus shuttles en route btwn San Jose/Geneva & Church/Day.,SERVICE_NOTICE,2026-09-28T05:05:57.358449+00:00,2026-09-28T06:51:04.362110+00:00,1.752,False,2026-09-28T07:08:58.751511+00:00,1,7,MATCHED
2026-09-28T07:08:58.751511+00:00,SF_15983|T|ALL|1,SF_15983,T,,"For your safety, please stand behind the yellow line.","For your safety, please stand behind the yellow line.",SERVICE_NOTICE,2026-09-28T05:05:57.358449+00:00,2026-09-28T06:51:04.362110+00:00,1.752,False,2026-09-28T07:08:58.751511+00:00,1,7,MATCHED
2026-09-28T07:08:58.751511+00:00,SF_15984|T|ALL|1,SF_15984,T,,Extra T svc tonight to take u home. Thanks for ur patience!,Extra T svc tonight to take u home. Thanks for ur patience!,SERVICE_NOTICE,2026-09-28T05:05:57.358449+00:00,2026-09-28T06:51:04.362110+00:00,1.752,False,2026-09-28T07:08:58.751511+00:00,1,7,MATCHED
2026-09-28T08:03:07.050003+00:00,SF_15886|48|ALL|1,SF_15886,48,,48 RRT STOP CLOSED Board: 22nd/Caltrain OR 22nd/Minnesota,48 RRT STOP CLOSED Board: 22nd/Caltrain OR 22nd/Minnesota,STOP_CLOSED,2026-09-28T06:15:08.450951+00:00,2026-09-28T07:44:42.005633+00:00,1.493,False,2026-09-28T08:03:07.050003+00:00,1,6,MATCHED
2026-10-03T07:00:09.132045+00:00,SF_15874|9|ALL|2,SF_15874,9,,9 STOP TEMP. MOVED Board: 11th/Minna,9 STOP TEMP. MOVED Board: 11th/Minna,STOP_MOVED,2026-09-28T07:08:58.751511+00:00,2026-10-03T06:41:59.276704+00:00,119.55,False,2026-10-03T07:00:09.132045+00:00,2,376,MATCHED
2026-10-03T07:00:09.132045+00:00,SF_15922|1|ALL|1,SF_15922,1,,1 STOP TEMP. CLOSED Board at Clay/Jones OR Clay/Mason,1 STOP TEMP. CLOSED Board at Clay/Jones OR Clay/Mason,STOP_MOVED,2026-09-28T07:08:58.751511+00:00,2026-10-03T06:41:59.276704+00:00,119.55,False,2026-10-03T07:00:09.132045+00:00,1,376,MATCHED
2026-09-29T07:03:12.012232+00:00,SF_15549|28|ALL|11,SF_15549,28,,28 STOP TEMP. MOVED Board at North Point/Taylor,28 STOP TEMP. MOVED Board at North Point/Taylor,STOP_MOVED,2026-09-28T12:15:10.535653+00:00,2026-09-29T06:45:03.242322+00:00,18.498,False,2026-09-29T07:03:12.012232+00:00,11,58,MATCHED
2026-09-29T07:03:12.012232+00:00,SF_15550|28|ALL|11,SF_15550,28,,28 STOP TEMP. MOVED Board on other side of Jones,28 STOP TEMP. MOVED Board on other side of Jones,STOP_MOVED,2026-09-28T12:15:10.535653+00:00,2026-09-29T06:45:03.242322+00:00,18.498,False,2026-09-29T07:03:12.012232+00:00,11,58,MATCHED
2026-09-29T07:03:12.012232+00:00,SF_15853|1X|ALL|8,SF_15853,1X,,1 & 1X STOP TEMP. CLOSED Board at 32nd & Clement,1 & 1X STOP TEMP. CLOSED Board at 32nd & Clement,STOP_MOVED,2026-09-28T12:15:10.535653+00:00,2026-09-29T06:45:03.242322+00:00,18.498,False,2026-09-29T07:03:12.012232+00:00,8,58,MATCHED
2026-09-29T07:03:12.012232+00:00,SF_15853|1|ALL|8,SF_15853,1,,1 & 1X STOP TEMP. CLOSED Board at 32nd & Clement,1 & 1X STOP TEMP. CLOSED Board at 32nd & Clement,STOP_MOVED,2026-09-28T12:15:10.535653+00:00,2026-09-29T06:45:03.242322+00:00,18.498,False,2026-09-29T07:03:12.012232+00:00,8,58,MATCHED
2026-09-29T07:03:12.012232+00:00,SF_15854|18|ALL|8,SF_15854,18,,18 STOP TEMP. CLOSED Board at Clement & Legion of Honor,18 STOP TEMP. CLOSED Board at Clement & Legion of Honor,STOP_MOVED,2026-09-28T12:15:10.535653+00:00,2026-09-29T06:45:03.242322+00:00,18.498,False,2026-09-29T07:03:12.012232+00:00,8,58,MATCHED
2026-09-29T07:03:12.012232+00:00,SF_15857|29|ALL|8,SF_15857,29,,29 STOP TEMP. MOVED Board on other side of California,29 STOP TEMP. MOVED Board on other side of California,STOP_MOVED,2026-09-28T12:15:10.535653+00:00,2026-09-29T06:45:03.242322+00:00,18.498,False,2026-09-29T07:03:12.012232+00:00,8,58,MATCHED
2026-09-29T03:09:13.656536+00:00,SF_13205|2|ALL|11,SF_13205,2,,2 STOP TEMP. MOVED Board at Hyde OR Polk,2 STOP TEMP. MOVED Board at Hyde OR Polk,STOP_MOVED,2026-09-28T13:09:05.131501+00:00,2026-09-29T02:51:18.561944+00:00,13.704,False,2026-09-29T03:09:13.656536+00:00,11,42,MATCHED
2026-09-29T05:15:05.835768+00:00,SF_15957|37|ALL|1,SF_15957,37,,"Today, the 37 resumes 30-ft bus service and regular IB routing.","Today, the 37 resumes 30-ft bus service and regular IB routing.",SERVICE_NOTICE,2026-09-28T13:09:05.131501+00:00,2026-09-29T04:57:05.544354+00:00,15.8,False,2026-09-29T05:15:05.835768+00:00,1,49,MATCHED
2026-09-29T00:09:08.912262+00:00,SF_15385|5R|ALL|7,SF_15385,5R,,"5, 5R STOP TEMP. MOVED Board midblock btwn 30th & 31st","5, 5R STOP TEMP. MOVED Board midblock btwn 30th & 31st",STOP_MOVED,2026-09-28T14:03:17.152372+00:00,2026-09-28T23:51:09.638939+00:00,9.798,False,2026-09-29T00:09:08.912262+00:00,7,29,MATCHED
2026-09-29T00:09:08.912262+00:00,SF_15385|5|ALL|7,SF_15385,5,,"5, 5R STOP TEMP. MOVED Board midblock btwn 30th & 31st","5, 5R STOP TEMP. MOVED Board midblock btwn 30th & 31st",STOP_MOVED,2026-09-28T14:03:17.152372+00:00,2026-09-28T23:51:09.638939+00:00,9.798,False,2026-09-29T00:09:08.912262+00:00,7,29,MATCHED
2026-09-29T00:09:08.912262+00:00,SF_15386|5R|ALL|7,SF_15386,5R,,"5, 5R STOP TEMP. MOVED Board midblock btwn 30th & 29th","5, 5R STOP TEMP. MOVED Board midblock btwn 30th & 29th",STOP_MOVED,2026-09-28T14:03:17.152372+00:00,2026-09-28T23:51:09.638939+00:00,9.798,False,2026-09-29T00:09:08.912262+00:00,7,29,MATCHED
2026-09-29T00:09:08.912262+00:00,SF_15386|5|ALL|7,SF_15386,5,,"5, 5R STOP TEMP. MOVED Board midblock btwn 30th & 29th","5, 5R STOP TEMP. MOVED Board midblock btwn 30th & 29th",STOP_MOVED,2026-09-28T14:03:17.152372+00:00,2026-09-28T23:51:09.638939+00:00,9.798,False,2026-09-29T00:09:08.912262+00:00,7,29,MATCHED
2026-09-28T23:15:24.227166+00:00,SF_15659|31|ALL|7,SF_15659,31,,31 STOP TEMP. MOVED Board on the other side of Jones,31 STOP TEMP. MOVED Board on the other side of Jones,STOP_MOVED,2026-09-28T14:03:17.152372+00:00,2026-09-28T22:57:28.517097+00:00,8.903,False,2026-09-28T23:15:24.227166+00:00,7,26,MATCHED
2026-09-29T06:09:07.560589+00:00,SF_15679|PM|ALL|11,SF_15679,PM,,Cable Car STOP TEMP. MOVED Board: other side of Broadway,Cable Car STOP TEMP. MOVED Board: other side of Broadway,STOP_MOVED,2026-09-28T14:03:17.152372+00:00,2026-09-29T05:51:04.623291+00:00,15.797,False,2026-09-29T06:09:07.560589+00:00,11,49,MATCHED
2026-09-29T00:09:08.912262+00:00,SF_15816|43|ALL|6,SF_15816,43,,"6, 43 STOP TEMP. MOVED Board at Parnassus/5th","6, 43 STOP TEMP. MOVED Board at Parnassus/5th",STOP_MOVED,2026-09-28T14:03:17.152372+00:00,2026-09-28T23:51:09.638939+00:00,9.798,False,2026-09-29T00:09:08.912262+00:00,6,29,MATCHED
2026-09-29T00:09:08.912262+00:00,SF_15816|6|ALL|6,SF_15816,6,,"6, 43 STOP TEMP. MOVED Board at Parnassus/5th","6, 43 STOP TEMP. MOVED Board at Parnassus/5th",STOP_MOVED,2026-09-28T14:03:17.152372+00:00,2026-09-28T23:51:09.638939+00:00,9.798,False,2026-09-29T00:09:08.912262+00:00,6,29,MATCHED
2026-09-28T23:33:08.810101+00:00,SF_15667|12|ALL|11,SF_15667,12,,12 STOP TEMP. MOVED Board at Sansome/Commercial,12 STOP TEMP. MOVED Board at Sansome/Commercial,STOP_MOVED,2026-09-28T14:39:11.129204+00:00,2026-09-28T23:15:24.227166+00:00,8.604,False,2026-09-28T23:33:08.810101+00:00,11,25,MATCHED
2026-09-29T00:09:08.912262+00:00,SF_15661|43|ALL|7,SF_15661,43,,43 STOP TEMP. MOVED Board at Gennessee/Judson,43 STOP TEMP. MOVED Board at Gennessee/Judson,STOP_MOVED,2026-09-28T15:15:23.056496+00:00,2026-09-28T23:51:09.638939+00:00,8.596,False,2026-09-29T00:09:08.912262+00:00,7,25,MATCHED
2026-09-29T00:09:08.912262+00:00,SF_15740|35|ALL|7,SF_15740,35,,35 RRT STOP CLOSED Board: Along Douglass OR Eureka/21st,35 RRT STOP CLOSED Board: Along Douglass OR Eureka/21st,STOP_CLOSED,2026-09-28T15:15:23.056496+00:00,2026-09-28T23:51:09.638939+00:00,8.596,False,2026-09-29T00:09:08.912262+00:00,7,25,MATCHED
2026-09-28T23:15:24.227166+00:00,SF_15752|38R|ALL|7,SF_15752,38R,,"38, 38R STOP TEMP. MOVED Board at O'Farrell/Mason","38, 38R STOP TEMP. MOVED Board at O'Farrell/Mason",STOP_MOVED,2026-09-28T15:15:23.056496+00:00,2026-09-28T22:57:28.517097+00:00,7.702,False,2026-09-28T23:15:24.227166+00:00,7,22,MATCHED
2026-09-28T23:15:24.227166+00:00,SF_15752|38|ALL|7,SF_15752,38,,"38, 38R STOP TEMP. MOVED Board at O'Farrell/Mason","38, 38R STOP TEMP. MOVED Board at O'Farrell/Mason",STOP_MOVED,2026-09-28T15:15:23.056496+00:00,2026-09-28T22:57:28.517097+00:00,7.702,False,2026-09-28T23:15:24.227166+00:00,7,22,MATCHED
2026-09-28T23:15:24.227166+00:00,SF_15835|38R|ALL|5,SF_15835,38R,,"38, 38R STOP TEMP. MOVED Board at O'Farrell/Stockton","38, 38R STOP TEMP. MOVED Board at O'Farrell/Stockton",STOP_MOVED,2026-09-28T15:15:23.056496+00:00,2026-09-28T22:57:28.517097+00:00,7.702,False,2026-09-28T23:15:24.227166+00:00,5,22,MATCHED
2026-09-28T23:15:24.227166+00:00,SF_15835|38|ALL|5,SF_15835,38,,"38, 38R STOP TEMP. MOVED Board at O'Farrell/Stockton","38, 38R STOP TEMP. MOVED Board at O'Farrell/Stockton",STOP_MOVED,2026-09-28T15:15:23.056496+00:00,2026-09-28T22:57:28.517097+00:00,7.702,False,2026-09-28T23:15:24.227166+00:00,5,22,MATCHED
2026-09-28T23:15:24.227166+00:00,SF_15843|54|ALL|7,SF_15843,54,,54 STOP TEMP. MOVED Board at Revere btwn Ingalls & Jennings,54 STOP TEMP. MOVED Board at Revere btwn Ingalls & Jennings,STOP_MOVED,2026-09-28T15:15:23.056496+00:00,2026-09-28T22:57:28.517097+00:00,7.702,False,2026-09-28T23:15:24.227166+00:00,7,22,MATCHED
2026-09-28T23:15:24.227166+00:00,SF_15844|54|ALL|7,SF_15844,54,,54 STOP TEMP. MOVED Board midblock 3rd btwn Revere & Quesada,54 STOP TEMP. MOVED Board midblock 3rd btwn Revere & Quesada,STOP_MOVED,2026-09-28T15:15:23.056496+00:00,2026-09-28T22:57:28.517097+00:00,7.702,False,2026-09-28T23:15:24.227166+00:00,7,22,MATCHED
2026-09-29T00:09:08.912262+00:00,SF_15882|29|ALL|8,SF_15882,29,,29 STOP TEMP. MOVED Board at San Bruno & Paul,29 STOP TEMP. MOVED Board at San Bruno & Paul,STOP_MOVED,2026-09-28T15:15:23.056496+00:00,2026-09-28T23:51:09.638939+00:00,8.596,False,2026-09-29T00:09:08.912262+00:00,8,25,MATCHED
2026-09-29T00:09:08.912262+00:00,SF_15919|19|ALL|1,SF_15919,19,,"19, 27 STOP TEMP. CLOSED Board at Hyde/Grove OR 8th/Howard","19, 27 STOP TEMP. CLOSED Board at Hyde/Grove OR 8th/Howard",STOP_MOVED,2026-09-28T15:15:23.056496+00:00,2026-09-28T23:51:09.638939+00:00,8.596,False,2026-09-29T00:09:08.912262+00:00,1,25,MATCHED
2026-09-29T00:09:08.912262+00:00,SF_15919|27|ALL|1,SF_15919,27,,"19, 27 STOP TEMP. CLOSED Board at Hyde/Grove OR 8th/Howard","19, 27 STOP TEMP. CLOSED Board at Hyde/Grove OR 8th/Howard",STOP_MOVED,2026-09-28T15:15:23.056496+00:00,2026-09-28T23:51:09.638939+00:00,8.596,False,2026-09-29T00:09:08.912262+00:00,1,25,MATCHED
2026-10-02T07:09:23.525252+00:00,SF_15988|14R|ALL|1,SF_15988,14R,,14 & 14R STOP TEMP. MOVED Board curbside,14 & 14R STOP TEMP. MOVED Board curbside,STOP_MOVED,2026-09-28T15:15:23.056496+00:00,2026-10-02T06:50:56.512092+00:00,87.593,False,2026-10-02T07:09:23.525252+00:00,1,270,MATCHED
2026-10-02T07:09:23.525252+00:00,SF_15988|14|ALL|1,SF_15988,14,,14 & 14R STOP TEMP. MOVED Board curbside,14 & 14R STOP TEMP. MOVED Board curbside,STOP_MOVED,2026-09-28T15:15:23.056496+00:00,2026-10-02T06:50:56.512092+00:00,87.593,False,2026-10-02T07:09:23.525252+00:00,1,270,MATCHED
2026-09-29T00:09:08.912262+00:00,SF_15993|8BX|ALL|1,SF_15993,8BX,,"8, 8BX, 9R STOP TEMP. CLOSED Board 100 ft before intersection","8, 8BX, 9R STOP TEMP. CLOSED Board 100 ft before intersection",STOP_MOVED,2026-09-28T15:15:23.056496+00:00,2026-09-28T23:51:09.638939+00:00,8.596,False,2026-09-29T00:09:08.912262+00:00,1,25,MATCHED
2026-09-29T00:09:08.912262+00:00,SF_15993|8|ALL|1,SF_15993,8,,"8, 8BX, 9R STOP TEMP. CLOSED Board 100 ft before intersection","8, 8BX, 9R STOP TEMP. CLOSED Board 100 ft before intersection",STOP_MOVED,2026-09-28T15:15:23.056496+00:00,2026-09-28T23:51:09.638939+00:00,8.596,False,2026-09-29T00:09:08.912262+00:00,1,25,MATCHED
2026-09-29T00:09:08.912262+00:00,SF_15993|9R|ALL|1,SF_15993,9R,,"8, 8BX, 9R STOP TEMP. CLOSED Board 100 ft before intersection","8, 8BX, 9R STOP TEMP. CLOSED Board 100 ft before intersection",STOP_MOVED,2026-09-28T15:15:23.056496+00:00,2026-09-28T23:51:09.638939+00:00,8.596,False,2026-09-29T00:09:08.912262+00:00,1,25,MATCHED
2026-09-28T17:39:53.962777+00:00,1177956034|27|ALL|1,1177956034,27,,"5, 5R, and 27 Buses Rerouting Between Mcallister St and Jones St.","As of 9:44 AM, SF Muni reports 5, 5R, and 27 buses rerouting around Mcallister between Jones St and Hyde St, due to police activity.",SERVICE_NOTICE,2026-09-28T17:03:32.530507+00:00,2026-09-28T17:21:28.179066+00:00,0.299,False,2026-09-28T17:39:53.962777+00:00,1,2,MATCHED
2026-09-28T17:39:53.962777+00:00,1177956034|5R|ALL|1,1177956034,5R,,"5, 5R, and 27 Buses Rerouting Between Mcallister St and Jones St.","As of 9:44 AM, SF Muni reports 5, 5R, and 27 buses rerouting around Mcallister between Jones St and Hyde St, due to police activity.",SERVICE_NOTICE,2026-09-28T17:03:32.530507+00:00,2026-09-28T17:21:28.179066+00:00,0.299,False,2026-09-28T17:39:53.962777+00:00,1,2,MATCHED
2026-09-28T17:39:53.962777+00:00,1177956034|5|ALL|1,1177956034,5,,"5, 5R, and 27 Buses Rerouting Between Mcallister St and Jones St.","As of 9:44 AM, SF Muni reports 5, 5R, and 27 buses rerouting around Mcallister between Jones St and Hyde St, due to police activity.",SERVICE_NOTICE,2026-09-28T17:03:32.530507+00:00,2026-09-28T17:21:28.179066+00:00,0.299,False,2026-09-28T17:39:53.962777+00:00,1,2,MATCHED
2026-09-28T17:39:53.962777+00:00,1177956489|NETWORK_WIDE|ALL|1,1177956489,,,Inbound J-Church Line Delayed at Church/Duncan.,"As of 10:14 AM, SF Muni reports J-Church Line delayed at Church/Duncan, due to a stalled F-Market streetcar. Bus shuttles implemented to provide service between Balboa Park & Church/Market.",DELAY,2026-09-28T17:03:32.530507+00:00,2026-09-28T17:21:28.179066+00:00,0.299,False,2026-09-28T17:39:53.962777+00:00,1,2,NETWORK_WIDE
2026-09-28T18:32:59.045628+00:00,SF_15995|5R|ALL|1,SF_15995,5R,,5R RRT STOP CLOSED Board at Hyde,5R RRT STOP CLOSED Board at Hyde,STOP_CLOSED,2026-09-28T17:03:32.530507+00:00,2026-09-28T18:15:20.811627+00:00,1.197,False,2026-09-28T18:32:59.045628+00:00,1,5,MATCHED
2026-09-28T18:32:59.045628+00:00,SF_15996|5R|ALL|1,SF_15996,5R,,5/5R RRT STOP CLOSED Board: McAllister/Larkin,5/5R RRT STOP CLOSED Board: McAllister/Larkin,STOP_CLOSED,2026-09-28T17:03:32.530507+00:00,2026-09-28T18:15:20.811627+00:00,1.197,False,2026-09-28T18:32:59.045628+00:00,1,5,MATCHED
2026-09-28T18:32:59.045628+00:00,SF_15996|5|ALL|1,SF_15996,5,,5/5R RRT STOP CLOSED Board: McAllister/Larkin,5/5R RRT STOP CLOSED Board: McAllister/Larkin,STOP_CLOSED,2026-09-28T17:03:32.530507+00:00,2026-09-28T18:15:20.811627+00:00,1.197,False,2026-09-28T18:32:59.045628+00:00,1,5,MATCHED
2026-09-28T18:32:59.045628+00:00,SF_15997|27|ALL|1,SF_15997,27,,27 RRT STOP CLOSED Board: 7th/Mission OR Leavenworth/Turk,27 RRT STOP CLOSED Board: 7th/Mission OR Leavenworth/Turk,STOP_CLOSED,2026-09-28T17:03:32.530507+00:00,2026-09-28T18:15:20.811627+00:00,1.197,False,2026-09-28T18:32:59.045628+00:00,1,5,MATCHED
2026-09-28T17:39:53.962777+00:00,SF_15998|J|ALL|1,SF_15998,J,,J delay at Duncan due to stalled F streetcar.,J delay at Duncan due to stalled F streetcar.,DELAY,2026-09-28T17:03:32.530507+00:00,2026-09-28T17:21:28.179066+00:00,0.299,False,2026-09-28T17:39:53.962777+00:00,1,2,MATCHED
2026-09-28T18:32:59.045628+00:00,SF_15999|27|ALL|1,SF_15999,27,,"5/5R, 27 reroute due to SFFD activity.","5/5R, 27 reroute due to SFFD activity.",REROUTE,2026-09-28T17:03:32.530507+00:00,2026-09-28T18:15:20.811627+00:00,1.197,False,2026-09-28T18:32:59.045628+00:00,1,5,MATCHED
2026-09-28T18:32:59.045628+00:00,SF_15999|5R|ALL|1,SF_15999,5R,,"5/5R, 27 reroute due to SFFD activity.","5/5R, 27 reroute due to SFFD activity.",REROUTE,2026-09-28T17:03:32.530507+00:00,2026-09-28T18:15:20.811627+00:00,1.197,False,2026-09-28T18:32:59.045628+00:00,1,5,MATCHED
2026-09-28T18:32:59.045628+00:00,SF_15999|5|ALL|1,SF_15999,5,,"5/5R, 27 reroute due to SFFD activity.","5/5R, 27 reroute due to SFFD activity.",REROUTE,2026-09-28T17:03:32.530507+00:00,2026-09-28T18:15:20.811627+00:00,1.197,False,2026-09-28T18:32:59.045628+00:00,1,5,MATCHED
2026-09-28T17:39:53.962777+00:00,SF_16000|J|ALL|1,SF_16000,J,,J trains routing via K Line.,J trains routing via K Line.,SERVICE_NOTICE,2026-09-28T17:03:32.530507+00:00,2026-09-28T17:21:28.179066+00:00,0.299,False,2026-09-28T17:39:53.962777+00:00,1,2,MATCHED
2026-09-29T05:15:05.835768+00:00,SF_16001|12|ALL|1,SF_16001,12,,12 STOP TEMP. MOVED Board at Folsom/Mabini,12 STOP TEMP. MOVED Board at Folsom/Mabini,STOP_MOVED,2026-09-28T17:03:32.530507+00:00,2026-09-29T04:57:05.544354+00:00,11.893,False,2026-09-29T05:15:05.835768+00:00,1,39,MATCHED
2026-09-29T05:15:05.835768+00:00,SF_16002|12|ALL|1,SF_16002,12,,12 STOP TEMP. MOVED Board at Folsom/2nd island stop,12 STOP TEMP. MOVED Board at Folsom/2nd island stop,STOP_MOVED,2026-09-28T17:03:32.530507+00:00,2026-09-29T04:57:05.544354+00:00,11.893,False,2026-09-29T05:15:05.835768+00:00,1,39,MATCHED
2026-09-28T18:32:59.045628+00:00,SF_16003|27|ALL|1,SF_16003,27,,27 RRT STOP CLOSED Board: Jones/Ellis OR Hyde/Grove,27 RRT STOP CLOSED Board: Jones/Ellis OR Hyde/Grove,STOP_CLOSED,2026-09-28T17:21:28.179066+00:00,2026-09-28T18:15:20.811627+00:00,0.898,False,2026-09-28T18:32:59.045628+00:00,1,4,MATCHED
2026-09-28T19:45:12.348718+00:00,SF_16004|30|ALL|1,SF_16004,30,,IB/OB 30 blocked at Chestnut and Gough by SFFD.,IB/OB 30 blocked at Chestnut and Gough by SFFD.,SERVICE_NOTICE,2026-09-28T19:27:09.827772+00:00,2026-09-28T19:27:09.827772+00:00,0.0,False,2026-09-28T19:45:12.348718+00:00,1,1,MATCHED
2026-09-28T20:48:18.013745+00:00,SF_16005|30|ALL|1,SF_16005,30,,IB/OB 30 routing around Chestnut & Gough due to SFFD.,IB/OB 30 routing around Chestnut & Gough due to SFFD.,SERVICE_NOTICE,2026-09-28T19:45:12.348718+00:00,2026-09-28T20:03:19.056627+00:00,0.302,False,2026-09-28T20:48:18.013745+00:00,1,2,MATCHED
2026-09-29T07:03:12.012232+00:00,SF_16006|30|ALL|1,SF_16006,30,,30 RRT STOP CLOSED Board: Chestnut/Van Ness,30 RRT STOP CLOSED Board: Chestnut/Van Ness,STOP_CLOSED,2026-09-28T19:45:12.348718+00:00,2026-09-29T06:45:03.242322+00:00,10.997,False,2026-09-29T07:03:12.012232+00:00,1,36,MATCHED
2026-09-28T22:57:28.517097+00:00,SF_16009|J|ALL|1,SF_16009,J,,"IB/OB J delayed at Church & 16th, trolley pole stuck in overhead.","IB/OB J delayed at Church & 16th, trolley pole stuck in overhead.",DELAY,2026-09-28T22:39:17.601982+00:00,2026-09-28T22:39:17.601982+00:00,0.0,False,2026-09-28T22:57:28.517097+00:00,1,1,MATCHED
2026-09-28T22:57:28.517097+00:00,SF_16010|22|ALL|1,SF_16010,22,,"OB 22 routing via 17th between Church & Dolores, delayed at 16th.","OB 22 routing via 17th between Church & Dolores, delayed at 16th.",DELAY,2026-09-28T22:39:17.601982+00:00,2026-09-28T22:39:17.601982+00:00,0.0,False,2026-09-28T22:57:28.517097+00:00,1,1,MATCHED
2026-09-29T07:03:12.012232+00:00,SF_15904|14R|ALL|1,SF_15904,14R,,14/14R STOP TEMP. CLOSED Board midblock between 8th & 7th,14/14R STOP TEMP. CLOSED Board midblock between 8th & 7th,STOP_MOVED,2026-09-29T02:15:24.438760+00:00,2026-09-29T06:45:03.242322+00:00,4.494,False,2026-09-29T07:03:12.012232+00:00,1,16,MATCHED
2026-09-29T07:03:12.012232+00:00,SF_15904|14|ALL|1,SF_15904,14,,14/14R STOP TEMP. CLOSED Board midblock between 8th & 7th,14/14R STOP TEMP. CLOSED Board midblock between 8th & 7th,STOP_MOVED,2026-09-29T02:15:24.438760+00:00,2026-09-29T06:45:03.242322+00:00,4.494,False,2026-09-29T07:03:12.012232+00:00,1,16,MATCHED
2026-09-29T03:27:26.181431+00:00,SF_16011|1|ALL|1,SF_16011,1,,OB 1 blocked at Sacramento and Hyde by SFFD activity.,OB 1 blocked at Sacramento and Hyde by SFFD activity.,SERVICE_NOTICE,2026-09-29T03:09:13.656536+00:00,2026-09-29T03:09:13.656536+00:00,0.0,False,2026-09-29T03:27:26.181431+00:00,1,1,MATCHED
2026-09-29T07:03:12.012232+00:00,SF_15886|48|ALL|2,SF_15886,48,,48 RRT STOP CLOSED Board: 22nd/Caltrain OR 22nd/Minnesota,48 RRT STOP CLOSED Board: 22nd/Caltrain OR 22nd/Minnesota,STOP_CLOSED,2026-09-29T06:09:07.560589+00:00,2026-09-29T06:45:03.242322+00:00,0.599,False,2026-09-29T07:03:12.012232+00:00,2,3,MATCHED
2026-10-03T07:00:09.132045+00:00,SF_15932|44|ALL|1,SF_15932,44,,44 STOP TEMP. CLOSED Board at Silver & Augusta.,44 STOP TEMP. CLOSED Board at Silver & Augusta.,STOP_MOVED,2026-09-29T07:03:12.012232+00:00,2026-10-03T06:41:59.276704+00:00,95.646,False,2026-10-03T07:00:09.132045+00:00,1,301,MATCHED
2026-09-30T07:09:16.026459+00:00,SF_15549|28|ALL|12,SF_15549,28,,28 STOP TEMP. MOVED Board at North Point/Taylor,28 STOP TEMP. MOVED Board at North Point/Taylor,STOP_MOVED,2026-09-29T12:10:07.278240+00:00,2026-09-30T06:51:01.555317+00:00,18.682,False,2026-09-30T07:09:16.026459+00:00,12,50,MATCHED
2026-09-30T07:09:16.026459+00:00,SF_15550|28|ALL|12,SF_15550,28,,28 STOP TEMP. MOVED Board on other side of Jones,28 STOP TEMP. MOVED Board on other side of Jones,STOP_MOVED,2026-09-29T12:10:07.278240+00:00,2026-09-30T06:51:01.555317+00:00,18.682,False,2026-09-30T07:09:16.026459+00:00,12,50,MATCHED
2026-09-30T07:09:16.026459+00:00,SF_15853|1X|ALL|9,SF_15853,1X,,1 & 1X STOP TEMP. CLOSED Board at 32nd & Clement,1 & 1X STOP TEMP. CLOSED Board at 32nd & Clement,STOP_MOVED,2026-09-29T12:10:07.278240+00:00,2026-09-30T06:51:01.555317+00:00,18.682,False,2026-09-30T07:09:16.026459+00:00,9,50,MATCHED
2026-09-30T07:09:16.026459+00:00,SF_15853|1|ALL|9,SF_15853,1,,1 & 1X STOP TEMP. CLOSED Board at 32nd & Clement,1 & 1X STOP TEMP. CLOSED Board at 32nd & Clement,STOP_MOVED,2026-09-29T12:10:07.278240+00:00,2026-09-30T06:51:01.555317+00:00,18.682,False,2026-09-30T07:09:16.026459+00:00,9,50,MATCHED
2026-09-30T07:09:16.026459+00:00,SF_15854|18|ALL|9,SF_15854,18,,18 STOP TEMP. CLOSED Board at Clement & Legion of Honor,18 STOP TEMP. CLOSED Board at Clement & Legion of Honor,STOP_MOVED,2026-09-29T12:10:07.278240+00:00,2026-09-30T06:51:01.555317+00:00,18.682,False,2026-09-30T07:09:16.026459+00:00,9,50,MATCHED
2026-09-30T07:09:16.026459+00:00,SF_15857|29|ALL|9,SF_15857,29,,29 STOP TEMP. MOVED Board on other side of California,29 STOP TEMP. MOVED Board on other side of California,STOP_MOVED,2026-09-29T12:10:07.278240+00:00,2026-09-30T06:51:01.555317+00:00,18.682,False,2026-09-30T07:09:16.026459+00:00,9,50,MATCHED
2026-09-30T05:36:18.222004+00:00,SF_13205|2|ALL|12,SF_13205,2,,2 STOP TEMP. MOVED Board at Hyde OR Polk,2 STOP TEMP. MOVED Board at Hyde OR Polk,STOP_MOVED,2026-09-29T13:03:22.506146+00:00,2026-09-30T02:14:12.914640+00:00,13.181,False,2026-09-30T05:36:18.222004+00:00,12,42,MATCHED
2026-09-30T05:36:18.222004+00:00,SF_16001|12|ALL|2,SF_16001,12,,12 STOP TEMP. MOVED Board at Folsom/Mabini,12 STOP TEMP. MOVED Board at Folsom/Mabini,STOP_MOVED,2026-09-29T13:03:22.506146+00:00,2026-09-30T02:14:12.914640+00:00,13.181,False,2026-09-30T05:36:18.222004+00:00,2,42,MATCHED
2026-09-30T05:36:18.222004+00:00,SF_16002|12|ALL|2,SF_16002,12,,12 STOP TEMP. MOVED Board at Folsom/2nd island stop,12 STOP TEMP. MOVED Board at Folsom/2nd island stop,STOP_MOVED,2026-09-29T13:03:22.506146+00:00,2026-09-30T02:14:12.914640+00:00,13.181,False,2026-09-30T05:36:18.222004+00:00,2,42,MATCHED
2026-09-30T00:09:30.619700+00:00,SF_15385|5R|ALL|8,SF_15385,5R,,"5, 5R STOP TEMP. MOVED Board midblock btwn 30th & 31st","5, 5R STOP TEMP. MOVED Board midblock btwn 30th & 31st",STOP_MOVED,2026-09-29T14:15:13.474462+00:00,2026-09-29T23:51:28.537293+00:00,9.604,False,2026-09-30T00:09:30.619700+00:00,8,33,MATCHED
2026-09-30T00:09:30.619700+00:00,SF_15385|5|ALL|8,SF_15385,5,,"5, 5R STOP TEMP. MOVED Board midblock btwn 30th & 31st","5, 5R STOP TEMP. MOVED Board midblock btwn 30th & 31st",STOP_MOVED,2026-09-29T14:15:13.474462+00:00,2026-09-29T23:51:28.537293+00:00,9.604,False,2026-09-30T00:09:30.619700+00:00,8,33,MATCHED
2026-09-30T00:09:30.619700+00:00,SF_15386|5R|ALL|8,SF_15386,5R,,"5, 5R STOP TEMP. MOVED Board midblock btwn 30th & 29th","5, 5R STOP TEMP. MOVED Board midblock btwn 30th & 29th",STOP_MOVED,2026-09-29T14:15:13.474462+00:00,2026-09-29T23:51:28.537293+00:00,9.604,False,2026-09-30T00:09:30.619700+00:00,8,33,MATCHED
2026-09-30T00:09:30.619700+00:00,SF_15386|5|ALL|8,SF_15386,5,,"5, 5R STOP TEMP. MOVED Board midblock btwn 30th & 29th","5, 5R STOP TEMP. MOVED Board midblock btwn 30th & 29th",STOP_MOVED,2026-09-29T14:15:13.474462+00:00,2026-09-29T23:51:28.537293+00:00,9.604,False,2026-09-30T00:09:30.619700+00:00,8,33,MATCHED
2026-09-29T23:15:25.479572+00:00,SF_15659|31|ALL|8,SF_15659,31,,31 STOP TEMP. MOVED Board on the other side of Jones,31 STOP TEMP. MOVED Board on the other side of Jones,STOP_MOVED,2026-09-29T14:15:13.474462+00:00,2026-09-29T22:57:25.365762+00:00,8.703,False,2026-09-29T23:15:25.479572+00:00,8,30,MATCHED
2026-09-30T06:14:45.622158+00:00,SF_15679|PM|ALL|12,SF_15679,PM,,Cable Car STOP TEMP. MOVED Board: other side of Broadway,Cable Car STOP TEMP. MOVED Board: other side of Broadway,STOP_MOVED,2026-09-29T14:15:13.474462+00:00,2026-09-30T05:57:12.306396+00:00,15.7,False,2026-09-30T06:14:45.622158+00:00,12,40,MATCHED
2026-09-30T00:09:30.619700+00:00,SF_15816|43|ALL|7,SF_15816,43,,"6, 43 STOP TEMP. MOVED Board at Parnassus/5th","6, 43 STOP TEMP. MOVED Board at Parnassus/5th",STOP_MOVED,2026-09-29T14:15:13.474462+00:00,2026-09-29T23:51:28.537293+00:00,9.604,False,2026-09-30T00:09:30.619700+00:00,7,33,MATCHED
2026-09-30T00:09:30.619700+00:00,SF_15816|6|ALL|7,SF_15816,6,,"6, 43 STOP TEMP. MOVED Board at Parnassus/5th","6, 43 STOP TEMP. MOVED Board at Parnassus/5th",STOP_MOVED,2026-09-29T14:15:13.474462+00:00,2026-09-29T23:51:28.537293+00:00,9.604,False,2026-09-30T00:09:30.619700+00:00,7,33,MATCHED
2026-09-29T23:33:51.217056+00:00,SF_15667|12|ALL|12,SF_15667,12,,12 STOP TEMP. MOVED Board at Sansome/Commercial,12 STOP TEMP. MOVED Board at Sansome/Commercial,STOP_MOVED,2026-09-29T14:33:16.133225+00:00,2026-09-29T23:15:25.479572+00:00,8.703,False,2026-09-29T23:33:51.217056+00:00,12,30,MATCHED
2026-09-30T00:09:30.619700+00:00,SF_15661|43|ALL|8,SF_15661,43,,43 STOP TEMP. MOVED Board at Gennessee/Judson,43 STOP TEMP. MOVED Board at Gennessee/Judson,STOP_MOVED,2026-09-29T15:09:13.458191+00:00,2026-09-29T23:51:28.537293+00:00,8.704,False,2026-09-30T00:09:30.619700+00:00,8,30,MATCHED
2026-09-30T00:09:30.619700+00:00,SF_15740|35|ALL|8,SF_15740,35,,35 RRT STOP CLOSED Board: Along Douglass OR Eureka/21st,35 RRT STOP CLOSED Board: Along Douglass OR Eureka/21st,STOP_CLOSED,2026-09-29T15:09:13.458191+00:00,2026-09-29T23:51:28.537293+00:00,8.704,False,2026-09-30T00:09:30.619700+00:00,8,30,MATCHED
2026-09-29T23:15:25.479572+00:00,SF_15752|38R|ALL|8,SF_15752,38R,,"38, 38R STOP TEMP. MOVED Board at O'Farrell/Mason","38, 38R STOP TEMP. MOVED Board at O'Farrell/Mason",STOP_MOVED,2026-09-29T15:09:13.458191+00:00,2026-09-29T22:57:25.365762+00:00,7.803,False,2026-09-29T23:15:25.479572+00:00,8,27,MATCHED
2026-09-29T23:15:25.479572+00:00,SF_15752|38|ALL|8,SF_15752,38,,"38, 38R STOP TEMP. MOVED Board at O'Farrell/Mason","38, 38R STOP TEMP. MOVED Board at O'Farrell/Mason",STOP_MOVED,2026-09-29T15:09:13.458191+00:00,2026-09-29T22:57:25.365762+00:00,7.803,False,2026-09-29T23:15:25.479572+00:00,8,27,MATCHED
2026-09-29T23:15:25.479572+00:00,SF_15835|38R|ALL|6,SF_15835,38R,,"38, 38R STOP TEMP. MOVED Board at O'Farrell/Stockton","38, 38R STOP TEMP. MOVED Board at O'Farrell/Stockton",STOP_MOVED,2026-09-29T15:09:13.458191+00:00,2026-09-29T22:57:25.365762+00:00,7.803,False,2026-09-29T23:15:25.479572+00:00,6,27,MATCHED
2026-09-29T23:15:25.479572+00:00,SF_15835|38|ALL|6,SF_15835,38,,"38, 38R STOP TEMP. MOVED Board at O'Farrell/Stockton","38, 38R STOP TEMP. MOVED Board at O'Farrell/Stockton",STOP_MOVED,2026-09-29T15:09:13.458191+00:00,2026-09-29T22:57:25.365762+00:00,7.803,False,2026-09-29T23:15:25.479572+00:00,6,27,MATCHED
2026-09-29T23:15:25.479572+00:00,SF_15843|54|ALL|8,SF_15843,54,,54 STOP TEMP. MOVED Board at Revere btwn Ingalls & Jennings,54 STOP TEMP. MOVED Board at Revere btwn Ingalls & Jennings,STOP_MOVED,2026-09-29T15:09:13.458191+00:00,2026-09-29T22:57:25.365762+00:00,7.803,False,2026-09-29T23:15:25.479572+00:00,8,27,MATCHED
2026-09-29T23:15:25.479572+00:00,SF_15844|54|ALL|8,SF_15844,54,,54 STOP TEMP. MOVED Board midblock 3rd btwn Revere & Quesada,54 STOP TEMP. MOVED Board midblock 3rd btwn Revere & Quesada,STOP_MOVED,2026-09-29T15:09:13.458191+00:00,2026-09-29T22:57:25.365762+00:00,7.803,False,2026-09-29T23:15:25.479572+00:00,8,27,MATCHED
2026-09-30T00:09:30.619700+00:00,SF_15882|29|ALL|9,SF_15882,29,,29 STOP TEMP. MOVED Board at San Bruno & Paul,29 STOP TEMP. MOVED Board at San Bruno & Paul,STOP_MOVED,2026-09-29T15:09:13.458191+00:00,2026-09-29T23:51:28.537293+00:00,8.704,False,2026-09-30T00:09:30.619700+00:00,9,30,MATCHED
2026-09-30T00:09:30.619700+00:00,SF_15919|19|ALL|2,SF_15919,19,,"19, 27 STOP TEMP. CLOSED Board at Hyde/Grove OR 8th/Howard","19, 27 STOP TEMP. CLOSED Board at Hyde/Grove OR 8th/Howard",STOP_MOVED,2026-09-29T15:09:13.458191+00:00,2026-09-29T23:51:28.537293+00:00,8.704,False,2026-09-30T00:09:30.619700+00:00,2,30,MATCHED
2026-09-30T00:09:30.619700+00:00,SF_15919|27|ALL|2,SF_15919,27,,"19, 27 STOP TEMP. CLOSED Board at Hyde/Grove OR 8th/Howard","19, 27 STOP TEMP. CLOSED Board at Hyde/Grove OR 8th/Howard",STOP_MOVED,2026-09-29T15:09:13.458191+00:00,2026-09-29T23:51:28.537293+00:00,8.704,False,2026-09-30T00:09:30.619700+00:00,2,30,MATCHED
2026-09-29T23:15:25.479572+00:00,SF_15986|5R|ALL|1,SF_15986,5R,,"5, 5R STOP TEMP. CLOSED Board at 17th","5, 5R STOP TEMP. CLOSED Board at 17th",STOP_MOVED,2026-09-29T15:09:13.458191+00:00,2026-09-29T22:57:25.365762+00:00,7.803,False,2026-09-29T23:15:25.479572+00:00,1,27,MATCHED
2026-09-29T23:15:25.479572+00:00,SF_15986|5|ALL|1,SF_15986,5,,"5, 5R STOP TEMP. CLOSED Board at 17th","5, 5R STOP TEMP. CLOSED Board at 17th",STOP_MOVED,2026-09-29T15:09:13.458191+00:00,2026-09-29T22:57:25.365762+00:00,7.803,False,2026-09-29T23:15:25.479572+00:00,1,27,MATCHED
2026-09-30T00:09:30.619700+00:00,SF_15993|8BX|ALL|2,SF_15993,8BX,,"8, 8BX, 9R STOP TEMP. CLOSED Board 100 ft before intersection","8, 8BX, 9R STOP TEMP. CLOSED Board 100 ft before intersection",STOP_MOVED,2026-09-29T15:09:13.458191+00:00,2026-09-29T23:51:28.537293+00:00,8.704,False,2026-09-30T00:09:30.619700+00:00,2,30,MATCHED
2026-09-30T00:09:30.619700+00:00,SF_15993|8|ALL|2,SF_15993,8,,"8, 8BX, 9R STOP TEMP. CLOSED Board 100 ft before intersection","8, 8BX, 9R STOP TEMP. CLOSED Board 100 ft before intersection",STOP_MOVED,2026-09-29T15:09:13.458191+00:00,2026-09-29T23:51:28.537293+00:00,8.704,False,2026-09-30T00:09:30.619700+00:00,2,30,MATCHED
2026-09-30T00:09:30.619700+00:00,SF_15993|9R|ALL|2,SF_15993,9R,,"8, 8BX, 9R STOP TEMP. CLOSED Board 100 ft before intersection","8, 8BX, 9R STOP TEMP. CLOSED Board 100 ft before intersection",STOP_MOVED,2026-09-29T15:09:13.458191+00:00,2026-09-29T23:51:28.537293+00:00,8.704,False,2026-09-30T00:09:30.619700+00:00,2,30,MATCHED
2026-09-29T18:27:40.044618+00:00,SF_16016|J|ALL|1,SF_16016,J,,Civic Center platform elevator out of service,Civic Center platform elevator out of service,SERVICE_NOTICE,2026-09-29T15:27:43.926570+00:00,2026-09-29T18:09:32.032233+00:00,2.697,False,2026-09-29T18:27:40.044618+00:00,1,10,MATCHED
2026-09-29T18:27:40.044618+00:00,SF_16016|K|ALL|1,SF_16016,K,,Civic Center platform elevator out of service,Civic Center platform elevator out of service,SERVICE_NOTICE,2026-09-29T15:27:43.926570+00:00,2026-09-29T18:09:32.032233+00:00,2.697,False,2026-09-29T18:27:40.044618+00:00,1,10,MATCHED
2026-09-29T18:27:40.044618+00:00,SF_16016|L|ALL|1,SF_16016,L,,Civic Center platform elevator out of service,Civic Center platform elevator out of service,SERVICE_NOTICE,2026-09-29T15:27:43.926570+00:00,2026-09-29T18:09:32.032233+00:00,2.697,False,2026-09-29T18:27:40.044618+00:00,1,10,MATCHED
2026-09-29T18:27:40.044618+00:00,SF_16016|M|ALL|1,SF_16016,M,,Civic Center platform elevator out of service,Civic Center platform elevator out of service,SERVICE_NOTICE,2026-09-29T15:27:43.926570+00:00,2026-09-29T18:09:32.032233+00:00,2.697,False,2026-09-29T18:27:40.044618+00:00,1,10,MATCHED
2026-09-29T18:27:40.044618+00:00,SF_16016|N|ALL|1,SF_16016,N,,Civic Center platform elevator out of service,Civic Center platform elevator out of service,SERVICE_NOTICE,2026-09-29T15:27:43.926570+00:00,2026-09-29T18:09:32.032233+00:00,2.697,False,2026-09-29T18:27:40.044618+00:00,1,10,MATCHED
2026-09-30T14:36:10.121906+00:00,SF_16017|J|ALL|1,SF_16017,J,,Van Ness platform elevator not in service,Van Ness platform elevator not in service,SERVICE_NOTICE,2026-09-29T15:27:43.926570+00:00,2026-09-30T14:18:25.283159+00:00,22.845,False,2026-09-30T14:36:10.121906+00:00,1,64,MATCHED
2026-09-30T14:36:10.121906+00:00,SF_16017|K|ALL|1,SF_16017,K,,Van Ness platform elevator not in service,Van Ness platform elevator not in service,SERVICE_NOTICE,2026-09-29T15:27:43.926570+00:00,2026-09-30T14:18:25.283159+00:00,22.845,False,2026-09-30T14:36:10.121906+00:00,1,64,MATCHED
2026-09-30T14:36:10.121906+00:00,SF_16017|L|ALL|1,SF_16017,L,,Van Ness platform elevator not in service,Van Ness platform elevator not in service,SERVICE_NOTICE,2026-09-29T15:27:43.926570+00:00,2026-09-30T14:18:25.283159+00:00,22.845,False,2026-09-30T14:36:10.121906+00:00,1,64,MATCHED
2026-09-30T14:36:10.121906+00:00,SF_16017|M|ALL|1,SF_16017,M,,Van Ness platform elevator not in service,Van Ness platform elevator not in service,SERVICE_NOTICE,2026-09-29T15:27:43.926570+00:00,2026-09-30T14:18:25.283159+00:00,22.845,False,2026-09-30T14:36:10.121906+00:00,1,64,MATCHED
2026-09-30T14:36:10.121906+00:00,SF_16017|N|ALL|1,SF_16017,N,,Van Ness platform elevator not in service,Van Ness platform elevator not in service,SERVICE_NOTICE,2026-09-29T15:27:43.926570+00:00,2026-09-30T14:18:25.283159+00:00,22.845,False,2026-09-30T14:36:10.121906+00:00,1,64,MATCHED
2026-09-29T18:09:32.032233+00:00,SF_16019|36|ALL|1,SF_16019,36,,36 STOP TEMP. CLOSED due to stalled bus. Board: Teresita/Reposa,36 STOP TEMP. CLOSED due to stalled bus. Board: Teresita/Reposa,STOP_MOVED,2026-09-29T17:33:30.104819+00:00,2026-09-29T17:51:38.930273+00:00,0.302,False,2026-09-29T18:09:32.032233+00:00,1,2,MATCHED
2026-09-29T19:57:16.382003+00:00,1178598730|NETWORK_WIDE|ALL|1,1178598730,,,Northbound T-Third Line Delayed at Chase Center.,"SF Muni reports northbound T-Third Line delayed at Chase Center, due to a stalled train.",DELAY,2026-09-29T19:39:34.748960+00:00,2026-09-29T19:39:34.748960+00:00,0.0,False,2026-09-29T19:57:16.382003+00:00,1,1,NETWORK_WIDE
2026-09-29T19:57:16.382003+00:00,SF_16022|T|ALL|1,SF_16022,T,,T Line delay at Chase Ctr. due to stalled train. Working to clear.,T Line delay at Chase Ctr. due to stalled train. Working to clear.,DELAY,2026-09-29T19:39:34.748960+00:00,2026-09-29T19:39:34.748960+00:00,0.0,False,2026-09-29T19:57:16.382003+00:00,1,1,MATCHED
2026-09-29T20:15:15.819759+00:00,SF_16023|T|ALL|1,SF_16023,T,,NB T switchback at Evans. Bus shuttles between Evans and 4th & King.,NB T switchback at Evans. Bus shuttles between Evans and 4th & King.,SERVICE_NOTICE,2026-09-29T19:57:16.382003+00:00,2026-09-29T19:57:16.382003+00:00,0.0,False,2026-09-29T20:15:15.819759+00:00,1,1,MATCHED
2026-09-30T15:48:09.687359+00:00,SF_16025|J|ALL|1,SF_16025,J,,Civic Center Platform Elevator	Out of Service,Civic Center Platform Elevator	Out of Service,SERVICE_NOTICE,2026-09-29T20:15:15.819759+00:00,2026-09-30T15:29:53.553803+00:00,19.244,False,2026-09-30T15:48:09.687359+00:00,1,52,MATCHED
2026-09-30T15:48:09.687359+00:00,SF_16025|K|ALL|1,SF_16025,K,,Civic Center Platform Elevator	Out of Service,Civic Center Platform Elevator	Out of Service,SERVICE_NOTICE,2026-09-29T20:15:15.819759+00:00,2026-09-30T15:29:53.553803+00:00,19.244,False,2026-09-30T15:48:09.687359+00:00,1,52,MATCHED
2026-09-30T15:48:09.687359+00:00,SF_16025|L|ALL|1,SF_16025,L,,Civic Center Platform Elevator	Out of Service,Civic Center Platform Elevator	Out of Service,SERVICE_NOTICE,2026-09-29T20:15:15.819759+00:00,2026-09-30T15:29:53.553803+00:00,19.244,False,2026-09-30T15:48:09.687359+00:00,1,52,MATCHED
2026-09-30T15:48:09.687359+00:00,SF_16025|M|ALL|1,SF_16025,M,,Civic Center Platform Elevator	Out of Service,Civic Center Platform Elevator	Out of Service,SERVICE_NOTICE,2026-09-29T20:15:15.819759+00:00,2026-09-30T15:29:53.553803+00:00,19.244,False,2026-09-30T15:48:09.687359+00:00,1,52,MATCHED
2026-09-30T15:48:09.687359+00:00,SF_16025|N|ALL|1,SF_16025,N,,Civic Center Platform Elevator	Out of Service,Civic Center Platform Elevator	Out of Service,SERVICE_NOTICE,2026-09-29T20:15:15.819759+00:00,2026-09-30T15:29:53.553803+00:00,19.244,False,2026-09-30T15:48:09.687359+00:00,1,52,MATCHED
2026-09-29T20:33:12.077536+00:00,SF_16026|67|ALL|1,SF_16026,67,,OB 67 routing via Folsom to IB route. Ellsworth stops missed.,OB 67 routing via Folsom to IB route. Ellsworth stops missed.,SERVICE_NOTICE,2026-09-29T20:15:15.819759+00:00,2026-09-29T20:15:15.819759+00:00,0.0,False,2026-09-29T20:33:12.077536+00:00,1,1,MATCHED
2026-09-30T05:36:18.222004+00:00,SF_16013|48|ALL|1,SF_16013,48,,"48 RRT STOP CLOSED Board at Noe, Guerrero OR Dolores & 24th","48 RRT STOP CLOSED Board at Noe, Guerrero OR Dolores & 24th",STOP_CLOSED,2026-09-29T20:33:12.077536+00:00,2026-09-30T02:14:12.914640+00:00,5.684,False,2026-09-30T05:36:18.222004+00:00,1,17,MATCHED
2026-09-30T05:36:18.222004+00:00,SF_16014|48|ALL|1,SF_16014,48,,48 RRT STOP CLOSED Board at 24th & Church OR Castro & 24th,48 RRT STOP CLOSED Board at 24th & Church OR Castro & 24th,STOP_CLOSED,2026-09-29T20:33:12.077536+00:00,2026-09-30T02:14:12.914640+00:00,5.684,False,2026-09-30T05:36:18.222004+00:00,1,17,MATCHED
2026-09-29T23:51:28.537293+00:00,SF_16027|1|ALL|1,SF_16027,1,,IB 1 routing via Pacific between Jones and Powell blocked on Clay.,IB 1 routing via Pacific between Jones and Powell blocked on Clay.,SERVICE_NOTICE,2026-09-29T20:50:58.548519+00:00,2026-09-29T23:33:51.217056+00:00,2.715,False,2026-09-29T23:51:28.537293+00:00,1,10,MATCHED
2026-10-03T07:00:09.132045+00:00,SF_16028|NETWORK_WIDE|ALL|1,SF_16028,,,Hardly Strictly Bluegrass in GGP Oct. 2 to 4. SFMTA.com/Bluegrass,Hardly Strictly Bluegrass in GGP Oct. 2 to 4. SFMTA.com/Bluegrass,SERVICE_NOTICE,2026-09-30T02:14:12.914640+00:00,2026-10-03T06:41:59.276704+00:00,76.463,False,2026-10-03T07:00:09.132045+00:00,1,240,NETWORK_WIDE
2026-09-30T22:11:30.077261+00:00,SF_16018|14R|ALL|1,SF_16018,14R,,"14, 14R STOP TEMP. CLOSED Board midblock btwn 8th & 7th","14, 14R STOP TEMP. CLOSED Board midblock btwn 8th & 7th",STOP_MOVED,2026-09-30T07:09:16.026459+00:00,2026-09-30T21:48:21.701485+00:00,14.652,False,2026-09-30T22:11:30.077261+00:00,1,49,MATCHED
2026-09-30T22:11:30.077261+00:00,SF_16018|14|ALL|1,SF_16018,14,,"14, 14R STOP TEMP. CLOSED Board midblock btwn 8th & 7th","14, 14R STOP TEMP. CLOSED Board midblock btwn 8th & 7th",STOP_MOVED,2026-09-30T07:09:16.026459+00:00,2026-09-30T21:48:21.701485+00:00,14.652,False,2026-09-30T22:11:30.077261+00:00,1,49,MATCHED
2026-10-01T07:15:13.746364+00:00,SF_15549|28|ALL|13,SF_15549,28,,28 STOP TEMP. MOVED Board at North Point/Taylor,28 STOP TEMP. MOVED Board at North Point/Taylor,STOP_MOVED,2026-09-30T12:14:56.097977+00:00,2026-10-01T06:57:07.902932+00:00,18.703,False,2026-10-01T07:15:13.746364+00:00,13,59,MATCHED
2026-10-01T07:15:13.746364+00:00,SF_15550|28|ALL|13,SF_15550,28,,28 STOP TEMP. MOVED Board on other side of Jones,28 STOP TEMP. MOVED Board on other side of Jones,STOP_MOVED,2026-09-30T12:14:56.097977+00:00,2026-10-01T06:57:07.902932+00:00,18.703,False,2026-10-01T07:15:13.746364+00:00,13,59,MATCHED
2026-10-01T07:15:13.746364+00:00,SF_15853|1X|ALL|10,SF_15853,1X,,1 & 1X STOP TEMP. CLOSED Board at 32nd & Clement,1 & 1X STOP TEMP. CLOSED Board at 32nd & Clement,STOP_MOVED,2026-09-30T12:14:56.097977+00:00,2026-10-01T06:57:07.902932+00:00,18.703,False,2026-10-01T07:15:13.746364+00:00,10,59,MATCHED
2026-10-01T07:15:13.746364+00:00,SF_15853|1|ALL|10,SF_15853,1,,1 & 1X STOP TEMP. CLOSED Board at 32nd & Clement,1 & 1X STOP TEMP. CLOSED Board at 32nd & Clement,STOP_MOVED,2026-09-30T12:14:56.097977+00:00,2026-10-01T06:57:07.902932+00:00,18.703,False,2026-10-01T07:15:13.746364+00:00,10,59,MATCHED
2026-10-01T07:15:13.746364+00:00,SF_15854|18|ALL|10,SF_15854,18,,18 STOP TEMP. CLOSED Board at Clement & Legion of Honor,18 STOP TEMP. CLOSED Board at Clement & Legion of Honor,STOP_MOVED,2026-09-30T12:14:56.097977+00:00,2026-10-01T06:57:07.902932+00:00,18.703,False,2026-10-01T07:15:13.746364+00:00,10,59,MATCHED
2026-10-01T07:15:13.746364+00:00,SF_15857|29|ALL|10,SF_15857,29,,29 STOP TEMP. MOVED Board on other side of California,29 STOP TEMP. MOVED Board on other side of California,STOP_MOVED,2026-09-30T12:14:56.097977+00:00,2026-10-01T06:57:07.902932+00:00,18.703,False,2026-10-01T07:15:13.746364+00:00,10,59,MATCHED
2026-10-01T03:18:19.010560+00:00,SF_13205|2|ALL|13,SF_13205,2,,2 STOP TEMP. MOVED Board at Hyde OR Polk,2 STOP TEMP. MOVED Board at Hyde OR Polk,STOP_MOVED,2026-09-30T13:06:14.720892+00:00,2026-10-01T02:59:52.211362+00:00,13.894,False,2026-10-01T03:18:19.010560+00:00,13,43,MATCHED
2026-10-01T05:06:09.940678+00:00,SF_16001|12|ALL|3,SF_16001,12,,12 STOP TEMP. MOVED Board at Folsom/Mabini,12 STOP TEMP. MOVED Board at Folsom/Mabini,STOP_MOVED,2026-09-30T13:06:14.720892+00:00,2026-10-01T04:48:26.450277+00:00,15.703,False,2026-10-01T05:06:09.940678+00:00,3,49,MATCHED
2026-10-01T05:06:09.940678+00:00,SF_16002|12|ALL|3,SF_16002,12,,12 STOP TEMP. MOVED Board at Folsom/2nd island stop,12 STOP TEMP. MOVED Board at Folsom/2nd island stop,STOP_MOVED,2026-09-30T13:06:14.720892+00:00,2026-10-01T04:48:26.450277+00:00,15.703,False,2026-10-01T05:06:09.940678+00:00,3,49,MATCHED
2026-10-01T00:19:17.246280+00:00,SF_15385|5R|ALL|9,SF_15385,5R,,"5, 5R STOP TEMP. MOVED Board midblock btwn 30th & 31st","5, 5R STOP TEMP. MOVED Board midblock btwn 30th & 31st",STOP_MOVED,2026-09-30T14:00:26.414738+00:00,2026-10-01T00:00:10.540752+00:00,9.996,False,2026-10-01T00:19:17.246280+00:00,9,30,MATCHED
2026-10-01T00:19:17.246280+00:00,SF_15385|5|ALL|9,SF_15385,5,,"5, 5R STOP TEMP. MOVED Board midblock btwn 30th & 31st","5, 5R STOP TEMP. MOVED Board midblock btwn 30th & 31st",STOP_MOVED,2026-09-30T14:00:26.414738+00:00,2026-10-01T00:00:10.540752+00:00,9.996,False,2026-10-01T00:19:17.246280+00:00,9,30,MATCHED
2026-10-01T00:19:17.246280+00:00,SF_15386|5R|ALL|9,SF_15386,5R,,"5, 5R STOP TEMP. MOVED Board midblock btwn 30th & 29th","5, 5R STOP TEMP. MOVED Board midblock btwn 30th & 29th",STOP_MOVED,2026-09-30T14:00:26.414738+00:00,2026-10-01T00:00:10.540752+00:00,9.996,False,2026-10-01T00:19:17.246280+00:00,9,30,MATCHED
2026-10-01T00:19:17.246280+00:00,SF_15386|5|ALL|9,SF_15386,5,,"5, 5R STOP TEMP. MOVED Board midblock btwn 30th & 29th","5, 5R STOP TEMP. MOVED Board midblock btwn 30th & 29th",STOP_MOVED,2026-09-30T14:00:26.414738+00:00,2026-10-01T00:00:10.540752+00:00,9.996,False,2026-10-01T00:19:17.246280+00:00,9,30,MATCHED
2026-09-30T23:21:29.149413+00:00,SF_15659|31|ALL|9,SF_15659,31,,31 STOP TEMP. MOVED Board on the other side of Jones,31 STOP TEMP. MOVED Board on the other side of Jones,STOP_MOVED,2026-09-30T14:00:26.414738+00:00,2026-09-30T22:11:30.077261+00:00,8.184,False,2026-09-30T23:21:29.149413+00:00,9,27,MATCHED
2026-10-01T06:03:34.541590+00:00,SF_15679|PM|ALL|13,SF_15679,PM,,Cable Car STOP TEMP. MOVED Board: other side of Broadway,Cable Car STOP TEMP. MOVED Board: other side of Broadway,STOP_MOVED,2026-09-30T14:00:26.414738+00:00,2026-10-01T05:42:24.217938+00:00,15.699,False,2026-10-01T06:03:34.541590+00:00,13,49,MATCHED
2026-10-01T00:19:17.246280+00:00,SF_15816|43|ALL|8,SF_15816,43,,"6, 43 STOP TEMP. MOVED Board at Parnassus/5th","6, 43 STOP TEMP. MOVED Board at Parnassus/5th",STOP_MOVED,2026-09-30T14:00:26.414738+00:00,2026-10-01T00:00:10.540752+00:00,9.996,False,2026-10-01T00:19:17.246280+00:00,8,30,MATCHED
2026-10-01T00:19:17.246280+00:00,SF_15816|6|ALL|8,SF_15816,6,,"6, 43 STOP TEMP. MOVED Board at Parnassus/5th","6, 43 STOP TEMP. MOVED Board at Parnassus/5th",STOP_MOVED,2026-09-30T14:00:26.414738+00:00,2026-10-01T00:00:10.540752+00:00,9.996,False,2026-10-01T00:19:17.246280+00:00,8,30,MATCHED
2026-09-30T23:42:15.363513+00:00,SF_15667|12|ALL|13,SF_15667,12,,12 STOP TEMP. MOVED Board at Sansome/Commercial,12 STOP TEMP. MOVED Board at Sansome/Commercial,STOP_MOVED,2026-09-30T14:36:10.121906+00:00,2026-09-30T23:21:29.149413+00:00,8.755,False,2026-09-30T23:42:15.363513+00:00,13,26,MATCHED
2026-10-01T00:19:17.246280+00:00,SF_15661|43|ALL|9,SF_15661,43,,43 STOP TEMP. MOVED Board at Gennessee/Judson,43 STOP TEMP. MOVED Board at Gennessee/Judson,STOP_MOVED,2026-09-30T15:12:12.902445+00:00,2026-10-01T00:00:10.540752+00:00,8.799,False,2026-10-01T00:19:17.246280+00:00,9,26,MATCHED
2026-10-01T00:19:17.246280+00:00,SF_15740|35|ALL|9,SF_15740,35,,35 RRT STOP CLOSED Board: Along Douglass OR Eureka/21st,35 RRT STOP CLOSED Board: Along Douglass OR Eureka/21st,STOP_CLOSED,2026-09-30T15:12:12.902445+00:00,2026-10-01T00:00:10.540752+00:00,8.799,False,2026-10-01T00:19:17.246280+00:00,9,26,MATCHED
2026-09-30T23:21:29.149413+00:00,SF_15752|38R|ALL|9,SF_15752,38R,,"38, 38R STOP TEMP. MOVED Board at O'Farrell/Mason","38, 38R STOP TEMP. MOVED Board at O'Farrell/Mason",STOP_MOVED,2026-09-30T15:12:12.902445+00:00,2026-09-30T22:11:30.077261+00:00,6.988,False,2026-09-30T23:21:29.149413+00:00,9,23,MATCHED
2026-09-30T23:21:29.149413+00:00,SF_15752|38|ALL|9,SF_15752,38,,"38, 38R STOP TEMP. MOVED Board at O'Farrell/Mason","38, 38R STOP TEMP. MOVED Board at O'Farrell/Mason",STOP_MOVED,2026-09-30T15:12:12.902445+00:00,2026-09-30T22:11:30.077261+00:00,6.988,False,2026-09-30T23:21:29.149413+00:00,9,23,MATCHED
2026-09-30T23:21:29.149413+00:00,SF_15843|54|ALL|9,SF_15843,54,,54 STOP TEMP. MOVED Board at Revere btwn Ingalls & Jennings,54 STOP TEMP. MOVED Board at Revere btwn Ingalls & Jennings,STOP_MOVED,2026-09-30T15:12:12.902445+00:00,2026-09-30T22:11:30.077261+00:00,6.988,False,2026-09-30T23:21:29.149413+00:00,9,23,MATCHED
2026-09-30T23:21:29.149413+00:00,SF_15844|54|ALL|9,SF_15844,54,,54 STOP TEMP. MOVED Board midblock 3rd btwn Revere & Quesada,54 STOP TEMP. MOVED Board midblock 3rd btwn Revere & Quesada,STOP_MOVED,2026-09-30T15:12:12.902445+00:00,2026-09-30T22:11:30.077261+00:00,6.988,False,2026-09-30T23:21:29.149413+00:00,9,23,MATCHED
2026-10-01T00:19:17.246280+00:00,SF_15882|29|ALL|10,SF_15882,29,,29 STOP TEMP. MOVED Board at San Bruno & Paul,29 STOP TEMP. MOVED Board at San Bruno & Paul,STOP_MOVED,2026-09-30T15:12:12.902445+00:00,2026-10-01T00:00:10.540752+00:00,8.799,False,2026-10-01T00:19:17.246280+00:00,10,26,MATCHED
2026-10-01T00:19:17.246280+00:00,SF_15919|19|ALL|3,SF_15919,19,,"19, 27 STOP TEMP. CLOSED Board at Hyde/Grove OR 8th/Howard","19, 27 STOP TEMP. CLOSED Board at Hyde/Grove OR 8th/Howard",STOP_MOVED,2026-09-30T15:12:12.902445+00:00,2026-10-01T00:00:10.540752+00:00,8.799,False,2026-10-01T00:19:17.246280+00:00,3,26,MATCHED
2026-10-01T00:19:17.246280+00:00,SF_15919|27|ALL|3,SF_15919,27,,"19, 27 STOP TEMP. CLOSED Board at Hyde/Grove OR 8th/Howard","19, 27 STOP TEMP. CLOSED Board at Hyde/Grove OR 8th/Howard",STOP_MOVED,2026-09-30T15:12:12.902445+00:00,2026-10-01T00:00:10.540752+00:00,8.799,False,2026-10-01T00:19:17.246280+00:00,3,26,MATCHED
2026-10-01T00:19:17.246280+00:00,SF_15993|8BX|ALL|3,SF_15993,8BX,,"8, 8BX, 9R STOP TEMP. CLOSED Board 100 ft before intersection","8, 8BX, 9R STOP TEMP. CLOSED Board 100 ft before intersection",STOP_MOVED,2026-09-30T15:12:12.902445+00:00,2026-10-01T00:00:10.540752+00:00,8.799,False,2026-10-01T00:19:17.246280+00:00,3,26,MATCHED
2026-10-01T00:19:17.246280+00:00,SF_15993|8|ALL|3,SF_15993,8,,"8, 8BX, 9R STOP TEMP. CLOSED Board 100 ft before intersection","8, 8BX, 9R STOP TEMP. CLOSED Board 100 ft before intersection",STOP_MOVED,2026-09-30T15:12:12.902445+00:00,2026-10-01T00:00:10.540752+00:00,8.799,False,2026-10-01T00:19:17.246280+00:00,3,26,MATCHED
2026-10-01T00:19:17.246280+00:00,SF_15993|9R|ALL|3,SF_15993,9R,,"8, 8BX, 9R STOP TEMP. CLOSED Board 100 ft before intersection","8, 8BX, 9R STOP TEMP. CLOSED Board 100 ft before intersection",STOP_MOVED,2026-09-30T15:12:12.902445+00:00,2026-10-01T00:00:10.540752+00:00,8.799,False,2026-10-01T00:19:17.246280+00:00,3,26,MATCHED
2026-09-30T19:06:41.265258+00:00,1179190371|NETWORK_WIDE|ALL|1,1179190371,,,F-Market Line Delayed at Jones/Beach,"SF Muni reports F-Market Line delayed at Jones/Beach, due to police activity.",DELAY,2026-09-30T18:31:02.939511+00:00,2026-09-30T18:48:22.550507+00:00,0.289,False,2026-09-30T19:06:41.265258+00:00,1,2,NETWORK_WIDE
2026-09-30T19:06:41.265258+00:00,SF_16033|F|ALL|1,SF_16033,F,,F Line delay due to police activity at Jones.,F Line delay due to police activity at Jones.,DELAY,2026-09-30T18:31:02.939511+00:00,2026-09-30T18:48:22.550507+00:00,0.289,False,2026-09-30T19:06:41.265258+00:00,1,2,MATCHED
2026-09-30T21:48:21.701485+00:00,SF_16034|7|ALL|1,SF_16034,7,,"IB 7, 9R RRT board at Mission stops","IB 7, 9R RRT board at Mission stops",SERVICE_NOTICE,2026-09-30T21:30:14.703544+00:00,2026-09-30T21:30:14.703544+00:00,0.0,False,2026-09-30T21:48:21.701485+00:00,1,1,MATCHED
2026-09-30T21:48:21.701485+00:00,SF_16034|9R|ALL|1,SF_16034,9R,,"IB 7, 9R RRT board at Mission stops","IB 7, 9R RRT board at Mission stops",SERVICE_NOTICE,2026-09-30T21:30:14.703544+00:00,2026-09-30T21:30:14.703544+00:00,0.0,False,2026-09-30T21:48:21.701485+00:00,1,1,MATCHED
2026-09-30T21:48:21.701485+00:00,SF_16035|38R|ALL|1,SF_16035,38R,,"38, 38R RRT Board at 14 line Mission stops","38, 38R RRT Board at 14 line Mission stops",SERVICE_NOTICE,2026-09-30T21:30:14.703544+00:00,2026-09-30T21:30:14.703544+00:00,0.0,False,2026-09-30T21:48:21.701485+00:00,1,1,MATCHED
2026-09-30T21:48:21.701485+00:00,SF_16035|38|ALL|1,SF_16035,38,,"38, 38R RRT Board at 14 line Mission stops","38, 38R RRT Board at 14 line Mission stops",SERVICE_NOTICE,2026-09-30T21:30:14.703544+00:00,2026-09-30T21:30:14.703544+00:00,0.0,False,2026-09-30T21:48:21.701485+00:00,1,1,MATCHED
2026-09-30T23:21:29.149413+00:00,SF_16036|12|ALL|1,SF_16036,12,,IB 12 RRT Board Sacramento/Battery OR Pacific/Sansome,IB 12 RRT Board Sacramento/Battery OR Pacific/Sansome,SERVICE_NOTICE,2026-09-30T21:48:21.701485+00:00,2026-09-30T22:11:30.077261+00:00,0.386,False,2026-09-30T23:21:29.149413+00:00,1,2,MATCHED
2026-09-30T23:21:29.149413+00:00,SF_16037|12|ALL|1,SF_16037,12,,OB 12 RRT at Broadway/Sansome OR Clay/Front,OB 12 RRT at Broadway/Sansome OR Clay/Front,SERVICE_NOTICE,2026-09-30T21:48:21.701485+00:00,2026-09-30T22:11:30.077261+00:00,0.386,False,2026-09-30T23:21:29.149413+00:00,1,2,MATCHED
2026-09-30T23:42:15.363513+00:00,1179317766|NETWORK_WIDE|ALL|1,1179317766,,,Inbound Powell-Hyde Cable Car Line Delayed at Washington/Taylor,SF Muni reports inbound Powell-Hyde Cable Car Line delayed at Washington/Taylor,DELAY,2026-09-30T23:21:29.149413+00:00,2026-09-30T23:21:29.149413+00:00,0.0,False,2026-09-30T23:42:15.363513+00:00,1,1,NETWORK_WIDE
2026-10-01T00:19:17.246280+00:00,SF_16038|1|ALL|1,SF_16038,1,,IB 1 rerouting around Clay & Taylor due to construction. No stops missed,IB 1 rerouting around Clay & Taylor due to construction. No stops missed,SERVICE_NOTICE,2026-09-30T23:21:29.149413+00:00,2026-10-01T00:00:10.540752+00:00,0.645,False,2026-10-01T00:19:17.246280+00:00,1,3,MATCHED
2026-10-01T07:15:13.746364+00:00,SF_16039|1|ALL|1,SF_16039,1,,IB 1 RRT Clay/Taylor due to construction. No stops missed,IB 1 RRT Clay/Taylor due to construction. No stops missed,SERVICE_NOTICE,2026-10-01T00:19:17.246280+00:00,2026-10-01T06:57:07.902932+00:00,6.631,False,2026-10-01T07:15:13.746364+00:00,1,23,MATCHED
2026-10-03T07:00:09.132045+00:00,SF_16040|J|ALL|1,SF_16040,J,,Van Ness	Platform Elevator	Out of Service,Van Ness	Platform Elevator	Out of Service,SERVICE_NOTICE,2026-10-01T01:48:06.933228+00:00,2026-10-03T06:41:59.276704+00:00,52.898,False,2026-10-03T07:00:09.132045+00:00,1,176,MATCHED
2026-10-03T07:00:09.132045+00:00,SF_16040|K|ALL|1,SF_16040,K,,Van Ness	Platform Elevator	Out of Service,Van Ness	Platform Elevator	Out of Service,SERVICE_NOTICE,2026-10-01T01:48:06.933228+00:00,2026-10-03T06:41:59.276704+00:00,52.898,False,2026-10-03T07:00:09.132045+00:00,1,176,MATCHED
2026-10-03T07:00:09.132045+00:00,SF_16040|L|ALL|1,SF_16040,L,,Van Ness	Platform Elevator	Out of Service,Van Ness	Platform Elevator	Out of Service,SERVICE_NOTICE,2026-10-01T01:48:06.933228+00:00,2026-10-03T06:41:59.276704+00:00,52.898,False,2026-10-03T07:00:09.132045+00:00,1,176,MATCHED
2026-10-03T07:00:09.132045+00:00,SF_16040|M|ALL|1,SF_16040,M,,Van Ness	Platform Elevator	Out of Service,Van Ness	Platform Elevator	Out of Service,SERVICE_NOTICE,2026-10-01T01:48:06.933228+00:00,2026-10-03T06:41:59.276704+00:00,52.898,False,2026-10-03T07:00:09.132045+00:00,1,176,MATCHED
2026-10-03T07:00:09.132045+00:00,SF_16040|N|ALL|1,SF_16040,N,,Van Ness	Platform Elevator	Out of Service,Van Ness	Platform Elevator	Out of Service,SERVICE_NOTICE,2026-10-01T01:48:06.933228+00:00,2026-10-03T06:41:59.276704+00:00,52.898,False,2026-10-03T07:00:09.132045+00:00,1,176,MATCHED
2026-10-01T17:45:01.814875+00:00,SF_16015|44|ALL|1,SF_16015,44,,44 RRT STOP CLOSED Board at Geary OR California,44 RRT STOP CLOSED Board at Geary OR California,STOP_CLOSED,2026-10-01T04:12:34.397358+00:00,2026-10-01T17:27:06.534669+00:00,13.242,False,2026-10-01T17:45:01.814875+00:00,1,45,MATCHED
2026-10-02T07:09:23.525252+00:00,SF_15853|1X|ALL|11,SF_15853,1X,,1 & 1X STOP TEMP. CLOSED Board at 32nd & Clement,1 & 1X STOP TEMP. CLOSED Board at 32nd & Clement,STOP_MOVED,2026-10-01T12:03:14.188744+00:00,2026-10-02T06:50:56.512092+00:00,18.795,False,2026-10-02T07:09:23.525252+00:00,11,63,MATCHED
2026-10-02T07:09:23.525252+00:00,SF_15853|1|ALL|11,SF_15853,1,,1 & 1X STOP TEMP. CLOSED Board at 32nd & Clement,1 & 1X STOP TEMP. CLOSED Board at 32nd & Clement,STOP_MOVED,2026-10-01T12:03:14.188744+00:00,2026-10-02T06:50:56.512092+00:00,18.795,False,2026-10-02T07:09:23.525252+00:00,11,63,MATCHED
2026-10-02T07:09:23.525252+00:00,SF_15854|18|ALL|11,SF_15854,18,,18 STOP TEMP. CLOSED Board at Clement & Legion of Honor,18 STOP TEMP. CLOSED Board at Clement & Legion of Honor,STOP_MOVED,2026-10-01T12:03:14.188744+00:00,2026-10-02T06:50:56.512092+00:00,18.795,False,2026-10-02T07:09:23.525252+00:00,11,63,MATCHED
2026-10-02T07:09:23.525252+00:00,SF_15857|29|ALL|11,SF_15857,29,,29 STOP TEMP. MOVED Board on other side of California,29 STOP TEMP. MOVED Board on other side of California,STOP_MOVED,2026-10-01T12:03:14.188744+00:00,2026-10-02T06:50:56.512092+00:00,18.795,False,2026-10-02T07:09:23.525252+00:00,11,63,MATCHED
2026-10-02T03:15:06.639887+00:00,SF_13205|2|ALL|14,SF_13205,2,,2 STOP TEMP. MOVED Board at Hyde OR Polk,2 STOP TEMP. MOVED Board at Hyde OR Polk,STOP_MOVED,2026-10-01T13:15:10.450029+00:00,2026-10-02T02:57:13.159225+00:00,13.701,False,2026-10-02T03:15:06.639887+00:00,14,46,MATCHED
2026-10-02T05:03:25.004964+00:00,SF_16001|12|ALL|4,SF_16001,12,,12 STOP TEMP. MOVED Board at Folsom/Mabini,12 STOP TEMP. MOVED Board at Folsom/Mabini,STOP_MOVED,2026-10-01T13:15:10.450029+00:00,2026-10-02T04:45:08.920468+00:00,15.5,False,2026-10-02T05:03:25.004964+00:00,4,52,MATCHED
2026-10-02T05:03:25.004964+00:00,SF_16002|12|ALL|4,SF_16002,12,,12 STOP TEMP. MOVED Board at Folsom/2nd island stop,12 STOP TEMP. MOVED Board at Folsom/2nd island stop,STOP_MOVED,2026-10-01T13:15:10.450029+00:00,2026-10-02T04:45:08.920468+00:00,15.5,False,2026-10-02T05:03:25.004964+00:00,4,52,MATCHED
2026-10-01T18:03:24.457730+00:00,1179691659|NETWORK_WIDE|ALL|1,1179691659,,,California Cable Car Line Blocked,"SF Muni reports California Cable Car Line blocked, due to fire department activity. Bus Shuttles provided.",SERVICE_NOTICE,2026-10-01T14:09:42.875672+00:00,2026-10-01T17:45:01.814875+00:00,3.589,False,2026-10-01T18:03:24.457730+00:00,1,13,NETWORK_WIDE
2026-10-01T23:04:11.257607+00:00,SF_15659|31|ALL|10,SF_15659,31,,31 STOP TEMP. MOVED Board on the other side of Jones,31 STOP TEMP. MOVED Board on the other side of Jones,STOP_MOVED,2026-10-01T14:09:42.875672+00:00,2026-10-01T22:45:28.146520+00:00,8.596,False,2026-10-01T23:04:11.257607+00:00,10,29,MATCHED
2026-10-02T06:15:10.379772+00:00,SF_15679|PM|ALL|14,SF_15679,PM,,Cable Car STOP TEMP. MOVED Board: other side of Broadway,Cable Car STOP TEMP. MOVED Board: other side of Broadway,STOP_MOVED,2026-10-01T14:09:42.875672+00:00,2026-10-02T05:57:13.438786+00:00,15.792,False,2026-10-02T06:15:10.379772+00:00,14,53,MATCHED
2026-10-02T00:14:57.020703+00:00,SF_15816|43|ALL|9,SF_15816,43,,"6, 43 STOP TEMP. MOVED Board at Parnassus/5th","6, 43 STOP TEMP. MOVED Board at Parnassus/5th",STOP_MOVED,2026-10-01T14:09:42.875672+00:00,2026-10-01T23:56:54.398719+00:00,9.787,False,2026-10-02T00:14:57.020703+00:00,9,33,MATCHED
2026-10-02T00:14:57.020703+00:00,SF_15816|6|ALL|9,SF_15816,6,,"6, 43 STOP TEMP. MOVED Board at Parnassus/5th","6, 43 STOP TEMP. MOVED Board at Parnassus/5th",STOP_MOVED,2026-10-01T14:09:42.875672+00:00,2026-10-01T23:56:54.398719+00:00,9.787,False,2026-10-02T00:14:57.020703+00:00,9,33,MATCHED
2026-10-01T23:38:24.275411+00:00,SF_15667|12|ALL|14,SF_15667,12,,12 STOP TEMP. MOVED Board at Sansome/Commercial,12 STOP TEMP. MOVED Board at Sansome/Commercial,STOP_MOVED,2026-10-01T14:45:48.568481+00:00,2026-10-01T23:21:28.618190+00:00,8.594,False,2026-10-01T23:38:24.275411+00:00,14,29,MATCHED
2026-10-02T00:14:57.020703+00:00,SF_15661|43|ALL|10,SF_15661,43,,43 STOP TEMP. MOVED Board at Gennessee/Judson,43 STOP TEMP. MOVED Board at Gennessee/Judson,STOP_MOVED,2026-10-01T15:03:19.584294+00:00,2026-10-01T23:56:54.398719+00:00,8.893,False,2026-10-02T00:14:57.020703+00:00,10,30,MATCHED
2026-10-01T18:03:24.457730+00:00,SF_15740|35|ALL|10,SF_15740,35,,35 RRT STOP CLOSED Board: Along Douglass OR Eureka/21st,35 RRT STOP CLOSED Board: Along Douglass OR Eureka/21st,STOP_CLOSED,2026-10-01T15:03:19.584294+00:00,2026-10-01T17:45:01.814875+00:00,2.695,False,2026-10-01T18:03:24.457730+00:00,10,10,MATCHED
2026-10-01T23:04:11.257607+00:00,SF_15752|38R|ALL|10,SF_15752,38R,,"38, 38R STOP TEMP. MOVED Board at O'Farrell/Mason","38, 38R STOP TEMP. MOVED Board at O'Farrell/Mason",STOP_MOVED,2026-10-01T15:03:19.584294+00:00,2026-10-01T22:45:28.146520+00:00,7.702,False,2026-10-01T23:04:11.257607+00:00,10,26,MATCHED
2026-10-01T23:04:11.257607+00:00,SF_15752|38|ALL|10,SF_15752,38,,"38, 38R STOP TEMP. MOVED Board at O'Farrell/Mason","38, 38R STOP TEMP. MOVED Board at O'Farrell/Mason",STOP_MOVED,2026-10-01T15:03:19.584294+00:00,2026-10-01T22:45:28.146520+00:00,7.702,False,2026-10-01T23:04:11.257607+00:00,10,26,MATCHED
2026-10-01T23:04:11.257607+00:00,SF_15843|54|ALL|10,SF_15843,54,,54 STOP TEMP. MOVED Board at Revere btwn Ingalls & Jennings,54 STOP TEMP. MOVED Board at Revere btwn Ingalls & Jennings,STOP_MOVED,2026-10-01T15:03:19.584294+00:00,2026-10-01T22:45:28.146520+00:00,7.702,False,2026-10-01T23:04:11.257607+00:00,10,26,MATCHED
2026-10-01T23:04:11.257607+00:00,SF_15844|54|ALL|10,SF_15844,54,,54 STOP TEMP. MOVED Board midblock 3rd btwn Revere & Quesada,54 STOP TEMP. MOVED Board midblock 3rd btwn Revere & Quesada,STOP_MOVED,2026-10-01T15:03:19.584294+00:00,2026-10-01T22:45:28.146520+00:00,7.702,False,2026-10-01T23:04:11.257607+00:00,10,26,MATCHED
2026-10-02T00:14:57.020703+00:00,SF_15882|29|ALL|11,SF_15882,29,,29 STOP TEMP. MOVED Board at San Bruno & Paul,29 STOP TEMP. MOVED Board at San Bruno & Paul,STOP_MOVED,2026-10-01T15:03:19.584294+00:00,2026-10-01T23:56:54.398719+00:00,8.893,False,2026-10-02T00:14:57.020703+00:00,11,30,MATCHED
2026-10-02T00:14:57.020703+00:00,SF_15919|19|ALL|4,SF_15919,19,,"19, 27 STOP TEMP. CLOSED Board at Hyde/Grove OR 8th/Howard","19, 27 STOP TEMP. CLOSED Board at Hyde/Grove OR 8th/Howard",STOP_MOVED,2026-10-01T15:03:19.584294+00:00,2026-10-01T23:56:54.398719+00:00,8.893,False,2026-10-02T00:14:57.020703+00:00,4,30,MATCHED
2026-10-02T00:14:57.020703+00:00,SF_15919|27|ALL|4,SF_15919,27,,"19, 27 STOP TEMP. CLOSED Board at Hyde/Grove OR 8th/Howard","19, 27 STOP TEMP. CLOSED Board at Hyde/Grove OR 8th/Howard",STOP_MOVED,2026-10-01T15:03:19.584294+00:00,2026-10-01T23:56:54.398719+00:00,8.893,False,2026-10-02T00:14:57.020703+00:00,4,30,MATCHED
2026-10-02T00:14:57.020703+00:00,SF_15993|8BX|ALL|4,SF_15993,8BX,,"8, 8BX, 9R STOP TEMP. CLOSED Board 100 ft before intersection","8, 8BX, 9R STOP TEMP. CLOSED Board 100 ft before intersection",STOP_MOVED,2026-10-01T15:03:19.584294+00:00,2026-10-01T23:56:54.398719+00:00,8.893,False,2026-10-02T00:14:57.020703+00:00,4,30,MATCHED
2026-10-02T00:14:57.020703+00:00,SF_15993|8|ALL|4,SF_15993,8,,"8, 8BX, 9R STOP TEMP. CLOSED Board 100 ft before intersection","8, 8BX, 9R STOP TEMP. CLOSED Board 100 ft before intersection",STOP_MOVED,2026-10-01T15:03:19.584294+00:00,2026-10-01T23:56:54.398719+00:00,8.893,False,2026-10-02T00:14:57.020703+00:00,4,30,MATCHED
2026-10-02T00:14:57.020703+00:00,SF_15993|9R|ALL|4,SF_15993,9R,,"8, 8BX, 9R STOP TEMP. CLOSED Board 100 ft before intersection","8, 8BX, 9R STOP TEMP. CLOSED Board 100 ft before intersection",STOP_MOVED,2026-10-01T15:03:19.584294+00:00,2026-10-01T23:56:54.398719+00:00,8.893,False,2026-10-02T00:14:57.020703+00:00,4,30,MATCHED
2026-10-01T18:03:24.457730+00:00,SF_16042|CA|ALL|1,SF_16042,CA,,Cal Line svc provided by bus shuttle due to SFFD at Front.,Cal Line svc provided by bus shuttle due to SFFD at Front.,SERVICE_NOTICE,2026-10-01T15:18:38.269053+00:00,2026-10-01T17:45:01.814875+00:00,2.44,False,2026-10-01T18:03:24.457730+00:00,1,9,MATCHED
2026-10-01T18:03:24.457730+00:00,SF_16043|CA|ALL|1,SF_16043,CA,,Cal Line STOP CLOSED Board at Montgomery,Cal Line STOP CLOSED Board at Montgomery,STOP_CLOSED,2026-10-01T15:18:38.269053+00:00,2026-10-01T17:45:01.814875+00:00,2.44,False,2026-10-01T18:03:24.457730+00:00,1,9,MATCHED
2026-10-01T18:03:24.457730+00:00,SF_16044|CA|ALL|1,SF_16044,CA,,Cal Line bus shuttle last stop at Sansome,Cal Line bus shuttle last stop at Sansome,SERVICE_NOTICE,2026-10-01T15:39:15.801471+00:00,2026-10-01T17:45:01.814875+00:00,2.096,False,2026-10-01T18:03:24.457730+00:00,1,8,MATCHED
2026-10-01T22:08:57.567884+00:00,SF_15947|9R|ALL|1,SF_15947,9R,,"9, 9R STOP TEMP. CLOSED Board at Sunnydale/Desmond","9, 9R STOP TEMP. CLOSED Board at Sunnydale/Desmond",STOP_MOVED,2026-10-01T16:15:27.764342+00:00,2026-10-01T21:51:50.146482+00:00,5.606,False,2026-10-01T22:08:57.567884+00:00,1,19,MATCHED
2026-10-01T22:08:57.567884+00:00,SF_15947|9|ALL|1,SF_15947,9,,"9, 9R STOP TEMP. CLOSED Board at Sunnydale/Desmond","9, 9R STOP TEMP. CLOSED Board at Sunnydale/Desmond",STOP_MOVED,2026-10-01T16:15:27.764342+00:00,2026-10-01T21:51:50.146482+00:00,5.606,False,2026-10-01T22:08:57.567884+00:00,1,19,MATCHED
2026-10-01T22:08:57.567884+00:00,SF_15951|14|ALL|1,SF_15951,14,,14 STOP TEMP. CLOSED Board at Mission btwn 7th & 8th,14 STOP TEMP. CLOSED Board at Mission btwn 7th & 8th,STOP_MOVED,2026-10-01T16:15:27.764342+00:00,2026-10-01T21:51:50.146482+00:00,5.606,False,2026-10-01T22:08:57.567884+00:00,1,19,MATCHED
2026-10-01T22:08:57.567884+00:00,SF_16045|9R|ALL|1,SF_16045,9R,,9R STOP TEMP. MOVED Board at Talbert OR Arleta,9R STOP TEMP. MOVED Board at Talbert OR Arleta,STOP_MOVED,2026-10-01T17:27:06.534669+00:00,2026-10-01T21:51:50.146482+00:00,4.412,False,2026-10-01T22:08:57.567884+00:00,1,15,MATCHED
2026-10-01T22:08:57.567884+00:00,SF_16046|9R|ALL|1,SF_16046,9R,,9R STOP TEMP. MOVED Board at Visitacion/Bayshore,9R STOP TEMP. MOVED Board at Visitacion/Bayshore,STOP_MOVED,2026-10-01T17:27:06.534669+00:00,2026-10-01T21:51:50.146482+00:00,4.412,False,2026-10-01T22:08:57.567884+00:00,1,15,MATCHED
2026-10-01T22:08:57.567884+00:00,SF_16047|9R|ALL|1,SF_16047,9R,,9R STOP TEMP. MOVED Board at Sunnydale/Peabody,9R STOP TEMP. MOVED Board at Sunnydale/Peabody,STOP_MOVED,2026-10-01T17:27:06.534669+00:00,2026-10-01T21:51:50.146482+00:00,4.412,False,2026-10-01T22:08:57.567884+00:00,1,15,MATCHED
2026-10-02T04:09:07.926548+00:00,SF_16049|44|ALL|1,SF_16049,44,,44 STOP TEMP. MOVED Board 220-ft. south of existing stop,44 STOP TEMP. MOVED Board 220-ft. south of existing stop,STOP_MOVED,2026-10-01T17:27:06.534669+00:00,2026-10-02T03:50:57.170549+00:00,10.397,False,2026-10-02T04:09:07.926548+00:00,1,35,MATCHED
2026-10-02T00:14:57.020703+00:00,SF_16053|35|ALL|1,SF_16053,35,,35 STOP TEMP. MOVED Board at Douglass,35 STOP TEMP. MOVED Board at Douglass,STOP_MOVED,2026-10-01T17:45:01.814875+00:00,2026-10-01T23:56:54.398719+00:00,6.198,False,2026-10-02T00:14:57.020703+00:00,1,21,MATCHED
2026-10-02T00:14:57.020703+00:00,SF_16054|35|ALL|1,SF_16054,35,,35 STOP TEMP. MOVED Board on Douglass/23rd,35 STOP TEMP. MOVED Board on Douglass/23rd,STOP_MOVED,2026-10-01T18:03:24.457730+00:00,2026-10-01T23:56:54.398719+00:00,5.892,False,2026-10-02T00:14:57.020703+00:00,1,20,MATCHED
2026-10-02T00:14:57.020703+00:00,SF_16055|35|ALL|1,SF_16055,35,,35 RRT STOP CLOSED Board on Douglass/22nd,35 RRT STOP CLOSED Board on Douglass/22nd,STOP_CLOSED,2026-10-01T18:03:24.457730+00:00,2026-10-01T23:56:54.398719+00:00,5.892,False,2026-10-02T00:14:57.020703+00:00,1,20,MATCHED
2026-10-02T00:14:57.020703+00:00,SF_16056|35|ALL|1,SF_16056,35,,35 RRT STOP CLOSED Board on Douglass/21st,35 RRT STOP CLOSED Board on Douglass/21st,STOP_CLOSED,2026-10-01T18:03:24.457730+00:00,2026-10-01T23:56:54.398719+00:00,5.892,False,2026-10-02T00:14:57.020703+00:00,1,20,MATCHED
2026-10-01T19:48:19.158582+00:00,SF_16058|T|ALL|1,SF_16058,T,,T Line recovering from earlier delay at the 4th St. bridge.,T Line recovering from earlier delay at the 4th St. bridge.,DELAY,2026-10-01T19:15:25.640053+00:00,2026-10-01T19:15:25.640053+00:00,0.0,False,2026-10-01T19:48:19.158582+00:00,1,1,MATCHED
2026-10-01T21:15:30.225182+00:00,SF_16061|29|ALL|1,SF_16061,29,,"IB 29, 56 rerouting around Mansell/University due to FD activity.","IB 29, 56 rerouting around Mansell/University due to FD activity.",SERVICE_NOTICE,2026-10-01T20:57:31.344981+00:00,2026-10-01T20:57:31.344981+00:00,0.0,False,2026-10-01T21:15:30.225182+00:00,1,1,MATCHED
2026-10-01T21:15:30.225182+00:00,SF_16061|56|ALL|1,SF_16061,56,,"IB 29, 56 rerouting around Mansell/University due to FD activity.","IB 29, 56 rerouting around Mansell/University due to FD activity.",SERVICE_NOTICE,2026-10-01T20:57:31.344981+00:00,2026-10-01T20:57:31.344981+00:00,0.0,False,2026-10-01T21:15:30.225182+00:00,1,1,MATCHED
2026-10-01T21:33:34.374155+00:00,SF_16064|56|ALL|1,SF_16064,56,,We currently have one bus in svc on the 56 due to a blockage. Expect extended wait times.,We currently have one bus in svc on the 56 due to a blockage. Expect extended wait times.,SERVICE_NOTICE,2026-10-01T20:57:31.344981+00:00,2026-10-01T21:15:30.225182+00:00,0.3,False,2026-10-01T21:33:34.374155+00:00,1,2,MATCHED
2026-10-01T21:33:34.374155+00:00,SF_16065|56|ALL|1,SF_16065,56,,OB 56 bypassing Mansell due to #SFFD activity.,OB 56 bypassing Mansell due to #SFFD activity.,SERVICE_NOTICE,2026-10-01T20:57:31.344981+00:00,2026-10-01T21:15:30.225182+00:00,0.3,False,2026-10-01T21:33:34.374155+00:00,1,2,MATCHED
2026-10-01T21:33:34.374155+00:00,SF_16066|56|ALL|1,SF_16066,56,,OB 56 rerouting around Mansell/University due to FD activity.,OB 56 rerouting around Mansell/University due to FD activity.,SERVICE_NOTICE,2026-10-01T21:15:30.225182+00:00,2026-10-01T21:15:30.225182+00:00,0.0,False,2026-10-01T21:33:34.374155+00:00,1,1,MATCHED
2026-10-02T00:14:57.020703+00:00,1179980295|NETWORK_WIDE|ALL|1,1179980295,,,Northbound Subway Service Delayed at Chinatown.,SF Muni reports northbound subway service delayed at Chinatown.,DELAY,2026-10-01T23:56:54.398719+00:00,2026-10-01T23:56:54.398719+00:00,0.0,False,2026-10-02T00:14:57.020703+00:00,1,1,NETWORK_WIDE
2026-10-02T00:14:57.020703+00:00,SF_16069|T|ALL|1,SF_16069,T,,NB #CentralSubway delayed at Chinatown.,NB #CentralSubway delayed at Chinatown.,DELAY,2026-10-01T23:56:54.398719+00:00,2026-10-01T23:56:54.398719+00:00,0.0,False,2026-10-02T00:14:57.020703+00:00,1,1,MATCHED
2026-10-02T00:32:34.747104+00:00,SF_16071|J|ALL|1,SF_16071,J,,IB/OB trains are moving very slow and intermittently in #MuniMetro as staff try to find the dog.,IB/OB trains are moving very slow and intermittently in #MuniMetro as staff try to find the dog.,SERVICE_NOTICE,2026-10-02T00:14:57.020703+00:00,2026-10-02T00:14:57.020703+00:00,0.0,False,2026-10-02T00:32:34.747104+00:00,1,1,MATCHED
2026-10-02T00:32:34.747104+00:00,SF_16071|K|ALL|1,SF_16071,K,,IB/OB trains are moving very slow and intermittently in #MuniMetro as staff try to find the dog.,IB/OB trains are moving very slow and intermittently in #MuniMetro as staff try to find the dog.,SERVICE_NOTICE,2026-10-02T00:14:57.020703+00:00,2026-10-02T00:14:57.020703+00:00,0.0,False,2026-10-02T00:32:34.747104+00:00,1,1,MATCHED
2026-10-02T00:32:34.747104+00:00,SF_16071|L|ALL|1,SF_16071,L,,IB/OB trains are moving very slow and intermittently in #MuniMetro as staff try to find the dog.,IB/OB trains are moving very slow and intermittently in #MuniMetro as staff try to find the dog.,SERVICE_NOTICE,2026-10-02T00:14:57.020703+00:00,2026-10-02T00:14:57.020703+00:00,0.0,False,2026-10-02T00:32:34.747104+00:00,1,1,MATCHED
2026-10-02T00:32:34.747104+00:00,SF_16071|M|ALL|1,SF_16071,M,,IB/OB trains are moving very slow and intermittently in #MuniMetro as staff try to find the dog.,IB/OB trains are moving very slow and intermittently in #MuniMetro as staff try to find the dog.,SERVICE_NOTICE,2026-10-02T00:14:57.020703+00:00,2026-10-02T00:14:57.020703+00:00,0.0,False,2026-10-02T00:32:34.747104+00:00,1,1,MATCHED
2026-10-02T00:32:34.747104+00:00,SF_16071|N|ALL|1,SF_16071,N,,IB/OB trains are moving very slow and intermittently in #MuniMetro as staff try to find the dog.,IB/OB trains are moving very slow and intermittently in #MuniMetro as staff try to find the dog.,SERVICE_NOTICE,2026-10-02T00:14:57.020703+00:00,2026-10-02T00:14:57.020703+00:00,0.0,False,2026-10-02T00:32:34.747104+00:00,1,1,MATCHED
2026-10-02T00:50:51.021091+00:00,SF_16072|T|ALL|1,SF_16072,T,,#CentralSubway trains currently holding position due to a switch issue.,#CentralSubway trains currently holding position due to a switch issue.,SERVICE_NOTICE,2026-10-02T00:32:34.747104+00:00,2026-10-02T00:32:34.747104+00:00,0.0,False,2026-10-02T00:50:51.021091+00:00,1,1,MATCHED
2026-10-02T00:50:51.021091+00:00,SF_16073|T|ALL|1,SF_16073,T,,T switching back NB to SB at 4th /Bluxome due to a switch issue,T switching back NB to SB at 4th /Bluxome due to a switch issue,SERVICE_NOTICE,2026-10-02T00:32:34.747104+00:00,2026-10-02T00:32:34.747104+00:00,0.0,False,2026-10-02T00:50:51.021091+00:00,1,1,MATCHED
2026-10-02T01:09:25.093808+00:00,SF_16074|T|ALL|1,SF_16074,T,,T switching back NB to SB at 4th /Bluxome due to a switch issue. Last stop Brannan.,T switching back NB to SB at 4th /Bluxome due to a switch issue. Last stop Brannan.,SERVICE_NOTICE,2026-10-02T00:50:51.021091+00:00,2026-10-02T00:50:51.021091+00:00,0.0,False,2026-10-02T01:09:25.093808+00:00,1,1,MATCHED
2026-10-02T07:09:23.525252+00:00,SF_16075|T|ALL|1,SF_16075,T,,"Pls consider the 8, 30 or 45. The 15 will make local stops to support T svc","Pls consider the 8, 30 or 45. The 15 will make local stops to support T svc",SERVICE_NOTICE,2026-10-02T00:50:51.021091+00:00,2026-10-02T06:50:56.512092+00:00,6.002,False,2026-10-02T07:09:23.525252+00:00,1,21,MATCHED
2026-10-02T15:18:02.244890+00:00,SF_15949|1X|ALL|1,SF_15949,1X,,"1, 1X STOP TEMP. CLOSED Board at California/28th OR 32nd/California","1, 1X STOP TEMP. CLOSED Board at California/28th OR 32nd/California",STOP_MOVED,2026-10-02T01:09:25.093808+00:00,2026-10-02T15:00:11.291168+00:00,13.846,False,2026-10-02T15:18:02.244890+00:00,1,47,MATCHED
2026-10-02T15:18:02.244890+00:00,SF_15949|1|ALL|1,SF_15949,1,,"1, 1X STOP TEMP. CLOSED Board at California/28th OR 32nd/California","1, 1X STOP TEMP. CLOSED Board at California/28th OR 32nd/California",STOP_MOVED,2026-10-02T01:09:25.093808+00:00,2026-10-02T15:00:11.291168+00:00,13.846,False,2026-10-02T15:18:02.244890+00:00,1,47,MATCHED
2026-10-02T07:09:23.525252+00:00,SF_16077|1|ALL|1,SF_16077,1,,IB 1 routing via Pacific between Jones & Powell.,IB 1 routing via Pacific between Jones & Powell.,SERVICE_NOTICE,2026-10-02T02:03:19.662860+00:00,2026-10-02T06:50:56.512092+00:00,4.794,False,2026-10-02T07:09:23.525252+00:00,1,17,MATCHED
2026-10-02T03:50:57.170549+00:00,SF_16078|54|ALL|1,SF_16078,54,,IB/OB 54 blocked at Moscow and Russia by a non-Muni collision.,IB/OB 54 blocked at Moscow and Russia by a non-Muni collision.,SERVICE_NOTICE,2026-10-02T02:21:25.188417+00:00,2026-10-02T03:33:07.544298+00:00,1.195,False,2026-10-02T03:50:57.170549+00:00,1,5,MATCHED
2026-10-02T03:50:57.170549+00:00,SF_16079|NETWORK_WIDE|ALL|1,SF_16079,,,IB/OB 54 will routing via Athens between Russia & Italy.,IB/OB 54 will routing via Athens between Russia & Italy.,SERVICE_NOTICE,2026-10-02T02:39:17.294895+00:00,2026-10-02T03:33:07.544298+00:00,0.897,False,2026-10-02T03:50:57.170549+00:00,1,4,NETWORK_WIDE
2026-10-02T05:03:25.004964+00:00,SF_16081|54|ALL|1,SF_16081,54,,IB/OB 54 blocked at Moscow and Russia by a non-Muni collision.,IB/OB 54 blocked at Moscow and Russia by a non-Muni collision.,SERVICE_NOTICE,2026-10-02T03:50:57.170549+00:00,2026-10-02T04:45:08.920468+00:00,0.903,False,2026-10-02T05:03:25.004964+00:00,1,4,MATCHED
2026-10-02T05:03:25.004964+00:00,SF_16082|NETWORK_WIDE|ALL|1,SF_16082,,,IB/OB 54 routing via Athens between Russia & Italy.,IB/OB 54 routing via Athens between Russia & Italy.,SERVICE_NOTICE,2026-10-02T03:50:57.170549+00:00,2026-10-02T04:45:08.920468+00:00,0.903,False,2026-10-02T05:03:25.004964+00:00,1,4,NETWORK_WIDE
2026-10-03T07:00:09.132045+00:00,SF_15991|24|ALL|1,SF_15991,24,,24 STOP TEMP. CLOSED Board on other side of Steiner,24 STOP TEMP. CLOSED Board on other side of Steiner,STOP_MOVED,2026-10-02T07:09:23.525252+00:00,2026-10-03T06:41:59.276704+00:00,23.543,False,2026-10-03T07:00:09.132045+00:00,1,79,MATCHED
2026-10-03T07:00:09.132045+00:00,SF_15853|1X|ALL|12,SF_15853,1X,,1 & 1X STOP TEMP. CLOSED Board at 32nd & Clement,1 & 1X STOP TEMP. CLOSED Board at 32nd & Clement,STOP_MOVED,2026-10-02T12:18:01.443342+00:00,2026-10-03T06:41:59.276704+00:00,18.399,False,2026-10-03T07:00:09.132045+00:00,12,62,MATCHED
2026-10-03T07:00:09.132045+00:00,SF_15853|1|ALL|12,SF_15853,1,,1 & 1X STOP TEMP. CLOSED Board at 32nd & Clement,1 & 1X STOP TEMP. CLOSED Board at 32nd & Clement,STOP_MOVED,2026-10-02T12:18:01.443342+00:00,2026-10-03T06:41:59.276704+00:00,18.399,False,2026-10-03T07:00:09.132045+00:00,12,62,MATCHED
2026-10-03T07:00:09.132045+00:00,SF_15854|18|ALL|12,SF_15854,18,,18 STOP TEMP. CLOSED Board at Clement & Legion of Honor,18 STOP TEMP. CLOSED Board at Clement & Legion of Honor,STOP_MOVED,2026-10-02T12:18:01.443342+00:00,2026-10-03T06:41:59.276704+00:00,18.399,False,2026-10-03T07:00:09.132045+00:00,12,62,MATCHED
2026-10-03T07:00:09.132045+00:00,SF_15857|29|ALL|12,SF_15857,29,,29 STOP TEMP. MOVED Board on other side of California,29 STOP TEMP. MOVED Board on other side of California,STOP_MOVED,2026-10-02T12:18:01.443342+00:00,2026-10-03T06:41:59.276704+00:00,18.399,False,2026-10-03T07:00:09.132045+00:00,12,62,MATCHED
2026-10-03T03:06:25.163722+00:00,SF_13205|2|ALL|15,SF_13205,2,,2 STOP TEMP. MOVED Board at Hyde OR Polk,2 STOP TEMP. MOVED Board at Hyde OR Polk,STOP_MOVED,2026-10-02T13:12:11.939619+00:00,2026-10-03T02:48:20.183783+00:00,13.602,False,2026-10-03T03:06:25.163722+00:00,15,46,MATCHED
2026-10-03T05:12:41.525804+00:00,SF_16001|12|ALL|5,SF_16001,12,,12 STOP TEMP. MOVED Board at Folsom/Mabini,12 STOP TEMP. MOVED Board at Folsom/Mabini,STOP_MOVED,2026-10-02T13:12:11.939619+00:00,2026-10-03T04:53:52.432586+00:00,15.695,False,2026-10-03T05:12:41.525804+00:00,5,53,MATCHED
2026-10-03T05:12:41.525804+00:00,SF_16002|12|ALL|5,SF_16002,12,,12 STOP TEMP. MOVED Board at Folsom/2nd island stop,12 STOP TEMP. MOVED Board at Folsom/2nd island stop,STOP_MOVED,2026-10-02T13:12:11.939619+00:00,2026-10-03T04:53:52.432586+00:00,15.695,False,2026-10-03T05:12:41.525804+00:00,5,53,MATCHED
2026-10-02T23:12:20.444863+00:00,SF_15659|31|ALL|11,SF_15659,31,,31 STOP TEMP. MOVED Board on the other side of Jones,31 STOP TEMP. MOVED Board on the other side of Jones,STOP_MOVED,2026-10-02T14:06:20.419082+00:00,2026-10-02T22:54:00.052118+00:00,8.794,False,2026-10-02T23:12:20.444863+00:00,11,30,MATCHED
2026-10-03T06:05:47.881394+00:00,SF_15679|PM|ALL|15,SF_15679,PM,,Cable Car STOP TEMP. MOVED Board: other side of Broadway,Cable Car STOP TEMP. MOVED Board: other side of Broadway,STOP_MOVED,2026-10-02T14:06:20.419082+00:00,2026-10-03T05:48:11.803606+00:00,15.698,False,2026-10-03T06:05:47.881394+00:00,15,53,MATCHED
2026-10-03T00:06:22.882548+00:00,SF_15816|43|ALL|10,SF_15816,43,,"6, 43 STOP TEMP. MOVED Board at Parnassus/5th","6, 43 STOP TEMP. MOVED Board at Parnassus/5th",STOP_MOVED,2026-10-02T14:06:20.419082+00:00,2026-10-02T23:46:20.442009+00:00,9.667,False,2026-10-03T00:06:22.882548+00:00,10,33,MATCHED
2026-10-03T00:06:22.882548+00:00,SF_15816|6|ALL|10,SF_15816,6,,"6, 43 STOP TEMP. MOVED Board at Parnassus/5th","6, 43 STOP TEMP. MOVED Board at Parnassus/5th",STOP_MOVED,2026-10-02T14:06:20.419082+00:00,2026-10-02T23:46:20.442009+00:00,9.667,False,2026-10-03T00:06:22.882548+00:00,10,33,MATCHED
2026-10-02T22:18:08.012761+00:00,SF_16045|9R|ALL|2,SF_16045,9R,,9R STOP TEMP. MOVED Board at Talbert OR Arleta,9R STOP TEMP. MOVED Board at Talbert OR Arleta,STOP_MOVED,2026-10-02T14:06:20.419082+00:00,2026-10-02T22:00:01.344094+00:00,7.895,False,2026-10-02T22:18:08.012761+00:00,2,27,MATCHED
2026-10-02T22:18:08.012761+00:00,SF_16046|9R|ALL|2,SF_16046,9R,,9R STOP TEMP. MOVED Board at Visitacion/Bayshore,9R STOP TEMP. MOVED Board at Visitacion/Bayshore,STOP_MOVED,2026-10-02T14:06:20.419082+00:00,2026-10-02T22:00:01.344094+00:00,7.895,False,2026-10-02T22:18:08.012761+00:00,2,27,MATCHED
2026-10-02T22:18:08.012761+00:00,SF_16047|9R|ALL|2,SF_16047,9R,,9R STOP TEMP. MOVED Board at Sunnydale/Peabody,9R STOP TEMP. MOVED Board at Sunnydale/Peabody,STOP_MOVED,2026-10-02T14:06:20.419082+00:00,2026-10-02T22:00:01.344094+00:00,7.895,False,2026-10-02T22:18:08.012761+00:00,2,27,MATCHED
2026-10-02T23:30:14.246004+00:00,SF_15667|12|ALL|15,SF_15667,12,,12 STOP TEMP. MOVED Board at Sansome/Commercial,12 STOP TEMP. MOVED Board at Sansome/Commercial,STOP_MOVED,2026-10-02T14:42:29.444790+00:00,2026-10-02T23:12:20.444863+00:00,8.498,False,2026-10-02T23:30:14.246004+00:00,15,29,MATCHED
2026-10-02T18:06:12.818071+00:00,SF_16084|J|ALL|1,SF_16084,J,,Civic Center street elevator not in service,Civic Center street elevator not in service,SERVICE_NOTICE,2026-10-02T14:42:29.444790+00:00,2026-10-02T17:49:31.605938+00:00,3.117,False,2026-10-02T18:06:12.818071+00:00,1,11,MATCHED
2026-10-02T18:06:12.818071+00:00,SF_16084|K|ALL|1,SF_16084,K,,Civic Center street elevator not in service,Civic Center street elevator not in service,SERVICE_NOTICE,2026-10-02T14:42:29.444790+00:00,2026-10-02T17:49:31.605938+00:00,3.117,False,2026-10-02T18:06:12.818071+00:00,1,11,MATCHED
2026-10-02T18:06:12.818071+00:00,SF_16084|L|ALL|1,SF_16084,L,,Civic Center street elevator not in service,Civic Center street elevator not in service,SERVICE_NOTICE,2026-10-02T14:42:29.444790+00:00,2026-10-02T17:49:31.605938+00:00,3.117,False,2026-10-02T18:06:12.818071+00:00,1,11,MATCHED
2026-10-02T18:06:12.818071+00:00,SF_16084|M|ALL|1,SF_16084,M,,Civic Center street elevator not in service,Civic Center street elevator not in service,SERVICE_NOTICE,2026-10-02T14:42:29.444790+00:00,2026-10-02T17:49:31.605938+00:00,3.117,False,2026-10-02T18:06:12.818071+00:00,1,11,MATCHED
2026-10-02T18:06:12.818071+00:00,SF_16084|N|ALL|1,SF_16084,N,,Civic Center street elevator not in service,Civic Center street elevator not in service,SERVICE_NOTICE,2026-10-02T14:42:29.444790+00:00,2026-10-02T17:49:31.605938+00:00,3.117,False,2026-10-02T18:06:12.818071+00:00,1,11,MATCHED
2026-10-03T00:06:22.882548+00:00,SF_15661|43|ALL|11,SF_15661,43,,43 STOP TEMP. MOVED Board at Gennessee/Judson,43 STOP TEMP. MOVED Board at Gennessee/Judson,STOP_MOVED,2026-10-02T15:18:02.244890+00:00,2026-10-02T23:46:20.442009+00:00,8.472,False,2026-10-03T00:06:22.882548+00:00,11,29,MATCHED
2026-10-02T23:12:20.444863+00:00,SF_15752|38R|ALL|11,SF_15752,38R,,"38, 38R STOP TEMP. MOVED Board at O'Farrell/Mason","38, 38R STOP TEMP. MOVED Board at O'Farrell/Mason",STOP_MOVED,2026-10-02T15:18:02.244890+00:00,2026-10-02T22:54:00.052118+00:00,7.599,False,2026-10-02T23:12:20.444863+00:00,11,26,MATCHED
2026-10-02T23:12:20.444863+00:00,SF_15752|38|ALL|11,SF_15752,38,,"38, 38R STOP TEMP. MOVED Board at O'Farrell/Mason","38, 38R STOP TEMP. MOVED Board at O'Farrell/Mason",STOP_MOVED,2026-10-02T15:18:02.244890+00:00,2026-10-02T22:54:00.052118+00:00,7.599,False,2026-10-02T23:12:20.444863+00:00,11,26,MATCHED
2026-10-02T23:12:20.444863+00:00,SF_15843|54|ALL|11,SF_15843,54,,54 STOP TEMP. MOVED Board at Revere btwn Ingalls & Jennings,54 STOP TEMP. MOVED Board at Revere btwn Ingalls & Jennings,STOP_MOVED,2026-10-02T15:18:02.244890+00:00,2026-10-02T22:54:00.052118+00:00,7.599,False,2026-10-02T23:12:20.444863+00:00,11,26,MATCHED
2026-10-02T23:12:20.444863+00:00,SF_15844|54|ALL|11,SF_15844,54,,54 STOP TEMP. MOVED Board midblock 3rd btwn Revere & Quesada,54 STOP TEMP. MOVED Board midblock 3rd btwn Revere & Quesada,STOP_MOVED,2026-10-02T15:18:02.244890+00:00,2026-10-02T22:54:00.052118+00:00,7.599,False,2026-10-02T23:12:20.444863+00:00,11,26,MATCHED
2026-10-03T00:06:22.882548+00:00,SF_15882|29|ALL|12,SF_15882,29,,29 STOP TEMP. MOVED Board at San Bruno & Paul,29 STOP TEMP. MOVED Board at San Bruno & Paul,STOP_MOVED,2026-10-02T15:18:02.244890+00:00,2026-10-02T23:46:20.442009+00:00,8.472,False,2026-10-03T00:06:22.882548+00:00,12,29,MATCHED
2026-10-03T00:06:22.882548+00:00,SF_15919|19|ALL|5,SF_15919,19,,"19, 27 STOP TEMP. CLOSED Board at Hyde/Grove OR 8th/Howard","19, 27 STOP TEMP. CLOSED Board at Hyde/Grove OR 8th/Howard",STOP_MOVED,2026-10-02T15:18:02.244890+00:00,2026-10-02T23:46:20.442009+00:00,8.472,False,2026-10-03T00:06:22.882548+00:00,5,29,MATCHED
2026-10-03T00:06:22.882548+00:00,SF_15919|27|ALL|5,SF_15919,27,,"19, 27 STOP TEMP. CLOSED Board at Hyde/Grove OR 8th/Howard","19, 27 STOP TEMP. CLOSED Board at Hyde/Grove OR 8th/Howard",STOP_MOVED,2026-10-02T15:18:02.244890+00:00,2026-10-02T23:46:20.442009+00:00,8.472,False,2026-10-03T00:06:22.882548+00:00,5,29,MATCHED
2026-10-03T00:06:22.882548+00:00,SF_15993|8BX|ALL|5,SF_15993,8BX,,"8, 8BX, 9R STOP TEMP. CLOSED Board 100 ft before intersection","8, 8BX, 9R STOP TEMP. CLOSED Board 100 ft before intersection",STOP_MOVED,2026-10-02T15:18:02.244890+00:00,2026-10-02T23:46:20.442009+00:00,8.472,False,2026-10-03T00:06:22.882548+00:00,5,29,MATCHED
2026-10-03T00:06:22.882548+00:00,SF_15993|8|ALL|5,SF_15993,8,,"8, 8BX, 9R STOP TEMP. CLOSED Board 100 ft before intersection","8, 8BX, 9R STOP TEMP. CLOSED Board 100 ft before intersection",STOP_MOVED,2026-10-02T15:18:02.244890+00:00,2026-10-02T23:46:20.442009+00:00,8.472,False,2026-10-03T00:06:22.882548+00:00,5,29,MATCHED
2026-10-03T00:06:22.882548+00:00,SF_15993|9R|ALL|5,SF_15993,9R,,"8, 8BX, 9R STOP TEMP. CLOSED Board 100 ft before intersection","8, 8BX, 9R STOP TEMP. CLOSED Board 100 ft before intersection",STOP_MOVED,2026-10-02T15:18:02.244890+00:00,2026-10-02T23:46:20.442009+00:00,8.472,False,2026-10-03T00:06:22.882548+00:00,5,29,MATCHED
2026-10-03T00:06:22.882548+00:00,SF_16053|35|ALL|2,SF_16053,35,,35 STOP TEMP. MOVED Board at Douglass,35 STOP TEMP. MOVED Board at Douglass,STOP_MOVED,2026-10-02T15:18:02.244890+00:00,2026-10-02T23:46:20.442009+00:00,8.472,False,2026-10-03T00:06:22.882548+00:00,2,29,MATCHED
2026-10-03T00:06:22.882548+00:00,SF_16054|35|ALL|2,SF_16054,35,,35 STOP TEMP. MOVED Board on Douglass/23rd,35 STOP TEMP. MOVED Board on Douglass/23rd,STOP_MOVED,2026-10-02T15:18:02.244890+00:00,2026-10-02T23:46:20.442009+00:00,8.472,False,2026-10-03T00:06:22.882548+00:00,2,29,MATCHED
2026-10-03T00:06:22.882548+00:00,SF_16055|35|ALL|2,SF_16055,35,,35 RRT STOP CLOSED Board on Douglass/22nd,35 RRT STOP CLOSED Board on Douglass/22nd,STOP_CLOSED,2026-10-02T15:18:02.244890+00:00,2026-10-02T23:46:20.442009+00:00,8.472,False,2026-10-03T00:06:22.882548+00:00,2,29,MATCHED
2026-10-03T00:06:22.882548+00:00,SF_16056|35|ALL|2,SF_16056,35,,35 RRT STOP CLOSED Board on Douglass/21st,35 RRT STOP CLOSED Board on Douglass/21st,STOP_CLOSED,2026-10-02T15:18:02.244890+00:00,2026-10-02T23:46:20.442009+00:00,8.472,False,2026-10-03T00:06:22.882548+00:00,2,29,MATCHED
2026-10-02T22:18:08.012761+00:00,SF_15951|14|ALL|2,SF_15951,14,,14 STOP TEMP. CLOSED Board at Mission btwn 7th & 8th,14 STOP TEMP. CLOSED Board at Mission btwn 7th & 8th,STOP_MOVED,2026-10-02T16:12:44.202051+00:00,2026-10-02T22:00:01.344094+00:00,5.788,False,2026-10-02T22:18:08.012761+00:00,2,20,MATCHED
2026-10-02T22:18:08.012761+00:00,SF_15992|33|ALL|1,SF_15992,33,,33 STOP TEMP. CLOSED Board on other side of Castro,33 STOP TEMP. CLOSED Board on other side of Castro,STOP_MOVED,2026-10-02T16:12:44.202051+00:00,2026-10-02T22:00:01.344094+00:00,5.788,False,2026-10-02T22:18:08.012761+00:00,1,20,MATCHED
2026-10-02T22:00:01.344094+00:00,SF_16087|N|ALL|1,SF_16087,N,,OB #NJudah delayed at Embarcadero & Folsom due to a brake issue.,OB #NJudah delayed at Embarcadero & Folsom due to a brake issue.,DELAY,2026-10-02T21:42:18.921201+00:00,2026-10-02T21:42:18.921201+00:00,0.0,False,2026-10-02T22:00:01.344094+00:00,1,1,MATCHED
2026-10-03T05:12:41.525804+00:00,SF_14215|6|ALL|3,SF_14215,6,,"6 RRT STOP CLOSED Board at Van Ness, Webster or on Grove","6 RRT STOP CLOSED Board at Van Ness, Webster or on Grove",STOP_CLOSED,2026-10-02T23:12:20.444863+00:00,2026-10-03T04:53:52.432586+00:00,5.692,False,2026-10-03T05:12:41.525804+00:00,3,20,MATCHED
2026-10-03T01:00:22.743611+00:00,SF_16088|37|ALL|1,SF_16088,37,,OB 37 rerouting around Lower Terrace and Roosevelt due to a vehicle blockage.,OB 37 rerouting around Lower Terrace and Roosevelt due to a vehicle blockage.,SERVICE_NOTICE,2026-10-03T00:24:27.112385+00:00,2026-10-03T00:42:11.177677+00:00,0.296,False,2026-10-03T01:00:22.743611+00:00,1,2,MATCHED
2026-10-03T04:36:19.775966+00:00,SF_16089|J|ALL|1,SF_16089,J,,Civic Center Street Elevator	Out of Service,Civic Center Street Elevator	Out of Service,SERVICE_NOTICE,2026-10-03T00:42:11.177677+00:00,2026-10-03T04:17:56.280720+00:00,3.596,False,2026-10-03T04:36:19.775966+00:00,1,13,MATCHED
2026-10-03T04:36:19.775966+00:00,SF_16089|K|ALL|1,SF_16089,K,,Civic Center Street Elevator	Out of Service,Civic Center Street Elevator	Out of Service,SERVICE_NOTICE,2026-10-03T00:42:11.177677+00:00,2026-10-03T04:17:56.280720+00:00,3.596,False,2026-10-03T04:36:19.775966+00:00,1,13,MATCHED
2026-10-03T04:36:19.775966+00:00,SF_16089|L|ALL|1,SF_16089,L,,Civic Center Street Elevator	Out of Service,Civic Center Street Elevator	Out of Service,SERVICE_NOTICE,2026-10-03T00:42:11.177677+00:00,2026-10-03T04:17:56.280720+00:00,3.596,False,2026-10-03T04:36:19.775966+00:00,1,13,MATCHED
2026-10-03T04:36:19.775966+00:00,SF_16089|M|ALL|1,SF_16089,M,,Civic Center Street Elevator	Out of Service,Civic Center Street Elevator	Out of Service,SERVICE_NOTICE,2026-10-03T00:42:11.177677+00:00,2026-10-03T04:17:56.280720+00:00,3.596,False,2026-10-03T04:36:19.775966+00:00,1,13,MATCHED
2026-10-03T04:36:19.775966+00:00,SF_16089|N|ALL|1,SF_16089,N,,Civic Center Street Elevator	Out of Service,Civic Center Street Elevator	Out of Service,SERVICE_NOTICE,2026-10-03T00:42:11.177677+00:00,2026-10-03T04:17:56.280720+00:00,3.596,False,2026-10-03T04:36:19.775966+00:00,1,13,MATCHED
2026-10-03T07:00:09.132045+00:00,SF_15949|1X|ALL|2,SF_15949,1X,,"1, 1X STOP TEMP. CLOSED Board at California/28th OR 32nd/California","1, 1X STOP TEMP. CLOSED Board at California/28th OR 32nd/California",STOP_MOVED,2026-10-03T01:00:22.743611+00:00,2026-10-03T06:41:59.276704+00:00,5.693,False,2026-10-03T07:00:09.132045+00:00,2,20,MATCHED
2026-10-03T07:00:09.132045+00:00,SF_15949|1|ALL|2,SF_15949,1,,"1, 1X STOP TEMP. CLOSED Board at California/28th OR 32nd/California","1, 1X STOP TEMP. CLOSED Board at California/28th OR 32nd/California",STOP_MOVED,2026-10-03T01:00:22.743611+00:00,2026-10-03T06:41:59.276704+00:00,5.693,False,2026-10-03T07:00:09.132045+00:00,2,20,MATCHED
2026-10-03T01:54:24.164868+00:00,1180607216|NETWORK_WIDE|ALL|1,1180607216,,,Powell-Hyde Cable Car and Powell-Mason Cable Car Line Stopped at Hyde/Beach and Bay/Taylor.,"SF Muni reports Powell-Hyde Cable Car and Powell-Mason Cable Car Line stopped at Hyde/Beach and Bay/Taylor, due to traffic lights out.",SERVICE_NOTICE,2026-10-03T01:18:22.680870+00:00,2026-10-03T01:36:20.364299+00:00,0.299,False,2026-10-03T01:54:24.164868+00:00,1,2,NETWORK_WIDE
2026-10-03T02:30:23.482536+00:00,SF_16093|NETWORK_WIDE|ALL|1,SF_16093,,,F switching back @ Market/11th & Don Chee due to downed overhead wires at Market/6th.,F switching back @ Market/11th & Don Chee due to downed overhead wires at Market/6th.,SERVICE_NOTICE,2026-10-03T02:12:29.246794+00:00,2026-10-03T02:12:29.246794+00:00,0.0,False,2026-10-03T02:30:23.482536+00:00,1,1,NETWORK_WIDE
2026-10-03T03:42:16.910603+00:00,SF_16094|F|ALL|1,SF_16094,F,,Take MuniMetro to/from dwntwn. F line switching back.,Take MuniMetro to/from dwntwn. F line switching back.,SERVICE_NOTICE,2026-10-03T02:12:29.246794+00:00,2026-10-03T03:23:47.070236+00:00,1.188,False,2026-10-03T03:42:16.910603+00:00,1,5,MATCHED
2026-10-03T03:06:25.163722+00:00,1180636697|NETWORK_WIDE|ALL|1,1180636697,,,Outbound F-Market Line Switching Back at Ferry Building/Don Chee,"As of 7:40 PM, SF Muni reports F-Market Line inbound direction holding at Market and Van Ness. Outbound directions remains switching back at Ferry Building/Don Chee due to downed overhead wires at Market and 6th.",SERVICE_NOTICE,2026-10-03T02:30:23.482536+00:00,2026-10-03T02:48:20.183783+00:00,0.299,False,2026-10-03T03:06:25.163722+00:00,1,2,NETWORK_WIDE
2026-10-03T03:23:47.070236+00:00,SF_16095|NETWORK_WIDE|ALL|1,SF_16095,,,F switching back @ Market/11th & Don Chee due to downed overhead wires.,F switching back @ Market/11th & Don Chee due to downed overhead wires.,SERVICE_NOTICE,2026-10-03T02:30:23.482536+00:00,2026-10-03T03:06:25.163722+00:00,0.6,False,2026-10-03T03:23:47.070236+00:00,1,3,NETWORK_WIDE
2026-10-03T03:42:16.910603+00:00,SF_16096|NETWORK_WIDE|ALL|1,SF_16096,,,F switching back @ Market/11th & Don Chee due to downed overhead wires.,F switching back @ Market/11th & Don Chee due to downed overhead wires.,SERVICE_NOTICE,2026-10-03T03:23:47.070236+00:00,2026-10-03T03:23:47.070236+00:00,0.0,False,2026-10-03T03:42:16.910603+00:00,1,1,NETWORK_WIDE
2026-10-08T08:42:26.660525+00:00,SF_13513|14|ALL|2,SF_13513,14,,14 STOP TEMP. MOVED Board at Mission/Beale OR Steuart/Mission,14 STOP TEMP. MOVED Board at Mission/Beale OR Steuart/Mission,STOP_MOVED,2026-10-03T07:18:10.315752+00:00,2026-10-08T08:24:27.563677+00:00,121.105,False,2026-10-08T08:42:26.660525+00:00,2,339,MATCHED
2026-10-08T08:42:26.660525+00:00,SF_14956|18|ALL|2,SF_14956,18,,STOP PERMANENTLY MOVED Board at stop island,STOP PERMANENTLY MOVED Board at stop island,STOP_MOVED,2026-10-03T07:18:10.315752+00:00,2026-10-08T08:24:27.563677+00:00,121.105,False,2026-10-08T08:42:26.660525+00:00,2,339,MATCHED
2026-10-08T08:42:26.660525+00:00,SF_14956|29|ALL|2,SF_14956,29,,STOP PERMANENTLY MOVED Board at stop island,STOP PERMANENTLY MOVED Board at stop island,STOP_MOVED,2026-10-03T07:18:10.315752+00:00,2026-10-08T08:24:27.563677+00:00,121.105,False,2026-10-08T08:42:26.660525+00:00,2,339,MATCHED
2026-10-08T08:42:26.660525+00:00,SF_14956|57|ALL|2,SF_14956,57,,STOP PERMANENTLY MOVED Board at stop island,STOP PERMANENTLY MOVED Board at stop island,STOP_MOVED,2026-10-03T07:18:10.315752+00:00,2026-10-08T08:24:27.563677+00:00,121.105,False,2026-10-08T08:42:26.660525+00:00,2,339,MATCHED
2026-10-08T08:42:26.660525+00:00,SF_14956|58|ALL|2,SF_14956,58,,STOP PERMANENTLY MOVED Board at stop island,STOP PERMANENTLY MOVED Board at stop island,STOP_MOVED,2026-10-03T07:18:10.315752+00:00,2026-10-08T08:24:27.563677+00:00,121.105,False,2026-10-08T08:42:26.660525+00:00,2,339,MATCHED
2026-10-06T07:09:26.324648+00:00,SF_15660|14|ALL|2,SF_15660,14,,14 & 49 STOP TEMP. MOVED Board at Mission & Plum,14 & 49 STOP TEMP. MOVED Board at Mission & Plum,STOP_MOVED,2026-10-03T07:18:10.315752+00:00,2026-10-06T06:51:46.641083+00:00,71.56,False,2026-10-06T07:09:26.324648+00:00,2,177,MATCHED
2026-10-06T07:09:26.324648+00:00,SF_15660|49|ALL|2,SF_15660,49,,14 & 49 STOP TEMP. MOVED Board at Mission & Plum,14 & 49 STOP TEMP. MOVED Board at Mission & Plum,STOP_MOVED,2026-10-03T07:18:10.315752+00:00,2026-10-06T06:51:46.641083+00:00,71.56,False,2026-10-06T07:09:26.324648+00:00,2,177,MATCHED
2026-10-08T00:24:47.784819+00:00,SF_15859|30X|ALL|2,SF_15859,30X,,STOP TEMP. MOVED Board on other side of Mission,STOP TEMP. MOVED Board on other side of Mission,STOP_MOVED,2026-10-03T07:18:10.315752+00:00,2026-10-08T00:06:33.748330+00:00,112.807,False,2026-10-08T00:24:47.784819+00:00,2,311,MATCHED
2026-10-08T00:24:47.784819+00:00,SF_15859|38R|ALL|2,SF_15859,38R,,STOP TEMP. MOVED Board on other side of Mission,STOP TEMP. MOVED Board on other side of Mission,STOP_MOVED,2026-10-03T07:18:10.315752+00:00,2026-10-08T00:06:33.748330+00:00,112.807,False,2026-10-08T00:24:47.784819+00:00,2,311,MATCHED
2026-10-08T00:24:47.784819+00:00,SF_15859|38|ALL|2,SF_15859,38,,STOP TEMP. MOVED Board on other side of Mission,STOP TEMP. MOVED Board on other side of Mission,STOP_MOVED,2026-10-03T07:18:10.315752+00:00,2026-10-08T00:06:33.748330+00:00,112.807,False,2026-10-08T00:24:47.784819+00:00,2,311,MATCHED
2026-10-08T00:24:47.784819+00:00,SF_15859|5R|ALL|2,SF_15859,5R,,STOP TEMP. MOVED Board on other side of Mission,STOP TEMP. MOVED Board on other side of Mission,STOP_MOVED,2026-10-03T07:18:10.315752+00:00,2026-10-08T00:06:33.748330+00:00,112.807,False,2026-10-08T00:24:47.784819+00:00,2,311,MATCHED
2026-10-08T00:24:47.784819+00:00,SF_15859|5|ALL|2,SF_15859,5,,STOP TEMP. MOVED Board on other side of Mission,STOP TEMP. MOVED Board on other side of Mission,STOP_MOVED,2026-10-03T07:18:10.315752+00:00,2026-10-08T00:06:33.748330+00:00,112.807,False,2026-10-08T00:24:47.784819+00:00,2,311,MATCHED
2026-10-08T00:24:47.784819+00:00,SF_15859|7|ALL|2,SF_15859,7,,STOP TEMP. MOVED Board on other side of Mission,STOP TEMP. MOVED Board on other side of Mission,STOP_MOVED,2026-10-03T07:18:10.315752+00:00,2026-10-08T00:06:33.748330+00:00,112.807,False,2026-10-08T00:24:47.784819+00:00,2,311,MATCHED
2026-10-08T08:42:26.660525+00:00,SF_15922|1|ALL|2,SF_15922,1,,1 STOP TEMP. CLOSED Board at Clay/Jones OR Clay/Mason,1 STOP TEMP. CLOSED Board at Clay/Jones OR Clay/Mason,STOP_MOVED,2026-10-03T07:18:10.315752+00:00,2026-10-08T08:24:27.563677+00:00,121.105,False,2026-10-08T08:42:26.660525+00:00,2,339,MATCHED
2026-10-05T14:57:40.094777+00:00,SF_15932|44|ALL|2,SF_15932,44,,44 STOP TEMP. CLOSED Board at Silver & Augusta.,44 STOP TEMP. CLOSED Board at Silver & Augusta.,STOP_MOVED,2026-10-03T07:18:10.315752+00:00,2026-10-05T14:39:22.445215+00:00,55.353,False,2026-10-05T14:57:40.094777+00:00,2,141,MATCHED
2026-10-05T07:06:11.567386+00:00,SF_16028|NETWORK_WIDE|ALL|2,SF_16028,,,Hardly Strictly Bluegrass in GGP Oct. 2 to 4. SFMTA.com/Bluegrass,Hardly Strictly Bluegrass in GGP Oct. 2 to 4. SFMTA.com/Bluegrass,SERVICE_NOTICE,2026-10-03T07:18:10.315752+00:00,2026-10-05T06:48:16.998294+00:00,47.502,False,2026-10-05T07:06:11.567386+00:00,2,115,NETWORK_WIDE
2026-10-08T08:42:26.660525+00:00,SF_16040|J|ALL|2,SF_16040,J,,Van Ness	Platform Elevator	Out of Service,Van Ness	Platform Elevator	Out of Service,SERVICE_NOTICE,2026-10-03T07:18:10.315752+00:00,2026-10-08T08:24:27.563677+00:00,121.105,False,2026-10-08T08:42:26.660525+00:00,2,339,MATCHED
2026-10-08T08:42:26.660525+00:00,SF_16040|K|ALL|2,SF_16040,K,,Van Ness	Platform Elevator	Out of Service,Van Ness	Platform Elevator	Out of Service,SERVICE_NOTICE,2026-10-03T07:18:10.315752+00:00,2026-10-08T08:24:27.563677+00:00,121.105,False,2026-10-08T08:42:26.660525+00:00,2,339,MATCHED
2026-10-08T08:42:26.660525+00:00,SF_16040|L|ALL|2,SF_16040,L,,Van Ness	Platform Elevator	Out of Service,Van Ness	Platform Elevator	Out of Service,SERVICE_NOTICE,2026-10-03T07:18:10.315752+00:00,2026-10-08T08:24:27.563677+00:00,121.105,False,2026-10-08T08:42:26.660525+00:00,2,339,MATCHED
2026-10-08T08:42:26.660525+00:00,SF_16040|M|ALL|2,SF_16040,M,,Van Ness	Platform Elevator	Out of Service,Van Ness	Platform Elevator	Out of Service,SERVICE_NOTICE,2026-10-03T07:18:10.315752+00:00,2026-10-08T08:24:27.563677+00:00,121.105,False,2026-10-08T08:42:26.660525+00:00,2,339,MATCHED
2026-10-08T08:42:26.660525+00:00,SF_16040|N|ALL|2,SF_16040,N,,Van Ness	Platform Elevator	Out of Service,Van Ness	Platform Elevator	Out of Service,SERVICE_NOTICE,2026-10-03T07:18:10.315752+00:00,2026-10-08T08:24:27.563677+00:00,121.105,False,2026-10-08T08:42:26.660525+00:00,2,339,MATCHED
2026-10-04T07:00:17.465783+00:00,SF_15853|1X|ALL|13,SF_15853,1X,,1 & 1X STOP TEMP. CLOSED Board at 32nd & Clement,1 & 1X STOP TEMP. CLOSED Board at 32nd & Clement,STOP_MOVED,2026-10-03T12:06:07.887722+00:00,2026-10-04T06:42:29.811190+00:00,18.606,False,2026-10-04T07:00:17.465783+00:00,13,50,MATCHED
2026-10-04T07:00:17.465783+00:00,SF_15853|1|ALL|13,SF_15853,1,,1 & 1X STOP TEMP. CLOSED Board at 32nd & Clement,1 & 1X STOP TEMP. CLOSED Board at 32nd & Clement,STOP_MOVED,2026-10-03T12:06:07.887722+00:00,2026-10-04T06:42:29.811190+00:00,18.606,False,2026-10-04T07:00:17.465783+00:00,13,50,MATCHED
2026-10-04T07:00:17.465783+00:00,SF_15854|18|ALL|13,SF_15854,18,,18 STOP TEMP. CLOSED Board at Clement & Legion of Honor,18 STOP TEMP. CLOSED Board at Clement & Legion of Honor,STOP_MOVED,2026-10-03T12:06:07.887722+00:00,2026-10-04T06:42:29.811190+00:00,18.606,False,2026-10-04T07:00:17.465783+00:00,13,50,MATCHED
2026-10-04T07:00:17.465783+00:00,SF_15857|29|ALL|13,SF_15857,29,,29 STOP TEMP. MOVED Board on other side of California,29 STOP TEMP. MOVED Board on other side of California,STOP_MOVED,2026-10-03T12:06:07.887722+00:00,2026-10-04T06:42:29.811190+00:00,18.606,False,2026-10-04T07:00:17.465783+00:00,13,50,MATCHED
2026-10-04T03:06:38.643747+00:00,SF_13205|2|ALL|16,SF_13205,2,,2 STOP TEMP. MOVED Board at Hyde OR Polk,2 STOP TEMP. MOVED Board at Hyde OR Polk,STOP_MOVED,2026-10-03T13:18:13.764545+00:00,2026-10-04T02:50:31.281009+00:00,13.538,False,2026-10-04T03:06:38.643747+00:00,16,33,MATCHED
2026-10-04T05:12:12.951549+00:00,SF_16001|12|ALL|6,SF_16001,12,,12 STOP TEMP. MOVED Board at Folsom/Mabini,12 STOP TEMP. MOVED Board at Folsom/Mabini,STOP_MOVED,2026-10-03T13:18:13.764545+00:00,2026-10-04T04:54:09.358558+00:00,15.599,False,2026-10-04T05:12:12.951549+00:00,6,40,MATCHED
2026-10-04T05:12:12.951549+00:00,SF_16002|12|ALL|6,SF_16002,12,,12 STOP TEMP. MOVED Board at Folsom/2nd island stop,12 STOP TEMP. MOVED Board at Folsom/2nd island stop,STOP_MOVED,2026-10-03T13:18:13.764545+00:00,2026-10-04T04:54:09.358558+00:00,15.599,False,2026-10-04T05:12:12.951549+00:00,6,40,MATCHED
2026-10-03T16:00:15.546142+00:00,SF_16100|J|ALL|1,SF_16100,J,,Civic Center Platform Elevator Out of Service,Civic Center Platform Elevator Out of Service,SERVICE_NOTICE,2026-10-03T13:18:13.764545+00:00,2026-10-03T15:42:16.521808+00:00,2.401,False,2026-10-03T16:00:15.546142+00:00,1,9,MATCHED
2026-10-03T16:00:15.546142+00:00,SF_16100|K|ALL|1,SF_16100,K,,Civic Center Platform Elevator Out of Service,Civic Center Platform Elevator Out of Service,SERVICE_NOTICE,2026-10-03T13:18:13.764545+00:00,2026-10-03T15:42:16.521808+00:00,2.401,False,2026-10-03T16:00:15.546142+00:00,1,9,MATCHED
2026-10-03T16:00:15.546142+00:00,SF_16100|L|ALL|1,SF_16100,L,,Civic Center Platform Elevator Out of Service,Civic Center Platform Elevator Out of Service,SERVICE_NOTICE,2026-10-03T13:18:13.764545+00:00,2026-10-03T15:42:16.521808+00:00,2.401,False,2026-10-03T16:00:15.546142+00:00,1,9,MATCHED
2026-10-03T16:00:15.546142+00:00,SF_16100|M|ALL|1,SF_16100,M,,Civic Center Platform Elevator Out of Service,Civic Center Platform Elevator Out of Service,SERVICE_NOTICE,2026-10-03T13:18:13.764545+00:00,2026-10-03T15:42:16.521808+00:00,2.401,False,2026-10-03T16:00:15.546142+00:00,1,9,MATCHED
2026-10-03T16:00:15.546142+00:00,SF_16100|N|ALL|1,SF_16100,N,,Civic Center Platform Elevator Out of Service,Civic Center Platform Elevator Out of Service,SERVICE_NOTICE,2026-10-03T13:18:13.764545+00:00,2026-10-03T15:42:16.521808+00:00,2.401,False,2026-10-03T16:00:15.546142+00:00,1,9,MATCHED
2026-10-04T05:12:12.951549+00:00,SF_14214|6|ALL|3,SF_14214,6,,"6 RRT STOP CLOSED Board at Van Ness, Webster or on Grove","6 RRT STOP CLOSED Board at Van Ness, Webster or on Grove",STOP_CLOSED,2026-10-03T14:12:23.721669+00:00,2026-10-04T04:54:09.358558+00:00,14.696,False,2026-10-04T05:12:12.951549+00:00,3,37,MATCHED
2026-10-04T06:06:13.358219+00:00,SF_15679|PM|ALL|16,SF_15679,PM,,Cable Car STOP TEMP. MOVED Board: other side of Broadway,Cable Car STOP TEMP. MOVED Board: other side of Broadway,STOP_MOVED,2026-10-03T14:12:23.721669+00:00,2026-10-04T05:48:12.498317+00:00,15.597,False,2026-10-04T06:06:13.358219+00:00,16,40,MATCHED
2026-10-03T23:48:14.954992+00:00,SF_15667|12|ALL|16,SF_15667,12,,12 STOP TEMP. MOVED Board at Sansome/Commercial,12 STOP TEMP. MOVED Board at Sansome/Commercial,STOP_MOVED,2026-10-03T14:48:10.805912+00:00,2026-10-03T23:29:43.276833+00:00,8.692,False,2026-10-03T23:48:14.954992+00:00,16,17,MATCHED
2026-10-04T00:06:15.169451+00:00,SF_15882|29|ALL|13,SF_15882,29,,29 STOP TEMP. MOVED Board at San Bruno & Paul,29 STOP TEMP. MOVED Board at San Bruno & Paul,STOP_MOVED,2026-10-03T15:06:10.976212+00:00,2026-10-03T23:48:14.954992+00:00,8.701,False,2026-10-04T00:06:15.169451+00:00,13,17,MATCHED
2026-10-04T02:12:05.592934+00:00,SF_15989|7|ALL|1,SF_15989,7,,7 RRT STOP CLOSED Board at 27th OR 22nd,7 RRT STOP CLOSED Board at 27th OR 22nd,STOP_CLOSED,2026-10-03T15:06:10.976212+00:00,2026-10-04T01:54:17.320058+00:00,10.802,False,2026-10-04T02:12:05.592934+00:00,1,24,MATCHED
2026-10-03T22:36:06.657233+00:00,SF_16101|J|ALL|1,SF_16101,J,,"Civic Center
Platform Elevator
Out of Service","Civic Center
Platform Elevator
Out of Service",SERVICE_NOTICE,2026-10-03T20:12:21.704408+00:00,2026-10-03T20:12:21.704408+00:00,0.0,False,2026-10-03T22:36:06.657233+00:00,1,1,MATCHED
2026-10-03T22:36:06.657233+00:00,SF_16101|K|ALL|1,SF_16101,K,,"Civic Center
Platform Elevator
Out of Service","Civic Center
Platform Elevator
Out of Service",SERVICE_NOTICE,2026-10-03T20:12:21.704408+00:00,2026-10-03T20:12:21.704408+00:00,0.0,False,2026-10-03T22:36:06.657233+00:00,1,1,MATCHED
2026-10-03T22:36:06.657233+00:00,SF_16101|L|ALL|1,SF_16101,L,,"Civic Center
Platform Elevator
Out of Service","Civic Center
Platform Elevator
Out of Service",SERVICE_NOTICE,2026-10-03T20:12:21.704408+00:00,2026-10-03T20:12:21.704408+00:00,0.0,False,2026-10-03T22:36:06.657233+00:00,1,1,MATCHED
2026-10-03T22:36:06.657233+00:00,SF_16101|M|ALL|1,SF_16101,M,,"Civic Center
Platform Elevator
Out of Service","Civic Center
Platform Elevator
Out of Service",SERVICE_NOTICE,2026-10-03T20:12:21.704408+00:00,2026-10-03T20:12:21.704408+00:00,0.0,False,2026-10-03T22:36:06.657233+00:00,1,1,MATCHED
2026-10-03T22:36:06.657233+00:00,SF_16101|N|ALL|1,SF_16101,N,,"Civic Center
Platform Elevator
Out of Service","Civic Center
Platform Elevator
Out of Service",SERVICE_NOTICE,2026-10-03T20:12:21.704408+00:00,2026-10-03T20:12:21.704408+00:00,0.0,False,2026-10-03T22:36:06.657233+00:00,1,1,MATCHED
2026-10-03T22:36:06.657233+00:00,SF_16102|14R|ALL|1,SF_16102,14R,,"OB 14, 14R rerouting around Mission & 6th due to #SFFD activity.","OB 14, 14R rerouting around Mission & 6th due to #SFFD activity.",SERVICE_NOTICE,2026-10-03T20:12:21.704408+00:00,2026-10-03T20:12:21.704408+00:00,0.0,False,2026-10-03T22:36:06.657233+00:00,1,1,MATCHED
2026-10-03T22:36:06.657233+00:00,SF_16102|14|ALL|1,SF_16102,14,,"OB 14, 14R rerouting around Mission & 6th due to #SFFD activity.","OB 14, 14R rerouting around Mission & 6th due to #SFFD activity.",SERVICE_NOTICE,2026-10-03T20:12:21.704408+00:00,2026-10-03T20:12:21.704408+00:00,0.0,False,2026-10-03T22:36:06.657233+00:00,1,1,MATCHED
2026-10-04T02:50:31.281009+00:00,SF_16111|37|ALL|1,SF_16111,37,,IB 37 RRT Buena Vista East/Buena Vista Terrace due to reports of a watermain break.,IB 37 RRT Buena Vista East/Buena Vista Terrace due to reports of a watermain break.,SERVICE_NOTICE,2026-10-03T22:36:06.657233+00:00,2026-10-04T02:30:32.576556+00:00,3.907,False,2026-10-04T02:50:31.281009+00:00,1,14,MATCHED
2026-10-03T23:12:17.580168+00:00,SF_16113|45|ALL|1,SF_16113,45,,IB/OB 45 rerouting around Lyon and Greenwich due to #SFFD activity.,IB/OB 45 rerouting around Lyon and Greenwich due to #SFFD activity.,SERVICE_NOTICE,2026-10-03T22:36:06.657233+00:00,2026-10-03T22:53:47.858936+00:00,0.295,False,2026-10-03T23:12:17.580168+00:00,1,2,MATCHED
2026-10-04T04:36:01.359368+00:00,SF_16114|37|ALL|1,SF_16114,37,,IB 37 RRT Buena Vista East/Buena Vista Terrace due to reports of a watermain break.,IB 37 RRT Buena Vista East/Buena Vista Terrace due to reports of a watermain break.,SERVICE_NOTICE,2026-10-04T02:50:31.281009+00:00,2026-10-04T04:18:10.738837+00:00,1.461,False,2026-10-04T04:36:01.359368+00:00,1,6,MATCHED
2026-10-08T08:42:26.660525+00:00,SF_15991|24|ALL|2,SF_15991,24,,24 STOP TEMP. CLOSED Board on other side of Steiner,24 STOP TEMP. CLOSED Board on other side of Steiner,STOP_MOVED,2026-10-04T07:00:17.465783+00:00,2026-10-08T08:24:27.563677+00:00,97.403,False,2026-10-08T08:42:26.660525+00:00,2,273,MATCHED
2026-10-05T06:12:14.527683+00:00,SF_15964|FBUS|ALL|1,SF_15964,FBUS,,F Bus RRT STOP CLOSED Board at Market/Dolores,F Bus RRT STOP CLOSED Board at Market/Dolores,STOP_CLOSED,2026-10-04T12:05:49.459564+00:00,2026-10-05T05:54:06.891867+00:00,17.805,False,2026-10-05T06:12:14.527683+00:00,1,29,MATCHED
2026-10-05T06:12:14.527683+00:00,SF_15965|F|ALL|1,SF_15965,F,,F Switchback STOP CLOSED Board at Market/Dolores,F Switchback STOP CLOSED Board at Market/Dolores,STOP_CLOSED,2026-10-04T12:05:49.459564+00:00,2026-10-05T05:54:06.891867+00:00,17.805,False,2026-10-05T06:12:14.527683+00:00,1,29,MATCHED
2026-10-05T03:13:09.345012+00:00,SF_13205|2|ALL|17,SF_13205,2,,2 STOP TEMP. MOVED Board at Hyde OR Polk,2 STOP TEMP. MOVED Board at Hyde OR Polk,STOP_MOVED,2026-10-04T13:00:02.336415+00:00,2026-10-05T02:54:19.503465+00:00,13.905,False,2026-10-05T03:13:09.345012+00:00,17,16,MATCHED
2026-10-04T18:17:53.927278+00:00,SF_15967|KBUS|ALL|1,SF_15967,KBUS,,K Bus RRT STOP CLOSED Board at Market/Sanchez OR Market/Clayton,K Bus RRT STOP CLOSED Board at Market/Sanchez OR Market/Clayton,STOP_CLOSED,2026-10-04T13:00:02.336415+00:00,2026-10-04T14:47:03.737482+00:00,1.784,False,2026-10-04T18:17:53.927278+00:00,1,7,MATCHED
2026-10-04T18:17:53.927278+00:00,SF_15968|KBUS|ALL|1,SF_15968,KBUS,,K Bus RRT STOP CLOSED Board at Market/Clayton OR Market/Church,K Bus RRT STOP CLOSED Board at Market/Clayton OR Market/Church,STOP_CLOSED,2026-10-04T13:00:02.336415+00:00,2026-10-04T14:47:03.737482+00:00,1.784,False,2026-10-04T18:17:53.927278+00:00,1,7,MATCHED
2026-10-05T06:12:14.527683+00:00,SF_15969|24|ALL|1,SF_15969,24,,24 RRT STOP CLOSED Board at Castro/19th or Castro/16th,24 RRT STOP CLOSED Board at Castro/19th or Castro/16th,STOP_CLOSED,2026-10-04T13:00:02.336415+00:00,2026-10-05T05:54:06.891867+00:00,16.901,False,2026-10-05T06:12:14.527683+00:00,1,26,MATCHED
2026-10-05T06:12:14.527683+00:00,SF_15970|24|ALL|1,SF_15970,24,,24 RRT STOP CLOSED Board at Castro/15th OR Castro/20th,24 RRT STOP CLOSED Board at Castro/15th OR Castro/20th,STOP_CLOSED,2026-10-04T13:00:02.336415+00:00,2026-10-05T05:54:06.891867+00:00,16.901,False,2026-10-05T06:12:14.527683+00:00,1,26,MATCHED
2026-10-05T06:12:14.527683+00:00,SF_15971|33|ALL|1,SF_15971,33,,33 RRT STOP CLOSED Board at 18th/Sanchez OR 18th/Hattie,33 RRT STOP CLOSED Board at 18th/Sanchez OR 18th/Hattie,STOP_CLOSED,2026-10-04T13:00:02.336415+00:00,2026-10-05T05:54:06.891867+00:00,16.901,False,2026-10-05T06:12:14.527683+00:00,1,26,MATCHED
2026-10-05T06:12:14.527683+00:00,SF_15972|33|ALL|1,SF_15972,33,,33 RRT STOP CLOSED Board at 18th/Hattie OR 18th/Church,33 RRT STOP CLOSED Board at 18th/Hattie OR 18th/Church,STOP_CLOSED,2026-10-04T13:00:02.336415+00:00,2026-10-05T05:54:06.891867+00:00,16.901,False,2026-10-05T06:12:14.527683+00:00,1,26,MATCHED
2026-10-05T06:12:14.527683+00:00,SF_15973|35|ALL|1,SF_15973,35,,35 RRT STOP CLOSED Board at Castro/20th,35 RRT STOP CLOSED Board at Castro/20th,STOP_CLOSED,2026-10-04T13:00:02.336415+00:00,2026-10-05T05:54:06.891867+00:00,16.901,False,2026-10-05T06:12:14.527683+00:00,1,26,MATCHED
2026-10-05T06:12:14.527683+00:00,SF_15974|37|ALL|1,SF_15974,37,,37 RRT STOP CLOSED Board at Corbett/Douglas OR 14th/Church,37 RRT STOP CLOSED Board at Corbett/Douglas OR 14th/Church,STOP_CLOSED,2026-10-04T13:00:02.336415+00:00,2026-10-05T05:54:06.891867+00:00,16.901,False,2026-10-05T06:12:14.527683+00:00,1,26,MATCHED
2026-10-05T06:12:14.527683+00:00,SF_15975|37|ALL|1,SF_15975,37,,37 RRT STOP CLOSED Board at 14th/Church OR 17th/Diamond,37 RRT STOP CLOSED Board at 14th/Church OR 17th/Diamond,STOP_CLOSED,2026-10-04T13:00:02.336415+00:00,2026-10-05T05:54:06.891867+00:00,16.901,False,2026-10-05T06:12:14.527683+00:00,1,26,MATCHED
2026-10-05T05:00:12.011636+00:00,SF_16001|12|ALL|7,SF_16001,12,,12 STOP TEMP. MOVED Board at Folsom/Mabini,12 STOP TEMP. MOVED Board at Folsom/Mabini,STOP_MOVED,2026-10-04T13:00:02.336415+00:00,2026-10-05T04:42:25.018205+00:00,15.706,False,2026-10-05T05:00:12.011636+00:00,7,22,MATCHED
2026-10-05T05:00:12.011636+00:00,SF_16002|12|ALL|7,SF_16002,12,,12 STOP TEMP. MOVED Board at Folsom/2nd island stop,12 STOP TEMP. MOVED Board at Folsom/2nd island stop,STOP_MOVED,2026-10-04T13:00:02.336415+00:00,2026-10-05T04:42:25.018205+00:00,15.706,False,2026-10-05T05:00:12.011636+00:00,7,22,MATCHED
2026-10-05T06:12:14.527683+00:00,SF_15679|PM|ALL|17,SF_15679,PM,,Cable Car STOP TEMP. MOVED Board: other side of Broadway,Cable Car STOP TEMP. MOVED Board: other side of Broadway,STOP_MOVED,2026-10-04T14:12:41.594160+00:00,2026-10-05T05:54:06.891867+00:00,15.69,False,2026-10-05T06:12:14.527683+00:00,17,22,MATCHED
2026-10-05T00:11:10.235895+00:00,SF_15667|12|ALL|17,SF_15667,12,,12 STOP TEMP. MOVED Board at Sansome/Commercial,12 STOP TEMP. MOVED Board at Sansome/Commercial,STOP_MOVED,2026-10-04T14:47:03.737482+00:00,2026-10-04T21:56:44.446705+00:00,7.161,False,2026-10-05T00:11:10.235895+00:00,17,4,MATCHED
2026-10-05T00:11:10.235895+00:00,SF_15882|29|ALL|14,SF_15882,29,,29 STOP TEMP. MOVED Board at San Bruno & Paul,29 STOP TEMP. MOVED Board at San Bruno & Paul,STOP_MOVED,2026-10-04T18:17:53.927278+00:00,2026-10-04T21:56:44.446705+00:00,3.647,False,2026-10-05T00:11:10.235895+00:00,14,3,MATCHED
2026-10-05T00:30:11.747200+00:00,1181632829|NETWORK_WIDE|ALL|1,1181632829,,,Outbound N-Judah Line Delayed at Carl/Hillway,"SF Muni reports outbound N-Judah Line delayed at Carl/Hillway, due to a car on the tracks.",DELAY,2026-10-05T00:11:10.235895+00:00,2026-10-05T00:11:10.235895+00:00,0.0,False,2026-10-05T00:30:11.747200+00:00,1,1,NETWORK_WIDE
2026-10-05T02:18:12.430041+00:00,SF_16118|29|ALL|1,SF_16118,29,,IB 29 rerouting via Hawes-Gilman due to double parked cars blocking near Gilman Park.,IB 29 rerouting via Hawes-Gilman due to double parked cars blocking near Gilman Park.,SERVICE_NOTICE,2026-10-05T00:11:10.235895+00:00,2026-10-05T01:56:49.806915+00:00,1.761,False,2026-10-05T02:18:12.430041+00:00,1,3,MATCHED
2026-10-05T14:57:40.094777+00:00,SF_15874|9|ALL|3,SF_15874,9,,9 STOP TEMP. MOVED Board: 11th/Minna,9 STOP TEMP. MOVED Board: 11th/Minna,STOP_MOVED,2026-10-05T07:06:11.567386+00:00,2026-10-05T14:39:22.445215+00:00,7.553,False,2026-10-05T14:57:40.094777+00:00,3,26,MATCHED
2026-10-06T04:15:59.689515+00:00,SF_13205|2|ALL|18,SF_13205,2,,2 STOP TEMP. MOVED Board at Hyde OR Polk,2 STOP TEMP. MOVED Board at Hyde OR Polk,STOP_MOVED,2026-10-05T13:09:16.758956+00:00,2026-10-06T02:57:22.596184+00:00,13.802,False,2026-10-06T04:15:59.689515+00:00,18,39,MATCHED
2026-10-06T06:33:26.773220+00:00,SF_16001|12|ALL|8,SF_16001,12,,12 STOP TEMP. MOVED Board at Folsom/Mabini,12 STOP TEMP. MOVED Board at Folsom/Mabini,STOP_MOVED,2026-10-05T13:09:16.758956+00:00,2026-10-06T04:15:59.689515+00:00,15.112,False,2026-10-06T06:33:26.773220+00:00,8,40,MATCHED
2026-10-06T06:33:26.773220+00:00,SF_16002|12|ALL|8,SF_16002,12,,12 STOP TEMP. MOVED Board at Folsom/2nd island stop,12 STOP TEMP. MOVED Board at Folsom/2nd island stop,STOP_MOVED,2026-10-05T13:09:16.758956+00:00,2026-10-06T04:15:59.689515+00:00,15.112,False,2026-10-06T06:33:26.773220+00:00,8,40,MATCHED
2026-10-06T06:33:26.773220+00:00,SF_16051|23|ALL|1,SF_16051,23,,23 STOP TEMP. MOVED Board on other side of 19th,23 STOP TEMP. MOVED Board on other side of 19th,STOP_MOVED,2026-10-05T13:09:16.758956+00:00,2026-10-06T04:15:59.689515+00:00,15.112,False,2026-10-06T06:33:26.773220+00:00,1,40,MATCHED
2026-10-06T06:33:26.773220+00:00,SF_15679|PM|ALL|18,SF_15679,PM,,Cable Car STOP TEMP. MOVED Board: other side of Broadway,Cable Car STOP TEMP. MOVED Board: other side of Broadway,STOP_MOVED,2026-10-05T14:03:35.477037+00:00,2026-10-06T04:15:59.689515+00:00,14.207,False,2026-10-06T06:33:26.773220+00:00,18,37,MATCHED
2026-10-05T23:39:18.554808+00:00,SF_15667|12|ALL|18,SF_15667,12,,12 STOP TEMP. MOVED Board at Sansome/Commercial,12 STOP TEMP. MOVED Board at Sansome/Commercial,STOP_MOVED,2026-10-05T14:39:22.445215+00:00,2026-10-05T23:21:16.211765+00:00,8.698,False,2026-10-05T23:39:18.554808+00:00,18,22,MATCHED
2026-10-08T08:42:26.660525+00:00,SF_16126|44|ALL|1,SF_16126,44,,44 STOP TEMP. CLOSED Board at Silver & Augusta,44 STOP TEMP. CLOSED Board at Silver & Augusta,STOP_MOVED,2026-10-05T14:57:40.094777+00:00,2026-10-08T08:24:27.563677+00:00,65.447,False,2026-10-08T08:42:26.660525+00:00,1,198,MATCHED
2026-10-08T08:42:26.660525+00:00,SF_16127|9|ALL|1,SF_16127,9,,9 STOP TEMP. MOVED Board at 11th/Minna,9 STOP TEMP. MOVED Board at 11th/Minna,STOP_MOVED,2026-10-05T14:57:40.094777+00:00,2026-10-08T08:24:27.563677+00:00,65.447,False,2026-10-08T08:42:26.660525+00:00,1,198,MATCHED
2026-10-06T00:15:18.480870+00:00,SF_15661|43|ALL|12,SF_15661,43,,43 STOP TEMP. MOVED Board at Gennessee/Judson,43 STOP TEMP. MOVED Board at Gennessee/Judson,STOP_MOVED,2026-10-05T15:15:12.426403+00:00,2026-10-06T00:00:12.142295+00:00,8.75,False,2026-10-06T00:15:18.480870+00:00,12,22,MATCHED
2026-10-05T23:03:36.341486+00:00,SF_15752|38R|ALL|12,SF_15752,38R,,"38, 38R STOP TEMP. MOVED Board at O'Farrell/Mason","38, 38R STOP TEMP. MOVED Board at O'Farrell/Mason",STOP_MOVED,2026-10-05T15:15:12.426403+00:00,2026-10-05T22:46:20.111923+00:00,7.519,False,2026-10-05T23:03:36.341486+00:00,12,18,MATCHED
2026-10-05T23:03:36.341486+00:00,SF_15752|38|ALL|12,SF_15752,38,,"38, 38R STOP TEMP. MOVED Board at O'Farrell/Mason","38, 38R STOP TEMP. MOVED Board at O'Farrell/Mason",STOP_MOVED,2026-10-05T15:15:12.426403+00:00,2026-10-05T22:46:20.111923+00:00,7.519,False,2026-10-05T23:03:36.341486+00:00,12,18,MATCHED
2026-10-05T23:03:36.341486+00:00,SF_15843|54|ALL|12,SF_15843,54,,54 STOP TEMP. MOVED Board at Revere btwn Ingalls & Jennings,54 STOP TEMP. MOVED Board at Revere btwn Ingalls & Jennings,STOP_MOVED,2026-10-05T15:15:12.426403+00:00,2026-10-05T22:46:20.111923+00:00,7.519,False,2026-10-05T23:03:36.341486+00:00,12,18,MATCHED
2026-10-05T23:03:36.341486+00:00,SF_15844|54|ALL|12,SF_15844,54,,54 STOP TEMP. MOVED Board midblock 3rd btwn Revere & Quesada,54 STOP TEMP. MOVED Board midblock 3rd btwn Revere & Quesada,STOP_MOVED,2026-10-05T15:15:12.426403+00:00,2026-10-05T22:46:20.111923+00:00,7.519,False,2026-10-05T23:03:36.341486+00:00,12,18,MATCHED
2026-10-06T00:15:18.480870+00:00,SF_15882|29|ALL|15,SF_15882,29,,29 STOP TEMP. MOVED Board at San Bruno & Paul,29 STOP TEMP. MOVED Board at San Bruno & Paul,STOP_MOVED,2026-10-05T15:15:12.426403+00:00,2026-10-06T00:00:12.142295+00:00,8.75,False,2026-10-06T00:15:18.480870+00:00,15,22,MATCHED
2026-10-06T00:15:18.480870+00:00,SF_15919|19|ALL|6,SF_15919,19,,"19, 27 STOP TEMP. CLOSED Board at Hyde/Grove OR 8th/Howard","19, 27 STOP TEMP. CLOSED Board at Hyde/Grove OR 8th/Howard",STOP_MOVED,2026-10-05T15:15:12.426403+00:00,2026-10-06T00:00:12.142295+00:00,8.75,False,2026-10-06T00:15:18.480870+00:00,6,22,MATCHED
2026-10-06T00:15:18.480870+00:00,SF_15919|27|ALL|6,SF_15919,27,,"19, 27 STOP TEMP. CLOSED Board at Hyde/Grove OR 8th/Howard","19, 27 STOP TEMP. CLOSED Board at Hyde/Grove OR 8th/Howard",STOP_MOVED,2026-10-05T15:15:12.426403+00:00,2026-10-06T00:00:12.142295+00:00,8.75,False,2026-10-06T00:15:18.480870+00:00,6,22,MATCHED
2026-10-06T00:15:18.480870+00:00,SF_15993|8BX|ALL|6,SF_15993,8BX,,"8, 8BX, 9R STOP TEMP. CLOSED Board 100 ft before intersection","8, 8BX, 9R STOP TEMP. CLOSED Board 100 ft before intersection",STOP_MOVED,2026-10-05T15:15:12.426403+00:00,2026-10-06T00:00:12.142295+00:00,8.75,False,2026-10-06T00:15:18.480870+00:00,6,22,MATCHED
2026-10-06T00:15:18.480870+00:00,SF_15993|8|ALL|6,SF_15993,8,,"8, 8BX, 9R STOP TEMP. CLOSED Board 100 ft before intersection","8, 8BX, 9R STOP TEMP. CLOSED Board 100 ft before intersection",STOP_MOVED,2026-10-05T15:15:12.426403+00:00,2026-10-06T00:00:12.142295+00:00,8.75,False,2026-10-06T00:15:18.480870+00:00,6,22,MATCHED
2026-10-06T00:15:18.480870+00:00,SF_15993|9R|ALL|6,SF_15993,9R,,"8, 8BX, 9R STOP TEMP. CLOSED Board 100 ft before intersection","8, 8BX, 9R STOP TEMP. CLOSED Board 100 ft before intersection",STOP_MOVED,2026-10-05T15:15:12.426403+00:00,2026-10-06T00:00:12.142295+00:00,8.75,False,2026-10-06T00:15:18.480870+00:00,6,22,MATCHED
2026-10-06T00:15:18.480870+00:00,SF_16029|55|ALL|1,SF_16029,55,,55 STOP TEMP. CLOSED Board at Carolina,55 STOP TEMP. CLOSED Board at Carolina,STOP_MOVED,2026-10-05T15:15:12.426403+00:00,2026-10-06T00:00:12.142295+00:00,8.75,False,2026-10-06T00:15:18.480870+00:00,1,22,MATCHED
2026-10-06T00:15:18.480870+00:00,SF_16030|12|ALL|1,SF_16030,12,,12 STOP TEMP. CLOSED Board on other side of Hyde,12 STOP TEMP. CLOSED Board on other side of Hyde,STOP_MOVED,2026-10-05T15:15:12.426403+00:00,2026-10-06T00:00:12.142295+00:00,8.75,False,2026-10-06T00:15:18.480870+00:00,1,22,MATCHED
2026-10-06T00:15:18.480870+00:00,SF_16048|29|ALL|1,SF_16048,29,,29 STOP TEMP. MOVED Board: Gilman btwn Jennings & 3rd,29 STOP TEMP. MOVED Board: Gilman btwn Jennings & 3rd,STOP_MOVED,2026-10-05T15:15:12.426403+00:00,2026-10-06T00:00:12.142295+00:00,8.75,False,2026-10-06T00:15:18.480870+00:00,1,22,MATCHED
2026-10-06T00:15:18.480870+00:00,SF_16050|8BX|ALL|1,SF_16050,8BX,,"8, 8BX STOP TEMP. MOVED Board on other side of Broadway","8, 8BX STOP TEMP. MOVED Board on other side of Broadway",STOP_MOVED,2026-10-05T15:15:12.426403+00:00,2026-10-06T00:00:12.142295+00:00,8.75,False,2026-10-06T00:15:18.480870+00:00,1,22,MATCHED
2026-10-06T00:15:18.480870+00:00,SF_16050|8|ALL|1,SF_16050,8,,"8, 8BX STOP TEMP. MOVED Board on other side of Broadway","8, 8BX STOP TEMP. MOVED Board on other side of Broadway",STOP_MOVED,2026-10-05T15:15:12.426403+00:00,2026-10-06T00:00:12.142295+00:00,8.75,False,2026-10-06T00:15:18.480870+00:00,1,22,MATCHED
2026-10-06T00:15:18.480870+00:00,SF_16054|35|ALL|3,SF_16054,35,,35 STOP TEMP. MOVED Board on Douglass/23rd,35 STOP TEMP. MOVED Board on Douglass/23rd,STOP_MOVED,2026-10-05T15:15:12.426403+00:00,2026-10-06T00:00:12.142295+00:00,8.75,False,2026-10-06T00:15:18.480870+00:00,3,22,MATCHED
2026-10-06T00:15:18.480870+00:00,SF_16055|35|ALL|3,SF_16055,35,,35 RRT STOP CLOSED Board on Douglass/22nd,35 RRT STOP CLOSED Board on Douglass/22nd,STOP_CLOSED,2026-10-05T15:15:12.426403+00:00,2026-10-06T00:00:12.142295+00:00,8.75,False,2026-10-06T00:15:18.480870+00:00,3,22,MATCHED
2026-10-06T00:15:18.480870+00:00,SF_16056|35|ALL|3,SF_16056,35,,35 RRT STOP CLOSED Board on Douglass/21st,35 RRT STOP CLOSED Board on Douglass/21st,STOP_CLOSED,2026-10-05T15:15:12.426403+00:00,2026-10-06T00:00:12.142295+00:00,8.75,False,2026-10-06T00:15:18.480870+00:00,3,22,MATCHED
2026-10-06T00:15:18.480870+00:00,SF_16124|35|ALL|1,SF_16124,35,,35 STOP TEMP. MOVED Board at 24th/Douglass,35 STOP TEMP. MOVED Board at 24th/Douglass,STOP_MOVED,2026-10-05T15:15:12.426403+00:00,2026-10-06T00:00:12.142295+00:00,8.75,False,2026-10-06T00:15:18.480870+00:00,1,22,MATCHED
2026-10-05T22:09:44.847834+00:00,SF_15951|14|ALL|3,SF_15951,14,,14 STOP TEMP. CLOSED Board at Mission btwn 7th & 8th,14 STOP TEMP. CLOSED Board at Mission btwn 7th & 8th,STOP_MOVED,2026-10-05T16:09:22.359281+00:00,2026-10-05T21:51:43.841599+00:00,5.706,False,2026-10-05T22:09:44.847834+00:00,3,12,MATCHED
2026-10-05T22:09:44.847834+00:00,SF_15992|33|ALL|2,SF_15992,33,,33 STOP TEMP. CLOSED Board on other side of Castro,33 STOP TEMP. CLOSED Board on other side of Castro,STOP_MOVED,2026-10-05T16:09:22.359281+00:00,2026-10-05T21:51:43.841599+00:00,5.706,False,2026-10-05T22:09:44.847834+00:00,2,12,MATCHED
2026-10-05T22:09:44.847834+00:00,SF_16020|27|ALL|1,SF_16020,27,,"27, 67 STOP TEMP. MOVED Board on the other side of Mission","27, 67 STOP TEMP. MOVED Board on the other side of Mission",STOP_MOVED,2026-10-05T16:09:22.359281+00:00,2026-10-05T21:51:43.841599+00:00,5.706,False,2026-10-05T22:09:44.847834+00:00,1,12,MATCHED
2026-10-05T22:09:44.847834+00:00,SF_16020|67|ALL|1,SF_16020,67,,"27, 67 STOP TEMP. MOVED Board on the other side of Mission","27, 67 STOP TEMP. MOVED Board on the other side of Mission",STOP_MOVED,2026-10-05T16:09:22.359281+00:00,2026-10-05T21:51:43.841599+00:00,5.706,False,2026-10-05T22:09:44.847834+00:00,1,12,MATCHED
2026-10-05T22:09:44.847834+00:00,SF_16021|48|ALL|1,SF_16021,48,,48 STOP TEMP. MOVED Board at 24th/Capp,48 STOP TEMP. MOVED Board at 24th/Capp,STOP_MOVED,2026-10-05T16:09:22.359281+00:00,2026-10-05T21:51:43.841599+00:00,5.706,False,2026-10-05T22:09:44.847834+00:00,1,12,MATCHED
2026-10-05T18:21:24.289526+00:00,SF_16128|J|ALL|1,SF_16128,J,,Civic Center platform elevator not in service,Civic Center platform elevator not in service,SERVICE_NOTICE,2026-10-05T16:09:22.359281+00:00,2026-10-05T16:09:22.359281+00:00,0.0,False,2026-10-05T18:21:24.289526+00:00,1,1,MATCHED
2026-10-05T18:21:24.289526+00:00,SF_16128|K|ALL|1,SF_16128,K,,Civic Center platform elevator not in service,Civic Center platform elevator not in service,SERVICE_NOTICE,2026-10-05T16:09:22.359281+00:00,2026-10-05T16:09:22.359281+00:00,0.0,False,2026-10-05T18:21:24.289526+00:00,1,1,MATCHED
2026-10-05T18:21:24.289526+00:00,SF_16128|L|ALL|1,SF_16128,L,,Civic Center platform elevator not in service,Civic Center platform elevator not in service,SERVICE_NOTICE,2026-10-05T16:09:22.359281+00:00,2026-10-05T16:09:22.359281+00:00,0.0,False,2026-10-05T18:21:24.289526+00:00,1,1,MATCHED
2026-10-05T18:21:24.289526+00:00,SF_16128|M|ALL|1,SF_16128,M,,Civic Center platform elevator not in service,Civic Center platform elevator not in service,SERVICE_NOTICE,2026-10-05T16:09:22.359281+00:00,2026-10-05T16:09:22.359281+00:00,0.0,False,2026-10-05T18:21:24.289526+00:00,1,1,MATCHED
2026-10-05T18:21:24.289526+00:00,SF_16128|N|ALL|1,SF_16128,N,,Civic Center platform elevator not in service,Civic Center platform elevator not in service,SERVICE_NOTICE,2026-10-05T16:09:22.359281+00:00,2026-10-05T16:09:22.359281+00:00,0.0,False,2026-10-05T18:21:24.289526+00:00,1,1,MATCHED
2026-10-10T08:39:42.142147+00:00,1182068915|NETWORK_WIDE|ALL|1,1182068915,,,Schedule Change 10/12,"SF Muni will operate on a Saturday schedule on Monday, October 12, due to Indigenous Peoples Day.",SERVICE_NOTICE,2026-10-05T20:05:05.638556+00:00,2026-10-10T08:39:42.142147+00:00,108.577,True,,1,331,NETWORK_WIDE
2026-10-05T22:09:44.847834+00:00,SF_16148|NETWORK_WIDE|ALL|1,SF_16148,,,Fleet Week Oct. 9 to 11. SFMTA.com/FleetWeek,Fleet Week Oct. 9 to 11. SFMTA.com/FleetWeek,SERVICE_NOTICE,2026-10-05T21:51:43.841599+00:00,2026-10-05T21:51:43.841599+00:00,0.0,False,2026-10-05T22:09:44.847834+00:00,1,1,NETWORK_WIDE
2026-10-06T07:09:26.324648+00:00,SF_16149|NETWORK_WIDE|ALL|1,SF_16149,,,Fleet Week October 9 to 11. SFMTA.com/ FleetWeek,Fleet Week October 9 to 11. SFMTA.com/ FleetWeek,SERVICE_NOTICE,2026-10-05T22:09:44.847834+00:00,2026-10-06T06:51:46.641083+00:00,8.7,False,2026-10-06T07:09:26.324648+00:00,1,20,NETWORK_WIDE
2026-10-05T22:46:20.111923+00:00,SF_16151|67|ALL|1,SF_16151,67,,Only one bus on the 67. Expect longer wait times.,Only one bus on the 67. Expect longer wait times.,SERVICE_NOTICE,2026-10-05T22:09:44.847834+00:00,2026-10-05T22:27:49.848044+00:00,0.301,False,2026-10-05T22:46:20.111923+00:00,1,2,MATCHED
2026-10-06T01:45:20.660651+00:00,1182205050|M|ALL|1,1182205050,M,,Outbound M-Ocean View Line Delayed at Stonestown,"SF Muni reports that the outbound M-Ocean View line is delayed at Stonestown, due to a medical emergency.",DELAY,2026-10-06T01:28:02.180140+00:00,2026-10-06T01:28:02.180140+00:00,0.0,False,2026-10-06T01:45:20.660651+00:00,1,1,MATCHED
2026-10-06T04:15:59.689515+00:00,SF_16153|CA|ALL|1,SF_16153,CA,,Cal Line blocked between Taylor & Jones by a non-Muni collision.,Cal Line blocked between Taylor & Jones by a non-Muni collision.,SERVICE_NOTICE,2026-10-06T02:20:52.064298+00:00,2026-10-06T02:57:22.596184+00:00,0.608,False,2026-10-06T04:15:59.689515+00:00,1,3,MATCHED
2026-10-07T03:12:40.811033+00:00,SF_13205|2|ALL|19,SF_13205,2,,2 STOP TEMP. MOVED Board at Hyde OR Polk,2 STOP TEMP. MOVED Board at Hyde OR Polk,STOP_MOVED,2026-10-06T13:15:12.666410+00:00,2026-10-07T02:54:27.210657+00:00,13.654,False,2026-10-07T03:12:40.811033+00:00,19,47,MATCHED
2026-10-07T05:00:16.885598+00:00,SF_16001|12|ALL|9,SF_16001,12,,12 STOP TEMP. MOVED Board at Folsom/Mabini,12 STOP TEMP. MOVED Board at Folsom/Mabini,STOP_MOVED,2026-10-06T13:15:12.666410+00:00,2026-10-07T04:42:22.732114+00:00,15.453,False,2026-10-07T05:00:16.885598+00:00,9,53,MATCHED
2026-10-07T05:00:16.885598+00:00,SF_16002|12|ALL|9,SF_16002,12,,12 STOP TEMP. MOVED Board at Folsom/2nd island stop,12 STOP TEMP. MOVED Board at Folsom/2nd island stop,STOP_MOVED,2026-10-06T13:15:12.666410+00:00,2026-10-07T04:42:22.732114+00:00,15.453,False,2026-10-07T05:00:16.885598+00:00,9,53,MATCHED
2026-10-07T05:00:16.885598+00:00,SF_16051|23|ALL|2,SF_16051,23,,23 STOP TEMP. MOVED Board on other side of 19th,23 STOP TEMP. MOVED Board on other side of 19th,STOP_MOVED,2026-10-06T13:15:12.666410+00:00,2026-10-07T04:42:22.732114+00:00,15.453,False,2026-10-07T05:00:16.885598+00:00,2,53,MATCHED
2026-10-07T06:12:25.030011+00:00,SF_15679|PM|ALL|19,SF_15679,PM,,Cable Car STOP TEMP. MOVED Board: other side of Broadway,Cable Car STOP TEMP. MOVED Board: other side of Broadway,STOP_MOVED,2026-10-06T14:06:21.623841+00:00,2026-10-07T05:54:16.498128+00:00,15.799,False,2026-10-07T06:12:25.030011+00:00,19,54,MATCHED
2026-10-07T00:12:20.927774+00:00,SF_16105|24|ALL|1,SF_16105,24,,24 RRT STOP CLOSED Board Noe/27th OR Castro/24th,24 RRT STOP CLOSED Board Noe/27th OR Castro/24th,STOP_CLOSED,2026-10-06T14:06:21.623841+00:00,2026-10-06T23:52:45.250382+00:00,9.773,False,2026-10-07T00:12:20.927774+00:00,1,34,MATCHED
2026-10-07T00:12:20.927774+00:00,SF_16106|24|ALL|1,SF_16106,24,,24 RRT STOP CLOSED Board at Castro/25th OR Noe/27th,24 RRT STOP CLOSED Board at Castro/25th OR Noe/27th,STOP_CLOSED,2026-10-06T14:06:21.623841+00:00,2026-10-06T23:52:45.250382+00:00,9.773,False,2026-10-07T00:12:20.927774+00:00,1,34,MATCHED
2026-10-06T23:36:08.642573+00:00,SF_15667|12|ALL|19,SF_15667,12,,12 STOP TEMP. MOVED Board at Sansome/Commercial,12 STOP TEMP. MOVED Board at Sansome/Commercial,STOP_MOVED,2026-10-06T14:42:29.703081+00:00,2026-10-06T23:18:40.131024+00:00,8.603,False,2026-10-06T23:36:08.642573+00:00,19,30,MATCHED
2026-10-07T00:12:20.927774+00:00,SF_15661|43|ALL|13,SF_15661,43,,43 STOP TEMP. MOVED Board at Gennessee/Judson,43 STOP TEMP. MOVED Board at Gennessee/Judson,STOP_MOVED,2026-10-06T15:00:14.194117+00:00,2026-10-06T23:52:45.250382+00:00,8.875,False,2026-10-07T00:12:20.927774+00:00,13,31,MATCHED
2026-10-06T23:00:15.346950+00:00,SF_15752|38R|ALL|13,SF_15752,38R,,"38, 38R STOP TEMP. MOVED Board at O'Farrell/Mason","38, 38R STOP TEMP. MOVED Board at O'Farrell/Mason",STOP_MOVED,2026-10-06T15:00:14.194117+00:00,2026-10-06T22:42:33.658689+00:00,7.705,False,2026-10-06T23:00:15.346950+00:00,13,27,MATCHED
2026-10-06T23:00:15.346950+00:00,SF_15752|38|ALL|13,SF_15752,38,,"38, 38R STOP TEMP. MOVED Board at O'Farrell/Mason","38, 38R STOP TEMP. MOVED Board at O'Farrell/Mason",STOP_MOVED,2026-10-06T15:00:14.194117+00:00,2026-10-06T22:42:33.658689+00:00,7.705,False,2026-10-06T23:00:15.346950+00:00,13,27,MATCHED
2026-10-06T23:00:15.346950+00:00,SF_15843|54|ALL|13,SF_15843,54,,54 STOP TEMP. MOVED Board at Revere btwn Ingalls & Jennings,54 STOP TEMP. MOVED Board at Revere btwn Ingalls & Jennings,STOP_MOVED,2026-10-06T15:00:14.194117+00:00,2026-10-06T22:42:33.658689+00:00,7.705,False,2026-10-06T23:00:15.346950+00:00,13,27,MATCHED
2026-10-06T23:00:15.346950+00:00,SF_15844|54|ALL|13,SF_15844,54,,54 STOP TEMP. MOVED Board midblock 3rd btwn Revere & Quesada,54 STOP TEMP. MOVED Board midblock 3rd btwn Revere & Quesada,STOP_MOVED,2026-10-06T15:00:14.194117+00:00,2026-10-06T22:42:33.658689+00:00,7.705,False,2026-10-06T23:00:15.346950+00:00,13,27,MATCHED
2026-10-07T00:12:20.927774+00:00,SF_15882|29|ALL|16,SF_15882,29,,29 STOP TEMP. MOVED Board at San Bruno & Paul,29 STOP TEMP. MOVED Board at San Bruno & Paul,STOP_MOVED,2026-10-06T15:00:14.194117+00:00,2026-10-06T23:52:45.250382+00:00,8.875,False,2026-10-07T00:12:20.927774+00:00,16,31,MATCHED
2026-10-07T00:12:20.927774+00:00,SF_15919|19|ALL|7,SF_15919,19,,"19, 27 STOP TEMP. CLOSED Board at Hyde/Grove OR 8th/Howard","19, 27 STOP TEMP. CLOSED Board at Hyde/Grove OR 8th/Howard",STOP_MOVED,2026-10-06T15:00:14.194117+00:00,2026-10-06T23:52:45.250382+00:00,8.875,False,2026-10-07T00:12:20.927774+00:00,7,31,MATCHED
2026-10-07T00:12:20.927774+00:00,SF_15919|27|ALL|7,SF_15919,27,,"19, 27 STOP TEMP. CLOSED Board at Hyde/Grove OR 8th/Howard","19, 27 STOP TEMP. CLOSED Board at Hyde/Grove OR 8th/Howard",STOP_MOVED,2026-10-06T15:00:14.194117+00:00,2026-10-06T23:52:45.250382+00:00,8.875,False,2026-10-07T00:12:20.927774+00:00,7,31,MATCHED
2026-10-07T00:12:20.927774+00:00,SF_15993|8BX|ALL|7,SF_15993,8BX,,"8, 8BX, 9R STOP TEMP. CLOSED Board 100 ft before intersection","8, 8BX, 9R STOP TEMP. CLOSED Board 100 ft before intersection",STOP_MOVED,2026-10-06T15:00:14.194117+00:00,2026-10-06T23:52:45.250382+00:00,8.875,False,2026-10-07T00:12:20.927774+00:00,7,31,MATCHED
2026-10-07T00:12:20.927774+00:00,SF_15993|8|ALL|7,SF_15993,8,,"8, 8BX, 9R STOP TEMP. CLOSED Board 100 ft before intersection","8, 8BX, 9R STOP TEMP. CLOSED Board 100 ft before intersection",STOP_MOVED,2026-10-06T15:00:14.194117+00:00,2026-10-06T23:52:45.250382+00:00,8.875,False,2026-10-07T00:12:20.927774+00:00,7,31,MATCHED
2026-10-07T00:12:20.927774+00:00,SF_15993|9R|ALL|7,SF_15993,9R,,"8, 8BX, 9R STOP TEMP. CLOSED Board 100 ft before intersection","8, 8BX, 9R STOP TEMP. CLOSED Board 100 ft before intersection",STOP_MOVED,2026-10-06T15:00:14.194117+00:00,2026-10-06T23:52:45.250382+00:00,8.875,False,2026-10-07T00:12:20.927774+00:00,7,31,MATCHED
2026-10-07T00:12:20.927774+00:00,SF_16029|55|ALL|2,SF_16029,55,,55 STOP TEMP. CLOSED Board at Carolina,55 STOP TEMP. CLOSED Board at Carolina,STOP_MOVED,2026-10-06T15:00:14.194117+00:00,2026-10-06T23:52:45.250382+00:00,8.875,False,2026-10-07T00:12:20.927774+00:00,2,31,MATCHED
2026-10-07T00:12:20.927774+00:00,SF_16030|12|ALL|2,SF_16030,12,,12 STOP TEMP. CLOSED Board on other side of Hyde,12 STOP TEMP. CLOSED Board on other side of Hyde,STOP_MOVED,2026-10-06T15:00:14.194117+00:00,2026-10-06T23:52:45.250382+00:00,8.875,False,2026-10-07T00:12:20.927774+00:00,2,31,MATCHED
2026-10-07T00:12:20.927774+00:00,SF_16048|29|ALL|2,SF_16048,29,,29 STOP TEMP. MOVED Board: Gilman btwn Jennings & 3rd,29 STOP TEMP. MOVED Board: Gilman btwn Jennings & 3rd,STOP_MOVED,2026-10-06T15:00:14.194117+00:00,2026-10-06T23:52:45.250382+00:00,8.875,False,2026-10-07T00:12:20.927774+00:00,2,31,MATCHED
2026-10-07T00:12:20.927774+00:00,SF_16050|8BX|ALL|2,SF_16050,8BX,,"8, 8BX STOP TEMP. MOVED Board on other side of Broadway","8, 8BX STOP TEMP. MOVED Board on other side of Broadway",STOP_MOVED,2026-10-06T15:00:14.194117+00:00,2026-10-06T23:52:45.250382+00:00,8.875,False,2026-10-07T00:12:20.927774+00:00,2,31,MATCHED
2026-10-07T00:12:20.927774+00:00,SF_16050|8|ALL|2,SF_16050,8,,"8, 8BX STOP TEMP. MOVED Board on other side of Broadway","8, 8BX STOP TEMP. MOVED Board on other side of Broadway",STOP_MOVED,2026-10-06T15:00:14.194117+00:00,2026-10-06T23:52:45.250382+00:00,8.875,False,2026-10-07T00:12:20.927774+00:00,2,31,MATCHED
2026-10-07T00:12:20.927774+00:00,SF_16054|35|ALL|4,SF_16054,35,,35 STOP TEMP. MOVED Board on Douglass/23rd,35 STOP TEMP. MOVED Board on Douglass/23rd,STOP_MOVED,2026-10-06T15:00:14.194117+00:00,2026-10-06T23:52:45.250382+00:00,8.875,False,2026-10-07T00:12:20.927774+00:00,4,31,MATCHED
2026-10-07T00:12:20.927774+00:00,SF_16055|35|ALL|4,SF_16055,35,,35 RRT STOP CLOSED Board on Douglass/22nd,35 RRT STOP CLOSED Board on Douglass/22nd,STOP_CLOSED,2026-10-06T15:00:14.194117+00:00,2026-10-06T23:52:45.250382+00:00,8.875,False,2026-10-07T00:12:20.927774+00:00,4,31,MATCHED
2026-10-07T00:12:20.927774+00:00,SF_16056|35|ALL|4,SF_16056,35,,35 RRT STOP CLOSED Board on Douglass/21st,35 RRT STOP CLOSED Board on Douglass/21st,STOP_CLOSED,2026-10-06T15:00:14.194117+00:00,2026-10-06T23:52:45.250382+00:00,8.875,False,2026-10-07T00:12:20.927774+00:00,4,31,MATCHED
2026-10-07T00:12:20.927774+00:00,SF_16124|35|ALL|2,SF_16124,35,,35 STOP TEMP. MOVED Board at 24th/Douglass,35 STOP TEMP. MOVED Board at 24th/Douglass,STOP_MOVED,2026-10-06T15:00:14.194117+00:00,2026-10-06T23:52:45.250382+00:00,8.875,False,2026-10-07T00:12:20.927774+00:00,2,31,MATCHED
2026-10-06T22:06:31.046523+00:00,SF_15951|14|ALL|4,SF_15951,14,,14 STOP TEMP. CLOSED Board at Mission btwn 7th & 8th,14 STOP TEMP. CLOSED Board at Mission btwn 7th & 8th,STOP_MOVED,2026-10-06T16:13:03.358166+00:00,2026-10-06T21:48:42.683770+00:00,5.594,False,2026-10-06T22:06:31.046523+00:00,4,20,MATCHED
2026-10-06T22:06:31.046523+00:00,SF_15992|33|ALL|3,SF_15992,33,,33 STOP TEMP. CLOSED Board on other side of Castro,33 STOP TEMP. CLOSED Board on other side of Castro,STOP_MOVED,2026-10-06T16:13:03.358166+00:00,2026-10-06T21:48:42.683770+00:00,5.594,False,2026-10-06T22:06:31.046523+00:00,3,20,MATCHED
2026-10-06T22:06:31.046523+00:00,SF_16020|27|ALL|2,SF_16020,27,,"27, 67 STOP TEMP. MOVED Board on the other side of Mission","27, 67 STOP TEMP. MOVED Board on the other side of Mission",STOP_MOVED,2026-10-06T16:13:03.358166+00:00,2026-10-06T21:48:42.683770+00:00,5.594,False,2026-10-06T22:06:31.046523+00:00,2,20,MATCHED
2026-10-06T22:06:31.046523+00:00,SF_16020|67|ALL|2,SF_16020,67,,"27, 67 STOP TEMP. MOVED Board on the other side of Mission","27, 67 STOP TEMP. MOVED Board on the other side of Mission",STOP_MOVED,2026-10-06T16:13:03.358166+00:00,2026-10-06T21:48:42.683770+00:00,5.594,False,2026-10-06T22:06:31.046523+00:00,2,20,MATCHED
2026-10-06T22:06:31.046523+00:00,SF_16021|48|ALL|2,SF_16021,48,,48 STOP TEMP. MOVED Board at 24th/Capp,48 STOP TEMP. MOVED Board at 24th/Capp,STOP_MOVED,2026-10-06T16:13:03.358166+00:00,2026-10-06T21:48:42.683770+00:00,5.594,False,2026-10-06T22:06:31.046523+00:00,2,20,MATCHED
2026-10-06T19:24:23.709017+00:00,SF_16155|1|ALL|1,SF_16155,1,,Delays possible due to overhead power issue west of 6th Ave.,Delays possible due to overhead power issue west of 6th Ave.,DELAY,2026-10-06T17:54:41.212497+00:00,2026-10-06T19:06:17.927837+00:00,1.194,False,2026-10-06T19:24:23.709017+00:00,1,5,MATCHED
2026-10-06T19:24:23.709017+00:00,SF_16155|31|ALL|1,SF_16155,31,,Delays possible due to overhead power issue west of 6th Ave.,Delays possible due to overhead power issue west of 6th Ave.,DELAY,2026-10-06T17:54:41.212497+00:00,2026-10-06T19:06:17.927837+00:00,1.194,False,2026-10-06T19:24:23.709017+00:00,1,5,MATCHED
2026-10-06T19:24:23.709017+00:00,SF_16155|5|ALL|1,SF_16155,5,,Delays possible due to overhead power issue west of 6th Ave.,Delays possible due to overhead power issue west of 6th Ave.,DELAY,2026-10-06T17:54:41.212497+00:00,2026-10-06T19:06:17.927837+00:00,1.194,False,2026-10-06T19:24:23.709017+00:00,1,5,MATCHED
2026-10-06T21:29:56.779297+00:00,SF_16156|F|ALL|1,SF_16156,F,,IB FM blocked at Market and Octavia by emergency vehicles.,IB FM blocked at Market and Octavia by emergency vehicles.,SERVICE_NOTICE,2026-10-06T21:12:36.642239+00:00,2026-10-06T21:12:36.642239+00:00,0.0,False,2026-10-06T21:29:56.779297+00:00,1,1,MATCHED
2026-10-07T01:06:29.147380+00:00,SF_16157|T|ALL|1,SF_16157,T,,NB T delayed at Third and Cargo Way due to a signal issue.,NB T delayed at Third and Cargo Way due to a signal issue.,DELAY,2026-10-07T00:48:07.499979+00:00,2026-10-07T00:48:07.499979+00:00,0.0,False,2026-10-07T01:06:29.147380+00:00,1,1,MATCHED
2026-10-08T03:12:25.853491+00:00,SF_13205|2|ALL|20,SF_13205,2,,2 STOP TEMP. MOVED Board at Hyde OR Polk,2 STOP TEMP. MOVED Board at Hyde OR Polk,STOP_MOVED,2026-10-07T13:06:26.864016+00:00,2026-10-08T02:54:17.037064+00:00,13.797,False,2026-10-08T03:12:25.853491+00:00,20,43,MATCHED
2026-10-08T05:18:40.583909+00:00,SF_16001|12|ALL|10,SF_16001,12,,12 STOP TEMP. MOVED Board at Folsom/Mabini,12 STOP TEMP. MOVED Board at Folsom/Mabini,STOP_MOVED,2026-10-07T13:06:26.864016+00:00,2026-10-08T04:59:56.459675+00:00,15.892,False,2026-10-08T05:18:40.583909+00:00,10,50,MATCHED
2026-10-08T05:18:40.583909+00:00,SF_16002|12|ALL|10,SF_16002,12,,12 STOP TEMP. MOVED Board at Folsom/2nd island stop,12 STOP TEMP. MOVED Board at Folsom/2nd island stop,STOP_MOVED,2026-10-07T13:06:26.864016+00:00,2026-10-08T04:59:56.459675+00:00,15.892,False,2026-10-08T05:18:40.583909+00:00,10,50,MATCHED
2026-10-08T05:18:40.583909+00:00,SF_16051|23|ALL|3,SF_16051,23,,23 STOP TEMP. MOVED Board on other side of 19th,23 STOP TEMP. MOVED Board on other side of 19th,STOP_MOVED,2026-10-07T13:06:26.864016+00:00,2026-10-08T04:59:56.459675+00:00,15.892,False,2026-10-08T05:18:40.583909+00:00,3,50,MATCHED
2026-10-07T23:12:48.822567+00:00,SF_16125|25|ALL|1,SF_16125,25,,25 STOP TEMP. CLOSED Board on other side of Avenue H,25 STOP TEMP. CLOSED Board on other side of Avenue H,STOP_MOVED,2026-10-07T13:06:26.864016+00:00,2026-10-07T22:54:26.097468+00:00,9.8,False,2026-10-07T23:12:48.822567+00:00,1,30,MATCHED
2026-10-08T06:12:40.146820+00:00,SF_15679|PM|ALL|20,SF_15679,PM,,Cable Car STOP TEMP. MOVED Board: other side of Broadway,Cable Car STOP TEMP. MOVED Board: other side of Broadway,STOP_MOVED,2026-10-07T14:00:39.452716+00:00,2026-10-08T05:54:43.952138+00:00,15.901,False,2026-10-08T06:12:40.146820+00:00,20,50,MATCHED
2026-10-08T00:06:33.748330+00:00,SF_16108|29|ALL|1,SF_16108,29,,29 STOP TEMP. CLOSED Board at Holloway/Stratford,29 STOP TEMP. CLOSED Board at Holloway/Stratford,STOP_MOVED,2026-10-07T14:00:39.452716+00:00,2026-10-07T23:48:10.879247+00:00,9.792,False,2026-10-08T00:06:33.748330+00:00,1,30,MATCHED
2026-10-07T15:18:01.819287+00:00,1183032519|NETWORK_WIDE|ALL|1,1183032519,,,K-Ingleside Line Blocked at Sloat Blvd and 19th Ave,"SF Muni reports K-Ingleside Line blocked at Sloat Blvd and 19th Ave, due to a stalled vehicle. K trains routing via the M-Ocean View Line in the outbound direction . Bus shuttles supporting service in both directions between West Portal and Balboa Park.",SERVICE_NOTICE,2026-10-07T14:36:14.855981+00:00,2026-10-07T14:54:36.477283+00:00,0.306,False,2026-10-07T15:18:01.819287+00:00,1,2,NETWORK_WIDE
2026-10-07T17:30:36.277273+00:00,SF_16161|K|ALL|1,SF_16161,K,,Use K bus shuttles btwn W. Portal & Balboa Park,Use K bus shuttles btwn W. Portal & Balboa Park,SERVICE_NOTICE,2026-10-07T14:36:14.855981+00:00,2026-10-07T17:03:50.322945+00:00,2.46,False,2026-10-07T17:30:36.277273+00:00,1,9,MATCHED
2026-10-07T17:30:36.277273+00:00,SF_16162|K|ALL|1,SF_16162,K,,K Line blocked by disabled big rig at Sloat. Use bus shuttles or M Line,K Line blocked by disabled big rig at Sloat. Use bus shuttles or M Line,SERVICE_NOTICE,2026-10-07T14:36:14.855981+00:00,2026-10-07T17:03:50.322945+00:00,2.46,False,2026-10-07T17:30:36.277273+00:00,1,9,MATCHED
2026-10-08T00:06:33.748330+00:00,SF_15661|43|ALL|14,SF_15661,43,,43 STOP TEMP. MOVED Board at Gennessee/Judson,43 STOP TEMP. MOVED Board at Gennessee/Judson,STOP_MOVED,2026-10-07T15:18:01.819287+00:00,2026-10-07T23:48:10.879247+00:00,8.503,False,2026-10-08T00:06:33.748330+00:00,14,26,MATCHED
2026-10-07T23:12:48.822567+00:00,SF_15843|54|ALL|14,SF_15843,54,,54 STOP TEMP. MOVED Board at Revere btwn Ingalls & Jennings,54 STOP TEMP. MOVED Board at Revere btwn Ingalls & Jennings,STOP_MOVED,2026-10-07T15:18:01.819287+00:00,2026-10-07T22:54:26.097468+00:00,7.607,False,2026-10-07T23:12:48.822567+00:00,14,23,MATCHED
2026-10-07T23:12:48.822567+00:00,SF_15844|54|ALL|14,SF_15844,54,,54 STOP TEMP. MOVED Board midblock 3rd btwn Revere & Quesada,54 STOP TEMP. MOVED Board midblock 3rd btwn Revere & Quesada,STOP_MOVED,2026-10-07T15:18:01.819287+00:00,2026-10-07T22:54:26.097468+00:00,7.607,False,2026-10-07T23:12:48.822567+00:00,14,23,MATCHED
2026-10-08T00:06:33.748330+00:00,SF_15882|29|ALL|17,SF_15882,29,,29 STOP TEMP. MOVED Board at San Bruno & Paul,29 STOP TEMP. MOVED Board at San Bruno & Paul,STOP_MOVED,2026-10-07T15:18:01.819287+00:00,2026-10-07T23:48:10.879247+00:00,8.503,False,2026-10-08T00:06:33.748330+00:00,17,26,MATCHED
2026-10-08T00:06:33.748330+00:00,SF_15919|19|ALL|8,SF_15919,19,,"19, 27 STOP TEMP. CLOSED Board at Hyde/Grove OR 8th/Howard","19, 27 STOP TEMP. CLOSED Board at Hyde/Grove OR 8th/Howard",STOP_MOVED,2026-10-07T15:18:01.819287+00:00,2026-10-07T23:48:10.879247+00:00,8.503,False,2026-10-08T00:06:33.748330+00:00,8,26,MATCHED
2026-10-08T00:06:33.748330+00:00,SF_15919|27|ALL|8,SF_15919,27,,"19, 27 STOP TEMP. CLOSED Board at Hyde/Grove OR 8th/Howard","19, 27 STOP TEMP. CLOSED Board at Hyde/Grove OR 8th/Howard",STOP_MOVED,2026-10-07T15:18:01.819287+00:00,2026-10-07T23:48:10.879247+00:00,8.503,False,2026-10-08T00:06:33.748330+00:00,8,26,MATCHED
2026-10-08T00:06:33.748330+00:00,SF_16029|55|ALL|3,SF_16029,55,,55 STOP TEMP. CLOSED Board at Carolina,55 STOP TEMP. CLOSED Board at Carolina,STOP_MOVED,2026-10-07T15:18:01.819287+00:00,2026-10-07T23:48:10.879247+00:00,8.503,False,2026-10-08T00:06:33.748330+00:00,3,26,MATCHED
2026-10-08T00:06:33.748330+00:00,SF_16030|12|ALL|3,SF_16030,12,,12 STOP TEMP. CLOSED Board on other side of Hyde,12 STOP TEMP. CLOSED Board on other side of Hyde,STOP_MOVED,2026-10-07T15:18:01.819287+00:00,2026-10-07T23:48:10.879247+00:00,8.503,False,2026-10-08T00:06:33.748330+00:00,3,26,MATCHED
2026-10-08T00:06:33.748330+00:00,SF_16048|29|ALL|3,SF_16048,29,,29 STOP TEMP. MOVED Board: Gilman btwn Jennings & 3rd,29 STOP TEMP. MOVED Board: Gilman btwn Jennings & 3rd,STOP_MOVED,2026-10-07T15:18:01.819287+00:00,2026-10-07T23:48:10.879247+00:00,8.503,False,2026-10-08T00:06:33.748330+00:00,3,26,MATCHED
2026-10-08T00:06:33.748330+00:00,SF_16050|8BX|ALL|3,SF_16050,8BX,,"8, 8BX STOP TEMP. MOVED Board on other side of Broadway","8, 8BX STOP TEMP. MOVED Board on other side of Broadway",STOP_MOVED,2026-10-07T15:18:01.819287+00:00,2026-10-07T23:48:10.879247+00:00,8.503,False,2026-10-08T00:06:33.748330+00:00,3,26,MATCHED
2026-10-08T00:06:33.748330+00:00,SF_16050|8|ALL|3,SF_16050,8,,"8, 8BX STOP TEMP. MOVED Board on other side of Broadway","8, 8BX STOP TEMP. MOVED Board on other side of Broadway",STOP_MOVED,2026-10-07T15:18:01.819287+00:00,2026-10-07T23:48:10.879247+00:00,8.503,False,2026-10-08T00:06:33.748330+00:00,3,26,MATCHED
2026-10-08T00:06:33.748330+00:00,SF_16054|35|ALL|5,SF_16054,35,,35 STOP TEMP. MOVED Board on Douglass/23rd,35 STOP TEMP. MOVED Board on Douglass/23rd,STOP_MOVED,2026-10-07T15:18:01.819287+00:00,2026-10-07T23:48:10.879247+00:00,8.503,False,2026-10-08T00:06:33.748330+00:00,5,26,MATCHED
2026-10-08T00:06:33.748330+00:00,SF_16055|35|ALL|5,SF_16055,35,,35 RRT STOP CLOSED Board on Douglass/22nd,35 RRT STOP CLOSED Board on Douglass/22nd,STOP_CLOSED,2026-10-07T15:18:01.819287+00:00,2026-10-07T23:48:10.879247+00:00,8.503,False,2026-10-08T00:06:33.748330+00:00,5,26,MATCHED
2026-10-08T00:06:33.748330+00:00,SF_16056|35|ALL|5,SF_16056,35,,35 RRT STOP CLOSED Board on Douglass/21st,35 RRT STOP CLOSED Board on Douglass/21st,STOP_CLOSED,2026-10-07T15:18:01.819287+00:00,2026-10-07T23:48:10.879247+00:00,8.503,False,2026-10-08T00:06:33.748330+00:00,5,26,MATCHED
2026-10-08T00:06:33.748330+00:00,SF_16109|28|ALL|1,SF_16109,28,,"28, 30, 49 STOP TEMP. CLOSED Board at Van Ness/Bay","28, 30, 49 STOP TEMP. CLOSED Board at Van Ness/Bay",STOP_MOVED,2026-10-07T15:18:01.819287+00:00,2026-10-07T23:48:10.879247+00:00,8.503,False,2026-10-08T00:06:33.748330+00:00,1,26,MATCHED
2026-10-08T00:06:33.748330+00:00,SF_16109|30|ALL|1,SF_16109,30,,"28, 30, 49 STOP TEMP. CLOSED Board at Van Ness/Bay","28, 30, 49 STOP TEMP. CLOSED Board at Van Ness/Bay",STOP_MOVED,2026-10-07T15:18:01.819287+00:00,2026-10-07T23:48:10.879247+00:00,8.503,False,2026-10-08T00:06:33.748330+00:00,1,26,MATCHED
2026-10-08T00:06:33.748330+00:00,SF_16109|49|ALL|1,SF_16109,49,,"28, 30, 49 STOP TEMP. CLOSED Board at Van Ness/Bay","28, 30, 49 STOP TEMP. CLOSED Board at Van Ness/Bay",STOP_MOVED,2026-10-07T15:18:01.819287+00:00,2026-10-07T23:48:10.879247+00:00,8.503,False,2026-10-08T00:06:33.748330+00:00,1,26,MATCHED
2026-10-08T00:06:33.748330+00:00,SF_16124|35|ALL|3,SF_16124,35,,35 STOP TEMP. MOVED Board at 24th/Douglass,35 STOP TEMP. MOVED Board at 24th/Douglass,STOP_MOVED,2026-10-07T15:18:01.819287+00:00,2026-10-07T23:48:10.879247+00:00,8.503,False,2026-10-08T00:06:33.748330+00:00,3,26,MATCHED
2026-10-07T22:00:23.373826+00:00,SF_15951|14|ALL|5,SF_15951,14,,14 STOP TEMP. CLOSED Board at Mission btwn 7th & 8th,14 STOP TEMP. CLOSED Board at Mission btwn 7th & 8th,STOP_MOVED,2026-10-07T16:13:08.161774+00:00,2026-10-07T21:42:48.390713+00:00,5.495,False,2026-10-07T22:00:23.373826+00:00,5,17,MATCHED
2026-10-07T22:00:23.373826+00:00,SF_15992|33|ALL|4,SF_15992,33,,33 STOP TEMP. CLOSED Board on other side of Castro,33 STOP TEMP. CLOSED Board on other side of Castro,STOP_MOVED,2026-10-07T16:13:08.161774+00:00,2026-10-07T21:42:48.390713+00:00,5.495,False,2026-10-07T22:00:23.373826+00:00,4,17,MATCHED
2026-10-07T22:00:23.373826+00:00,SF_16020|27|ALL|3,SF_16020,27,,"27, 67 STOP TEMP. MOVED Board on the other side of Mission","27, 67 STOP TEMP. MOVED Board on the other side of Mission",STOP_MOVED,2026-10-07T16:13:08.161774+00:00,2026-10-07T21:42:48.390713+00:00,5.495,False,2026-10-07T22:00:23.373826+00:00,3,17,MATCHED
2026-10-07T22:00:23.373826+00:00,SF_16020|67|ALL|3,SF_16020,67,,"27, 67 STOP TEMP. MOVED Board on the other side of Mission","27, 67 STOP TEMP. MOVED Board on the other side of Mission",STOP_MOVED,2026-10-07T16:13:08.161774+00:00,2026-10-07T21:42:48.390713+00:00,5.495,False,2026-10-07T22:00:23.373826+00:00,3,17,MATCHED
2026-10-07T22:00:23.373826+00:00,SF_16021|48|ALL|3,SF_16021,48,,48 STOP TEMP. MOVED Board at 24th/Capp,48 STOP TEMP. MOVED Board at 24th/Capp,STOP_MOVED,2026-10-07T16:13:08.161774+00:00,2026-10-07T21:42:48.390713+00:00,5.495,False,2026-10-07T22:00:23.373826+00:00,3,17,MATCHED
2026-10-07T19:06:42.857483+00:00,SF_16164|J|ALL|1,SF_16164,J,,Civic Center platform elevator not in service,Civic Center platform elevator not in service,SERVICE_NOTICE,2026-10-07T17:30:36.277273+00:00,2026-10-07T18:50:32.173327+00:00,1.332,False,2026-10-07T19:06:42.857483+00:00,1,4,MATCHED
2026-10-07T19:06:42.857483+00:00,SF_16164|K|ALL|1,SF_16164,K,,Civic Center platform elevator not in service,Civic Center platform elevator not in service,SERVICE_NOTICE,2026-10-07T17:30:36.277273+00:00,2026-10-07T18:50:32.173327+00:00,1.332,False,2026-10-07T19:06:42.857483+00:00,1,4,MATCHED
2026-10-07T19:06:42.857483+00:00,SF_16164|L|ALL|1,SF_16164,L,,Civic Center platform elevator not in service,Civic Center platform elevator not in service,SERVICE_NOTICE,2026-10-07T17:30:36.277273+00:00,2026-10-07T18:50:32.173327+00:00,1.332,False,2026-10-07T19:06:42.857483+00:00,1,4,MATCHED
2026-10-07T19:06:42.857483+00:00,SF_16164|M|ALL|1,SF_16164,M,,Civic Center platform elevator not in service,Civic Center platform elevator not in service,SERVICE_NOTICE,2026-10-07T17:30:36.277273+00:00,2026-10-07T18:50:32.173327+00:00,1.332,False,2026-10-07T19:06:42.857483+00:00,1,4,MATCHED
2026-10-07T19:06:42.857483+00:00,SF_16164|N|ALL|1,SF_16164,N,,Civic Center platform elevator not in service,Civic Center platform elevator not in service,SERVICE_NOTICE,2026-10-07T17:30:36.277273+00:00,2026-10-07T18:50:32.173327+00:00,1.332,False,2026-10-07T19:06:42.857483+00:00,1,4,MATCHED
2026-10-07T23:48:10.879247+00:00,SF_16165|PM|ALL|1,SF_16165,PM,,Mason Cable Car Line is currently down due to a cable issue.,Mason Cable Car Line is currently down due to a cable issue.,SERVICE_NOTICE,2026-10-07T20:18:47.397357+00:00,2026-10-07T23:30:40.597906+00:00,3.198,False,2026-10-07T23:48:10.879247+00:00,1,10,MATCHED
2026-10-08T07:06:29.943717+00:00,1183206953|NETWORK_WIDE|ALL|1,1183206953,,,Mason and Powell Cable Car Lines Currently Down,"As of 5:57 PM, SF Muni reports that the Mason and Powell cable car lines are down, due to a cable issue. Bus shuttles will provide service along the Mason and Powell lines.",SERVICE_NOTICE,2026-10-07T20:54:05.616179+00:00,2026-10-08T06:48:31.755237+00:00,9.907,False,2026-10-08T07:06:29.943717+00:00,1,32,NETWORK_WIDE
2026-10-08T01:00:49.373458+00:00,SF_16166|PM|ALL|1,SF_16166,PM,,Mason Cable Car Line is currently down due to a cable issue.,Mason Cable Car Line is currently down due to a cable issue.,SERVICE_NOTICE,2026-10-07T23:48:10.879247+00:00,2026-10-08T00:42:58.939877+00:00,0.913,False,2026-10-08T01:00:49.373458+00:00,1,4,MATCHED
2026-10-08T06:12:40.146820+00:00,SF_16167|PM|ALL|1,SF_16167,PM,,Bus shuttles supporting service.,Bus shuttles supporting service.,SERVICE_NOTICE,2026-10-07T23:48:10.879247+00:00,2026-10-08T05:54:43.952138+00:00,6.109,False,2026-10-08T06:12:40.146820+00:00,1,21,MATCHED
2026-10-08T06:12:40.146820+00:00,SF_16168|PH|ALL|1,SF_16168,PH,,Hyde line switching back at Powell/Washington due to cable issue,Hyde line switching back at Powell/Washington due to cable issue,SERVICE_NOTICE,2026-10-07T23:48:10.879247+00:00,2026-10-08T05:54:43.952138+00:00,6.109,False,2026-10-08T06:12:40.146820+00:00,1,21,MATCHED
2026-10-08T07:06:29.943717+00:00,SF_16169|T|ALL|1,SF_16169,T,,SB/NB #TThird experiencing residual delays due to heavy traffic.,SB/NB #TThird experiencing residual delays due to heavy traffic.,DELAY,2026-10-07T23:48:10.879247+00:00,2026-10-08T06:48:31.755237+00:00,7.006,False,2026-10-08T07:06:29.943717+00:00,1,24,MATCHED
2026-10-08T07:06:29.943717+00:00,SF_16171|30X|ALL|1,SF_16171,30X,,STOP TEMP. MOVED Board on other side of Mission,STOP TEMP. MOVED Board on other side of Mission,STOP_MOVED,2026-10-08T00:24:47.784819+00:00,2026-10-08T06:48:31.755237+00:00,6.396,False,2026-10-08T07:06:29.943717+00:00,1,22,MATCHED
2026-10-08T07:06:29.943717+00:00,SF_16171|38R|ALL|1,SF_16171,38R,,STOP TEMP. MOVED Board on other side of Mission,STOP TEMP. MOVED Board on other side of Mission,STOP_MOVED,2026-10-08T00:24:47.784819+00:00,2026-10-08T06:48:31.755237+00:00,6.396,False,2026-10-08T07:06:29.943717+00:00,1,22,MATCHED
2026-10-08T07:06:29.943717+00:00,SF_16171|38|ALL|1,SF_16171,38,,STOP TEMP. MOVED Board on other side of Mission,STOP TEMP. MOVED Board on other side of Mission,STOP_MOVED,2026-10-08T00:24:47.784819+00:00,2026-10-08T06:48:31.755237+00:00,6.396,False,2026-10-08T07:06:29.943717+00:00,1,22,MATCHED
2026-10-08T07:06:29.943717+00:00,SF_16171|5R|ALL|1,SF_16171,5R,,STOP TEMP. MOVED Board on other side of Mission,STOP TEMP. MOVED Board on other side of Mission,STOP_MOVED,2026-10-08T00:24:47.784819+00:00,2026-10-08T06:48:31.755237+00:00,6.396,False,2026-10-08T07:06:29.943717+00:00,1,22,MATCHED
2026-10-08T07:06:29.943717+00:00,SF_16171|5|ALL|1,SF_16171,5,,STOP TEMP. MOVED Board on other side of Mission,STOP TEMP. MOVED Board on other side of Mission,STOP_MOVED,2026-10-08T00:24:47.784819+00:00,2026-10-08T06:48:31.755237+00:00,6.396,False,2026-10-08T07:06:29.943717+00:00,1,22,MATCHED
2026-10-08T07:06:29.943717+00:00,SF_16171|7|ALL|1,SF_16171,7,,STOP TEMP. MOVED Board on other side of Mission,STOP TEMP. MOVED Board on other side of Mission,STOP_MOVED,2026-10-08T00:24:47.784819+00:00,2026-10-08T06:48:31.755237+00:00,6.396,False,2026-10-08T07:06:29.943717+00:00,1,22,MATCHED
2026-10-08T06:12:40.146820+00:00,SF_16173|PH|ALL|1,SF_16173,PH,,Mason & Powell lines down for the night. Use bus shuttles.,Mason & Powell lines down for the night. Use bus shuttles.,SERVICE_NOTICE,2026-10-08T01:00:49.373458+00:00,2026-10-08T05:54:43.952138+00:00,4.898,False,2026-10-08T06:12:40.146820+00:00,1,17,MATCHED
2026-10-08T08:42:26.660525+00:00,SF_16172|14|ALL|1,SF_16172,14,,"14, 49 STOP TEMP. MOVED Board at Mision/Plum","14, 49 STOP TEMP. MOVED Board at Mision/Plum",STOP_MOVED,2026-10-08T07:06:29.943717+00:00,2026-10-08T08:24:27.563677+00:00,1.299,False,2026-10-08T08:42:26.660525+00:00,1,6,MATCHED
2026-10-08T08:42:26.660525+00:00,SF_16172|49|ALL|1,SF_16172,49,,"14, 49 STOP TEMP. MOVED Board at Mision/Plum","14, 49 STOP TEMP. MOVED Board at Mision/Plum",STOP_MOVED,2026-10-08T07:06:29.943717+00:00,2026-10-08T08:24:27.563677+00:00,1.299,False,2026-10-08T08:42:26.660525+00:00,1,6,MATCHED
2026-10-10T08:39:42.142147+00:00,SF_13513|14|ALL|3,SF_13513,14,,14 STOP TEMP. MOVED Board at Mission/Beale OR Steuart/Mission,14 STOP TEMP. MOVED Board at Mission/Beale OR Steuart/Mission,STOP_MOVED,2026-10-08T09:00:18.824342+00:00,2026-10-10T08:39:42.142147+00:00,47.656,True,,3,142,MATCHED
2026-10-10T08:39:42.142147+00:00,SF_14956|18|ALL|3,SF_14956,18,,STOP PERMANENTLY MOVED Board at stop island,STOP PERMANENTLY MOVED Board at stop island,STOP_MOVED,2026-10-08T09:00:18.824342+00:00,2026-10-10T08:39:42.142147+00:00,47.656,True,,3,142,MATCHED
2026-10-10T08:39:42.142147+00:00,SF_14956|29|ALL|3,SF_14956,29,,STOP PERMANENTLY MOVED Board at stop island,STOP PERMANENTLY MOVED Board at stop island,STOP_MOVED,2026-10-08T09:00:18.824342+00:00,2026-10-10T08:39:42.142147+00:00,47.656,True,,3,142,MATCHED
2026-10-10T08:39:42.142147+00:00,SF_14956|57|ALL|3,SF_14956,57,,STOP PERMANENTLY MOVED Board at stop island,STOP PERMANENTLY MOVED Board at stop island,STOP_MOVED,2026-10-08T09:00:18.824342+00:00,2026-10-10T08:39:42.142147+00:00,47.656,True,,3,142,MATCHED
2026-10-10T08:39:42.142147+00:00,SF_14956|58|ALL|3,SF_14956,58,,STOP PERMANENTLY MOVED Board at stop island,STOP PERMANENTLY MOVED Board at stop island,STOP_MOVED,2026-10-08T09:00:18.824342+00:00,2026-10-10T08:39:42.142147+00:00,47.656,True,,3,142,MATCHED
2026-10-10T08:39:42.142147+00:00,SF_15922|1|ALL|3,SF_15922,1,,1 STOP TEMP. CLOSED Board at Clay/Jones OR Clay/Mason,1 STOP TEMP. CLOSED Board at Clay/Jones OR Clay/Mason,STOP_MOVED,2026-10-08T09:00:18.824342+00:00,2026-10-10T08:39:42.142147+00:00,47.656,True,,3,142,MATCHED
2026-10-10T07:08:47.480885+00:00,SF_15991|24|ALL|3,SF_15991,24,,24 STOP TEMP. CLOSED Board on other side of Steiner,24 STOP TEMP. CLOSED Board on other side of Steiner,STOP_MOVED,2026-10-08T09:00:18.824342+00:00,2026-10-10T06:51:11.088396+00:00,45.848,False,2026-10-10T07:08:47.480885+00:00,3,136,MATCHED
2026-10-08T17:24:51.012342+00:00,SF_16040|J|ALL|3,SF_16040,J,,Van Ness	Platform Elevator	Out of Service,Van Ness	Platform Elevator	Out of Service,SERVICE_NOTICE,2026-10-08T09:00:18.824342+00:00,2026-10-08T17:06:15.356721+00:00,8.099,False,2026-10-08T17:24:51.012342+00:00,3,28,MATCHED
2026-10-08T17:24:51.012342+00:00,SF_16040|K|ALL|3,SF_16040,K,,Van Ness	Platform Elevator	Out of Service,Van Ness	Platform Elevator	Out of Service,SERVICE_NOTICE,2026-10-08T09:00:18.824342+00:00,2026-10-08T17:06:15.356721+00:00,8.099,False,2026-10-08T17:24:51.012342+00:00,3,28,MATCHED
2026-10-08T17:24:51.012342+00:00,SF_16040|L|ALL|3,SF_16040,L,,Van Ness	Platform Elevator	Out of Service,Van Ness	Platform Elevator	Out of Service,SERVICE_NOTICE,2026-10-08T09:00:18.824342+00:00,2026-10-08T17:06:15.356721+00:00,8.099,False,2026-10-08T17:24:51.012342+00:00,3,28,MATCHED
2026-10-08T17:24:51.012342+00:00,SF_16040|M|ALL|3,SF_16040,M,,Van Ness	Platform Elevator	Out of Service,Van Ness	Platform Elevator	Out of Service,SERVICE_NOTICE,2026-10-08T09:00:18.824342+00:00,2026-10-08T17:06:15.356721+00:00,8.099,False,2026-10-08T17:24:51.012342+00:00,3,28,MATCHED
2026-10-08T17:24:51.012342+00:00,SF_16040|N|ALL|3,SF_16040,N,,Van Ness	Platform Elevator	Out of Service,Van Ness	Platform Elevator	Out of Service,SERVICE_NOTICE,2026-10-08T09:00:18.824342+00:00,2026-10-08T17:06:15.356721+00:00,8.099,False,2026-10-08T17:24:51.012342+00:00,3,28,MATCHED
2026-10-10T08:39:42.142147+00:00,SF_16126|44|ALL|2,SF_16126,44,,44 STOP TEMP. CLOSED Board at Silver & Augusta,44 STOP TEMP. CLOSED Board at Silver & Augusta,STOP_MOVED,2026-10-08T09:00:18.824342+00:00,2026-10-10T08:39:42.142147+00:00,47.656,True,,2,142,MATCHED
2026-10-10T07:08:47.480885+00:00,SF_16127|9|ALL|2,SF_16127,9,,9 STOP TEMP. MOVED Board at 11th/Minna,9 STOP TEMP. MOVED Board at 11th/Minna,STOP_MOVED,2026-10-08T09:00:18.824342+00:00,2026-10-10T06:51:11.088396+00:00,45.848,False,2026-10-10T07:08:47.480885+00:00,2,136,MATCHED
2026-10-10T08:39:42.142147+00:00,SF_16172|14|ALL|2,SF_16172,14,,"14, 49 STOP TEMP. MOVED Board at Mision/Plum","14, 49 STOP TEMP. MOVED Board at Mision/Plum",STOP_MOVED,2026-10-08T09:00:18.824342+00:00,2026-10-10T08:39:42.142147+00:00,47.656,True,,2,142,MATCHED
2026-10-10T08:39:42.142147+00:00,SF_16172|49|ALL|2,SF_16172,49,,"14, 49 STOP TEMP. MOVED Board at Mision/Plum","14, 49 STOP TEMP. MOVED Board at Mision/Plum",STOP_MOVED,2026-10-08T09:00:18.824342+00:00,2026-10-10T08:39:42.142147+00:00,47.656,True,,2,142,MATCHED
2026-10-09T07:06:20.263350+00:00,SF_16163|29|ALL|1,SF_16163,29,,29 STOP TEMP. MOVED Board btwn California and Clement,29 STOP TEMP. MOVED Board btwn California and Clement,STOP_MOVED,2026-10-08T12:00:23.815985+00:00,2026-10-09T06:48:21.516543+00:00,18.799,False,2026-10-09T07:06:20.263350+00:00,1,58,MATCHED
2026-10-09T03:06:30.388418+00:00,SF_13205|2|ALL|21,SF_13205,2,,2 STOP TEMP. MOVED Board at Hyde OR Polk,2 STOP TEMP. MOVED Board at Hyde OR Polk,STOP_MOVED,2026-10-08T13:12:37.839195+00:00,2026-10-09T02:48:42.238855+00:00,13.601,False,2026-10-09T03:06:30.388418+00:00,21,41,MATCHED
2026-10-09T05:12:25.098523+00:00,SF_16001|12|ALL|11,SF_16001,12,,12 STOP TEMP. MOVED Board at Folsom/Mabini,12 STOP TEMP. MOVED Board at Folsom/Mabini,STOP_MOVED,2026-10-08T13:12:37.839195+00:00,2026-10-09T04:55:26.522886+00:00,15.714,False,2026-10-09T05:12:25.098523+00:00,11,48,MATCHED
2026-10-09T05:12:25.098523+00:00,SF_16002|12|ALL|11,SF_16002,12,,12 STOP TEMP. MOVED Board at Folsom/2nd island stop,12 STOP TEMP. MOVED Board at Folsom/2nd island stop,STOP_MOVED,2026-10-08T13:12:37.839195+00:00,2026-10-09T04:55:26.522886+00:00,15.714,False,2026-10-09T05:12:25.098523+00:00,11,48,MATCHED
2026-10-09T05:12:25.098523+00:00,SF_16051|23|ALL|4,SF_16051,23,,23 STOP TEMP. MOVED Board on other side of 19th,23 STOP TEMP. MOVED Board on other side of 19th,STOP_MOVED,2026-10-08T13:12:37.839195+00:00,2026-10-09T04:55:26.522886+00:00,15.714,False,2026-10-09T05:12:25.098523+00:00,4,48,MATCHED
2026-10-08T23:12:54.227109+00:00,SF_16125|25|ALL|2,SF_16125,25,,25 STOP TEMP. CLOSED Board on other side of Avenue H,25 STOP TEMP. CLOSED Board on other side of Avenue H,STOP_MOVED,2026-10-08T13:12:37.839195+00:00,2026-10-08T22:54:12.120443+00:00,9.693,False,2026-10-08T23:12:54.227109+00:00,2,28,MATCHED
2026-10-09T06:12:42.831007+00:00,SF_15679|PM|ALL|21,SF_15679,PM,,Cable Car STOP TEMP. MOVED Board: other side of Broadway,Cable Car STOP TEMP. MOVED Board: other side of Broadway,STOP_MOVED,2026-10-08T14:04:02.907617+00:00,2026-10-09T05:54:57.098132+00:00,15.848,False,2026-10-09T06:12:42.831007+00:00,21,48,MATCHED
2026-10-09T00:06:30.842109+00:00,SF_15661|43|ALL|15,SF_15661,43,,43 STOP TEMP. MOVED Board at Gennessee/Judson,43 STOP TEMP. MOVED Board at Gennessee/Judson,STOP_MOVED,2026-10-08T15:00:45.279622+00:00,2026-10-08T23:48:17.243783+00:00,8.792,False,2026-10-09T00:06:30.842109+00:00,15,25,MATCHED
2026-10-08T23:12:54.227109+00:00,SF_15843|54|ALL|15,SF_15843,54,,54 STOP TEMP. MOVED Board at Revere btwn Ingalls & Jennings,54 STOP TEMP. MOVED Board at Revere btwn Ingalls & Jennings,STOP_MOVED,2026-10-08T15:00:45.279622+00:00,2026-10-08T22:54:12.120443+00:00,7.891,False,2026-10-08T23:12:54.227109+00:00,15,22,MATCHED
2026-10-08T23:12:54.227109+00:00,SF_15844|54|ALL|15,SF_15844,54,,54 STOP TEMP. MOVED Board midblock 3rd btwn Revere & Quesada,54 STOP TEMP. MOVED Board midblock 3rd btwn Revere & Quesada,STOP_MOVED,2026-10-08T15:00:45.279622+00:00,2026-10-08T22:54:12.120443+00:00,7.891,False,2026-10-08T23:12:54.227109+00:00,15,22,MATCHED
2026-10-09T00:06:30.842109+00:00,SF_15882|29|ALL|18,SF_15882,29,,29 STOP TEMP. MOVED Board at San Bruno & Paul,29 STOP TEMP. MOVED Board at San Bruno & Paul,STOP_MOVED,2026-10-08T15:00:45.279622+00:00,2026-10-08T23:48:17.243783+00:00,8.792,False,2026-10-09T00:06:30.842109+00:00,18,25,MATCHED
2026-10-09T00:06:30.842109+00:00,SF_15919|19|ALL|9,SF_15919,19,,"19, 27 STOP TEMP. CLOSED Board at Hyde/Grove OR 8th/Howard","19, 27 STOP TEMP. CLOSED Board at Hyde/Grove OR 8th/Howard",STOP_MOVED,2026-10-08T15:00:45.279622+00:00,2026-10-08T23:48:17.243783+00:00,8.792,False,2026-10-09T00:06:30.842109+00:00,9,25,MATCHED
2026-10-09T00:06:30.842109+00:00,SF_15919|27|ALL|9,SF_15919,27,,"19, 27 STOP TEMP. CLOSED Board at Hyde/Grove OR 8th/Howard","19, 27 STOP TEMP. CLOSED Board at Hyde/Grove OR 8th/Howard",STOP_MOVED,2026-10-08T15:00:45.279622+00:00,2026-10-08T23:48:17.243783+00:00,8.792,False,2026-10-09T00:06:30.842109+00:00,9,25,MATCHED
2026-10-09T00:06:30.842109+00:00,SF_16030|12|ALL|4,SF_16030,12,,12 STOP TEMP. CLOSED Board on other side of Hyde,12 STOP TEMP. CLOSED Board on other side of Hyde,STOP_MOVED,2026-10-08T15:00:45.279622+00:00,2026-10-08T23:48:17.243783+00:00,8.792,False,2026-10-09T00:06:30.842109+00:00,4,25,MATCHED
2026-10-09T00:06:30.842109+00:00,SF_16048|29|ALL|4,SF_16048,29,,29 STOP TEMP. MOVED Board: Gilman btwn Jennings & 3rd,29 STOP TEMP. MOVED Board: Gilman btwn Jennings & 3rd,STOP_MOVED,2026-10-08T15:00:45.279622+00:00,2026-10-08T23:48:17.243783+00:00,8.792,False,2026-10-09T00:06:30.842109+00:00,4,25,MATCHED
2026-10-09T00:06:30.842109+00:00,SF_16050|8BX|ALL|4,SF_16050,8BX,,"8, 8BX STOP TEMP. MOVED Board on other side of Broadway","8, 8BX STOP TEMP. MOVED Board on other side of Broadway",STOP_MOVED,2026-10-08T15:00:45.279622+00:00,2026-10-08T23:48:17.243783+00:00,8.792,False,2026-10-09T00:06:30.842109+00:00,4,25,MATCHED
2026-10-09T00:06:30.842109+00:00,SF_16050|8|ALL|4,SF_16050,8,,"8, 8BX STOP TEMP. MOVED Board on other side of Broadway","8, 8BX STOP TEMP. MOVED Board on other side of Broadway",STOP_MOVED,2026-10-08T15:00:45.279622+00:00,2026-10-08T23:48:17.243783+00:00,8.792,False,2026-10-09T00:06:30.842109+00:00,4,25,MATCHED
2026-10-09T00:06:30.842109+00:00,SF_16054|35|ALL|6,SF_16054,35,,35 STOP TEMP. MOVED Board on Douglass/23rd,35 STOP TEMP. MOVED Board on Douglass/23rd,STOP_MOVED,2026-10-08T15:00:45.279622+00:00,2026-10-08T23:48:17.243783+00:00,8.792,False,2026-10-09T00:06:30.842109+00:00,6,25,MATCHED
2026-10-09T00:06:30.842109+00:00,SF_16055|35|ALL|6,SF_16055,35,,35 RRT STOP CLOSED Board on Douglass/22nd,35 RRT STOP CLOSED Board on Douglass/22nd,STOP_CLOSED,2026-10-08T15:00:45.279622+00:00,2026-10-08T23:48:17.243783+00:00,8.792,False,2026-10-09T00:06:30.842109+00:00,6,25,MATCHED
2026-10-09T00:06:30.842109+00:00,SF_16056|35|ALL|6,SF_16056,35,,35 RRT STOP CLOSED Board on Douglass/21st,35 RRT STOP CLOSED Board on Douglass/21st,STOP_CLOSED,2026-10-08T15:00:45.279622+00:00,2026-10-08T23:48:17.243783+00:00,8.792,False,2026-10-09T00:06:30.842109+00:00,6,25,MATCHED
2026-10-09T00:06:30.842109+00:00,SF_16123|66|ALL|1,SF_16123,66,,66 STOP TEMP. CLOSED Board on other side of Quintara,66 STOP TEMP. CLOSED Board on other side of Quintara,STOP_MOVED,2026-10-08T15:00:45.279622+00:00,2026-10-08T23:48:17.243783+00:00,8.792,False,2026-10-09T00:06:30.842109+00:00,1,25,MATCHED
2026-10-09T00:06:30.842109+00:00,SF_16124|35|ALL|4,SF_16124,35,,35 STOP TEMP. MOVED Board at 24th/Douglass,35 STOP TEMP. MOVED Board at 24th/Douglass,STOP_MOVED,2026-10-08T15:00:45.279622+00:00,2026-10-08T23:48:17.243783+00:00,8.792,False,2026-10-09T00:06:30.842109+00:00,4,25,MATCHED
2026-10-08T16:12:26.390745+00:00,1183686493|NETWORK_WIDE|ALL|1,1183686493,,,N-Judah Line Service Gaps at Embarcadero,"As of 8:31 AM, SF Muni reports N-Judah Line is experiencing service gaps at Embarcadero, due to earlier switch issues.",SERVICE_NOTICE,2026-10-08T15:36:59.609928+00:00,2026-10-08T15:55:06.751510+00:00,0.302,False,2026-10-08T16:12:26.390745+00:00,1,2,NETWORK_WIDE
2026-10-08T16:12:26.390745+00:00,SF_16175|N|ALL|1,SF_16175,N,,N Line temporary OB service gap due to earlier switch issue.,N Line temporary OB service gap due to earlier switch issue.,SERVICE_NOTICE,2026-10-08T15:36:59.609928+00:00,2026-10-08T15:55:06.751510+00:00,0.302,False,2026-10-08T16:12:26.390745+00:00,1,2,MATCHED
2026-10-08T22:00:36.002636+00:00,SF_15992|33|ALL|5,SF_15992,33,,33 STOP TEMP. CLOSED Board on other side of Castro,33 STOP TEMP. CLOSED Board on other side of Castro,STOP_MOVED,2026-10-08T16:12:26.390745+00:00,2026-10-08T21:42:46.706942+00:00,5.506,False,2026-10-08T22:00:36.002636+00:00,5,14,MATCHED
2026-10-09T15:33:18.584746+00:00,SF_16085|39|ALL|1,SF_16085,39,,39 RRT STOP CLOSED Board at Union/Stockton,39 RRT STOP CLOSED Board at Union/Stockton,STOP_CLOSED,2026-10-08T16:12:26.390745+00:00,2026-10-09T15:15:38.699528+00:00,23.053,False,2026-10-09T15:33:18.584746+00:00,1,72,MATCHED
2026-10-08T16:30:41.943954+00:00,SF_16176|N|ALL|1,SF_16176,N,,N Line temporary OB service gap due to earlier switch issue.,N Line temporary OB service gap due to earlier switch issue.,SERVICE_NOTICE,2026-10-08T16:12:26.390745+00:00,2026-10-08T16:12:26.390745+00:00,0.0,False,2026-10-08T16:30:41.943954+00:00,1,1,MATCHED
2026-10-08T17:24:51.012342+00:00,SF_16178|N|ALL|1,SF_16178,N,,N Line temporary service gap due to earlier switch issue.,N Line temporary service gap due to earlier switch issue.,SERVICE_NOTICE,2026-10-08T16:30:41.943954+00:00,2026-10-08T17:06:15.356721+00:00,0.593,False,2026-10-08T17:24:51.012342+00:00,1,3,MATCHED
2026-10-08T17:24:51.012342+00:00,SF_16179|N|ALL|1,SF_16179,N,,N bus shuttles supporting service,N bus shuttles supporting service,SERVICE_NOTICE,2026-10-08T16:30:41.943954+00:00,2026-10-08T17:06:15.356721+00:00,0.593,False,2026-10-08T17:24:51.012342+00:00,1,3,MATCHED
2026-10-08T21:24:25.381380+00:00,SF_16180|F|ALL|1,SF_16180,F,,IB #FMarket delayed at Market & Noe due to an auto on the trackway. Streetcars switching back & first stop is Market & Church.,IB #FMarket delayed at Market & Noe due to an auto on the trackway. Streetcars switching back & first stop is Market & Church.,DELAY,2026-10-08T21:01:25.405886+00:00,2026-10-08T21:01:25.405886+00:00,0.0,False,2026-10-08T21:24:25.381380+00:00,1,1,MATCHED
2026-10-10T08:39:42.142147+00:00,SF_16182|NETWORK_WIDE|ALL|1,SF_16182,,,Fleet Week October 9 to 11. SFMTA.com/ FleetWeek,Fleet Week October 9 to 11. SFMTA.com/ FleetWeek,SERVICE_NOTICE,2026-10-08T21:24:25.381380+00:00,2026-10-10T08:39:42.142147+00:00,35.255,True,,1,106,NETWORK_WIDE
2026-10-08T23:12:54.227109+00:00,SF_16183|14R|ALL|1,SF_16183,14R,,"OB 14, 14R rerouting around Mission and Laura due to a non-Muni collision.","OB 14, 14R rerouting around Mission and Laura due to a non-Muni collision.",SERVICE_NOTICE,2026-10-08T21:42:46.706942+00:00,2026-10-08T22:54:12.120443+00:00,1.19,False,2026-10-08T23:12:54.227109+00:00,1,5,MATCHED
2026-10-08T23:12:54.227109+00:00,SF_16183|14|ALL|1,SF_16183,14,,"OB 14, 14R rerouting around Mission and Laura due to a non-Muni collision.","OB 14, 14R rerouting around Mission and Laura due to a non-Muni collision.",SERVICE_NOTICE,2026-10-08T21:42:46.706942+00:00,2026-10-08T22:54:12.120443+00:00,1.19,False,2026-10-08T23:12:54.227109+00:00,1,5,MATCHED
2026-10-09T07:06:20.263350+00:00,SF_16184|J|ALL|1,SF_16184,J,,Powell	Platform Elevator	Out of Service,Powell	Platform Elevator	Out of Service,SERVICE_NOTICE,2026-10-08T21:42:46.706942+00:00,2026-10-09T06:48:21.516543+00:00,9.093,False,2026-10-09T07:06:20.263350+00:00,1,31,MATCHED
2026-10-09T07:06:20.263350+00:00,SF_16184|K|ALL|1,SF_16184,K,,Powell	Platform Elevator	Out of Service,Powell	Platform Elevator	Out of Service,SERVICE_NOTICE,2026-10-08T21:42:46.706942+00:00,2026-10-09T06:48:21.516543+00:00,9.093,False,2026-10-09T07:06:20.263350+00:00,1,31,MATCHED
2026-10-09T07:06:20.263350+00:00,SF_16184|L|ALL|1,SF_16184,L,,Powell	Platform Elevator	Out of Service,Powell	Platform Elevator	Out of Service,SERVICE_NOTICE,2026-10-08T21:42:46.706942+00:00,2026-10-09T06:48:21.516543+00:00,9.093,False,2026-10-09T07:06:20.263350+00:00,1,31,MATCHED
2026-10-09T07:06:20.263350+00:00,SF_16184|M|ALL|1,SF_16184,M,,Powell	Platform Elevator	Out of Service,Powell	Platform Elevator	Out of Service,SERVICE_NOTICE,2026-10-08T21:42:46.706942+00:00,2026-10-09T06:48:21.516543+00:00,9.093,False,2026-10-09T07:06:20.263350+00:00,1,31,MATCHED
2026-10-09T07:06:20.263350+00:00,SF_16184|N|ALL|1,SF_16184,N,,Powell	Platform Elevator	Out of Service,Powell	Platform Elevator	Out of Service,SERVICE_NOTICE,2026-10-08T21:42:46.706942+00:00,2026-10-09T06:48:21.516543+00:00,9.093,False,2026-10-09T07:06:20.263350+00:00,1,31,MATCHED
2026-10-09T02:12:31.320747+00:00,SF_16187|NETWORK_WIDE|ALL|1,SF_16187,,,Italian Heritage Parade Oct. 10. SFMTA.com/TravelUpdates,Italian Heritage Parade Oct. 10. SFMTA.com/TravelUpdates,SERVICE_NOTICE,2026-10-08T22:00:36.002636+00:00,2026-10-09T01:54:13.304349+00:00,3.894,False,2026-10-09T02:12:31.320747+00:00,1,14,NETWORK_WIDE
2026-10-09T02:12:31.320747+00:00,SF_16188|NETWORK_WIDE|ALL|1,SF_16188,,,For SF Weekend Events Visit SFMTA.com/WeekendEvents,For SF Weekend Events Visit SFMTA.com/WeekendEvents,SERVICE_NOTICE,2026-10-08T22:00:36.002636+00:00,2026-10-09T01:54:13.304349+00:00,3.894,False,2026-10-09T02:12:31.320747+00:00,1,14,NETWORK_WIDE
2026-10-09T02:12:31.320747+00:00,SF_16121|F|ALL|1,SF_16121,F,,F Switchback Last stop at Market/Noe (ADA Stop) OR Noe/17th,F Switchback Last stop at Market/Noe (ADA Stop) OR Noe/17th,SERVICE_NOTICE,2026-10-08T23:30:20.839718+00:00,2026-10-09T01:54:13.304349+00:00,2.398,False,2026-10-09T02:12:31.320747+00:00,1,9,MATCHED
2026-10-09T02:12:31.320747+00:00,SF_16122|F|ALL|1,SF_16122,F,,F Switchback Board: 17th/Sanchez OR Church/Market (SE corner),F Switchback Board: 17th/Sanchez OR Church/Market (SE corner),SERVICE_NOTICE,2026-10-08T23:30:20.839718+00:00,2026-10-09T01:54:13.304349+00:00,2.398,False,2026-10-09T02:12:31.320747+00:00,1,9,MATCHED
2026-10-09T05:12:25.098523+00:00,SF_16091|18|ALL|1,SF_16091,18,,18 RRT STOP CLOSED Board at 33rd/Geary OR Geary/Clement,18 RRT STOP CLOSED Board at 33rd/Geary OR Geary/Clement,STOP_CLOSED,2026-10-08T23:48:17.243783+00:00,2026-10-09T04:55:26.522886+00:00,5.119,False,2026-10-09T05:12:25.098523+00:00,1,18,MATCHED
2026-10-09T05:12:25.098523+00:00,SF_16092|18|ALL|1,SF_16092,18,,18 RRT STOP CLOSED Board at Geary/33rd.,18 RRT STOP CLOSED Board at Geary/33rd.,STOP_CLOSED,2026-10-08T23:48:17.243783+00:00,2026-10-09T04:55:26.522886+00:00,5.119,False,2026-10-09T05:12:25.098523+00:00,1,18,MATCHED
2026-10-09T13:06:17.901625+00:00,SF_16195|J|ALL|1,SF_16195,J,,Civic Center	Platform Elevator	Out of Service,Civic Center	Platform Elevator	Out of Service,SERVICE_NOTICE,2026-10-09T00:06:30.842109+00:00,2026-10-09T12:47:56.684159+00:00,12.691,False,2026-10-09T13:06:17.901625+00:00,1,43,MATCHED
2026-10-09T13:06:17.901625+00:00,SF_16195|K|ALL|1,SF_16195,K,,Civic Center	Platform Elevator	Out of Service,Civic Center	Platform Elevator	Out of Service,SERVICE_NOTICE,2026-10-09T00:06:30.842109+00:00,2026-10-09T12:47:56.684159+00:00,12.691,False,2026-10-09T13:06:17.901625+00:00,1,43,MATCHED
2026-10-09T13:06:17.901625+00:00,SF_16195|L|ALL|1,SF_16195,L,,Civic Center	Platform Elevator	Out of Service,Civic Center	Platform Elevator	Out of Service,SERVICE_NOTICE,2026-10-09T00:06:30.842109+00:00,2026-10-09T12:47:56.684159+00:00,12.691,False,2026-10-09T13:06:17.901625+00:00,1,43,MATCHED
2026-10-09T13:06:17.901625+00:00,SF_16195|M|ALL|1,SF_16195,M,,Civic Center	Platform Elevator	Out of Service,Civic Center	Platform Elevator	Out of Service,SERVICE_NOTICE,2026-10-09T00:06:30.842109+00:00,2026-10-09T12:47:56.684159+00:00,12.691,False,2026-10-09T13:06:17.901625+00:00,1,43,MATCHED
2026-10-09T13:06:17.901625+00:00,SF_16195|N|ALL|1,SF_16195,N,,Civic Center	Platform Elevator	Out of Service,Civic Center	Platform Elevator	Out of Service,SERVICE_NOTICE,2026-10-09T00:06:30.842109+00:00,2026-10-09T12:47:56.684159+00:00,12.691,False,2026-10-09T13:06:17.901625+00:00,1,43,MATCHED
2026-10-09T15:15:38.699528+00:00,SF_16110|1|ALL|1,SF_16110,1,,1 STOP TEMP. CLOSED Board at California/18th,1 STOP TEMP. CLOSED Board at California/18th,STOP_MOVED,2026-10-09T01:18:26.980855+00:00,2026-10-09T14:57:40.747646+00:00,13.654,False,2026-10-09T15:15:38.699528+00:00,1,46,MATCHED
2026-10-10T08:39:42.142147+00:00,SF_16208|NETWORK_WIDE|ALL|1,SF_16208,,,For SF Weekend Events Visit SFMTA.com/WeekendEvents,For SF Weekend Events Visit SFMTA.com/WeekendEvents,SERVICE_NOTICE,2026-10-09T02:12:31.320747+00:00,2026-10-10T08:39:42.142147+00:00,30.453,True,,1,90,NETWORK_WIDE
2026-10-10T08:39:42.142147+00:00,SF_16209|NETWORK_WIDE|ALL|1,SF_16209,,,Italian Heritage Parade Oct. 11. SFMTA.com/WeekendEvents,Italian Heritage Parade Oct. 11. SFMTA.com/WeekendEvents,SERVICE_NOTICE,2026-10-09T02:12:31.320747+00:00,2026-10-10T08:39:42.142147+00:00,30.453,True,,1,90,NETWORK_WIDE
2026-10-10T07:08:47.480885+00:00,SF_16163|29|ALL|2,SF_16163,29,,29 STOP TEMP. MOVED Board btwn California and Clement,29 STOP TEMP. MOVED Board btwn California and Clement,STOP_MOVED,2026-10-09T12:12:34.793214+00:00,2026-10-10T06:51:11.088396+00:00,18.643,False,2026-10-10T07:08:47.480885+00:00,2,51,MATCHED
2026-10-10T04:43:05.979919+00:00,SF_13205|2|ALL|22,SF_13205,2,,2 STOP TEMP. MOVED Board at Hyde OR Polk,2 STOP TEMP. MOVED Board at Hyde OR Polk,STOP_MOVED,2026-10-09T13:06:17.901625+00:00,2026-10-10T02:42:42.131998+00:00,13.607,False,2026-10-10T04:43:05.979919+00:00,22,40,MATCHED
2026-10-10T05:03:44.020108+00:00,SF_16001|12|ALL|12,SF_16001,12,,12 STOP TEMP. MOVED Board at Folsom/Mabini,12 STOP TEMP. MOVED Board at Folsom/Mabini,STOP_MOVED,2026-10-09T13:06:17.901625+00:00,2026-10-10T04:43:05.979919+00:00,15.613,False,2026-10-10T05:03:44.020108+00:00,12,41,MATCHED
2026-10-10T05:03:44.020108+00:00,SF_16002|12|ALL|12,SF_16002,12,,12 STOP TEMP. MOVED Board at Folsom/2nd island stop,12 STOP TEMP. MOVED Board at Folsom/2nd island stop,STOP_MOVED,2026-10-09T13:06:17.901625+00:00,2026-10-10T04:43:05.979919+00:00,15.613,False,2026-10-10T05:03:44.020108+00:00,12,41,MATCHED
2026-10-10T05:03:44.020108+00:00,SF_16051|23|ALL|5,SF_16051,23,,23 STOP TEMP. MOVED Board on other side of 19th,23 STOP TEMP. MOVED Board on other side of 19th,STOP_MOVED,2026-10-09T13:06:17.901625+00:00,2026-10-10T04:43:05.979919+00:00,15.613,False,2026-10-10T05:03:44.020108+00:00,5,41,MATCHED
2026-10-09T23:15:41.126654+00:00,SF_16125|25|ALL|3,SF_16125,25,,25 STOP TEMP. CLOSED Board on other side of Avenue H,25 STOP TEMP. CLOSED Board on other side of Avenue H,STOP_MOVED,2026-10-09T13:06:17.901625+00:00,2026-10-09T22:57:25.198549+00:00,9.852,False,2026-10-09T23:15:41.126654+00:00,3,31,MATCHED
2026-10-10T06:15:22.172942+00:00,SF_15679|PM|ALL|22,SF_15679,PM,,Cable Car STOP TEMP. MOVED Board: other side of Broadway,Cable Car STOP TEMP. MOVED Board: other side of Broadway,STOP_MOVED,2026-10-09T14:00:36.204010+00:00,2026-10-10T05:57:41.739903+00:00,15.952,False,2026-10-10T06:15:22.172942+00:00,22,42,MATCHED
2026-10-10T00:10:47.513905+00:00,SF_15661|43|ALL|16,SF_15661,43,,43 STOP TEMP. MOVED Board at Gennessee/Judson,43 STOP TEMP. MOVED Board at Gennessee/Judson,STOP_MOVED,2026-10-09T15:15:38.699528+00:00,2026-10-09T23:51:23.734717+00:00,8.596,False,2026-10-10T00:10:47.513905+00:00,16,27,MATCHED
2026-10-09T23:15:41.126654+00:00,SF_15843|54|ALL|16,SF_15843,54,,54 STOP TEMP. MOVED Board at Revere btwn Ingalls & Jennings,54 STOP TEMP. MOVED Board at Revere btwn Ingalls & Jennings,STOP_MOVED,2026-10-09T15:15:38.699528+00:00,2026-10-09T22:57:25.198549+00:00,7.696,False,2026-10-09T23:15:41.126654+00:00,16,24,MATCHED
2026-10-09T23:15:41.126654+00:00,SF_15844|54|ALL|16,SF_15844,54,,54 STOP TEMP. MOVED Board midblock 3rd btwn Revere & Quesada,54 STOP TEMP. MOVED Board midblock 3rd btwn Revere & Quesada,STOP_MOVED,2026-10-09T15:15:38.699528+00:00,2026-10-09T22:57:25.198549+00:00,7.696,False,2026-10-09T23:15:41.126654+00:00,16,24,MATCHED
2026-10-10T00:10:47.513905+00:00,SF_15919|19|ALL|10,SF_15919,19,,"19, 27 STOP TEMP. CLOSED Board at Hyde/Grove OR 8th/Howard","19, 27 STOP TEMP. CLOSED Board at Hyde/Grove OR 8th/Howard",STOP_MOVED,2026-10-09T15:15:38.699528+00:00,2026-10-09T23:51:23.734717+00:00,8.596,False,2026-10-10T00:10:47.513905+00:00,10,27,MATCHED
2026-10-10T00:10:47.513905+00:00,SF_15919|27|ALL|10,SF_15919,27,,"19, 27 STOP TEMP. CLOSED Board at Hyde/Grove OR 8th/Howard","19, 27 STOP TEMP. CLOSED Board at Hyde/Grove OR 8th/Howard",STOP_MOVED,2026-10-09T15:15:38.699528+00:00,2026-10-09T23:51:23.734717+00:00,8.596,False,2026-10-10T00:10:47.513905+00:00,10,27,MATCHED
2026-10-10T00:10:47.513905+00:00,SF_16030|12|ALL|5,SF_16030,12,,12 STOP TEMP. CLOSED Board on other side of Hyde,12 STOP TEMP. CLOSED Board on other side of Hyde,STOP_MOVED,2026-10-09T15:15:38.699528+00:00,2026-10-09T23:51:23.734717+00:00,8.596,False,2026-10-10T00:10:47.513905+00:00,5,27,MATCHED
2026-10-10T00:10:47.513905+00:00,SF_16048|29|ALL|5,SF_16048,29,,29 STOP TEMP. MOVED Board: Gilman btwn Jennings & 3rd,29 STOP TEMP. MOVED Board: Gilman btwn Jennings & 3rd,STOP_MOVED,2026-10-09T15:15:38.699528+00:00,2026-10-09T23:51:23.734717+00:00,8.596,False,2026-10-10T00:10:47.513905+00:00,5,27,MATCHED
2026-10-10T00:10:47.513905+00:00,SF_16050|8BX|ALL|5,SF_16050,8BX,,"8, 8BX STOP TEMP. MOVED Board on other side of Broadway","8, 8BX STOP TEMP. MOVED Board on other side of Broadway",STOP_MOVED,2026-10-09T15:15:38.699528+00:00,2026-10-09T23:51:23.734717+00:00,8.596,False,2026-10-10T00:10:47.513905+00:00,5,27,MATCHED
2026-10-10T00:10:47.513905+00:00,SF_16050|8|ALL|5,SF_16050,8,,"8, 8BX STOP TEMP. MOVED Board on other side of Broadway","8, 8BX STOP TEMP. MOVED Board on other side of Broadway",STOP_MOVED,2026-10-09T15:15:38.699528+00:00,2026-10-09T23:51:23.734717+00:00,8.596,False,2026-10-10T00:10:47.513905+00:00,5,27,MATCHED
2026-10-10T00:10:47.513905+00:00,SF_16054|35|ALL|7,SF_16054,35,,35 STOP TEMP. MOVED Board on Douglass/23rd,35 STOP TEMP. MOVED Board on Douglass/23rd,STOP_MOVED,2026-10-09T15:15:38.699528+00:00,2026-10-09T23:51:23.734717+00:00,8.596,False,2026-10-10T00:10:47.513905+00:00,7,27,MATCHED
2026-10-10T00:10:47.513905+00:00,SF_16055|35|ALL|7,SF_16055,35,,35 RRT STOP CLOSED Board on Douglass/22nd,35 RRT STOP CLOSED Board on Douglass/22nd,STOP_CLOSED,2026-10-09T15:15:38.699528+00:00,2026-10-09T23:51:23.734717+00:00,8.596,False,2026-10-10T00:10:47.513905+00:00,7,27,MATCHED
2026-10-10T00:10:47.513905+00:00,SF_16056|35|ALL|7,SF_16056,35,,35 RRT STOP CLOSED Board on Douglass/21st,35 RRT STOP CLOSED Board on Douglass/21st,STOP_CLOSED,2026-10-09T15:15:38.699528+00:00,2026-10-09T23:51:23.734717+00:00,8.596,False,2026-10-10T00:10:47.513905+00:00,7,27,MATCHED
2026-10-10T00:10:47.513905+00:00,SF_16124|35|ALL|5,SF_16124,35,,35 STOP TEMP. MOVED Board at 24th/Douglass,35 STOP TEMP. MOVED Board at 24th/Douglass,STOP_MOVED,2026-10-09T15:15:38.699528+00:00,2026-10-09T23:51:23.734717+00:00,8.596,False,2026-10-10T00:10:47.513905+00:00,5,27,MATCHED
2026-10-09T22:03:38.653689+00:00,SF_15992|33|ALL|6,SF_15992,33,,33 STOP TEMP. CLOSED Board on other side of Castro,33 STOP TEMP. CLOSED Board on other side of Castro,STOP_MOVED,2026-10-09T16:09:25.971265+00:00,2026-10-09T21:45:26.139562+00:00,5.6,False,2026-10-09T22:03:38.653689+00:00,6,17,MATCHED
2026-10-10T08:39:42.142147+00:00,SF_16085|39|ALL|2,SF_16085,39,,39 RRT STOP CLOSED Board at Union/Stockton,39 RRT STOP CLOSED Board at Union/Stockton,STOP_CLOSED,2026-10-09T16:09:25.971265+00:00,2026-10-10T08:39:42.142147+00:00,16.504,True,,2,44,MATCHED
2026-10-09T19:42:16.322807+00:00,SF_16218|J|ALL|1,SF_16218,J,,"Civic Center
Platform Elevator
Out of Service","Civic Center
Platform Elevator
Out of Service",SERVICE_NOTICE,2026-10-09T17:39:16.827662+00:00,2026-10-09T18:51:52.020881+00:00,1.21,False,2026-10-09T19:42:16.322807+00:00,1,5,MATCHED
2026-10-09T19:42:16.322807+00:00,SF_16218|K|ALL|1,SF_16218,K,,"Civic Center
Platform Elevator
Out of Service","Civic Center
Platform Elevator
Out of Service",SERVICE_NOTICE,2026-10-09T17:39:16.827662+00:00,2026-10-09T18:51:52.020881+00:00,1.21,False,2026-10-09T19:42:16.322807+00:00,1,5,MATCHED
2026-10-09T19:42:16.322807+00:00,SF_16218|L|ALL|1,SF_16218,L,,"Civic Center
Platform Elevator
Out of Service","Civic Center
Platform Elevator
Out of Service",SERVICE_NOTICE,2026-10-09T17:39:16.827662+00:00,2026-10-09T18:51:52.020881+00:00,1.21,False,2026-10-09T19:42:16.322807+00:00,1,5,MATCHED
2026-10-09T19:42:16.322807+00:00,SF_16218|M|ALL|1,SF_16218,M,,"Civic Center
Platform Elevator
Out of Service","Civic Center
Platform Elevator
Out of Service",SERVICE_NOTICE,2026-10-09T17:39:16.827662+00:00,2026-10-09T18:51:52.020881+00:00,1.21,False,2026-10-09T19:42:16.322807+00:00,1,5,MATCHED
2026-10-09T19:42:16.322807+00:00,SF_16218|N|ALL|1,SF_16218,N,,"Civic Center
Platform Elevator
Out of Service","Civic Center
Platform Elevator
Out of Service",SERVICE_NOTICE,2026-10-09T17:39:16.827662+00:00,2026-10-09T18:51:52.020881+00:00,1.21,False,2026-10-09T19:42:16.322807+00:00,1,5,MATCHED
2026-10-09T21:45:26.139562+00:00,SF_16221|1|ALL|1,SF_16221,1,,1 RRT STOP CLOSED Board: Stockton OR Larkin,1 RRT STOP CLOSED Board: Stockton OR Larkin,STOP_CLOSED,2026-10-09T19:42:16.322807+00:00,2026-10-09T21:24:52.685807+00:00,1.71,False,2026-10-09T21:45:26.139562+00:00,1,6,MATCHED
2026-10-10T01:03:48.039990+00:00,SF_16222|J|ALL|1,SF_16222,J,,Powell Platform Elevator Out of Service,Powell Platform Elevator Out of Service,SERVICE_NOTICE,2026-10-09T20:06:38.382630+00:00,2026-10-10T00:45:39.186943+00:00,4.65,False,2026-10-10T01:03:48.039990+00:00,1,16,MATCHED
2026-10-10T01:03:48.039990+00:00,SF_16222|K|ALL|1,SF_16222,K,,Powell Platform Elevator Out of Service,Powell Platform Elevator Out of Service,SERVICE_NOTICE,2026-10-09T20:06:38.382630+00:00,2026-10-10T00:45:39.186943+00:00,4.65,False,2026-10-10T01:03:48.039990+00:00,1,16,MATCHED
2026-10-10T01:03:48.039990+00:00,SF_16222|L|ALL|1,SF_16222,L,,Powell Platform Elevator Out of Service,Powell Platform Elevator Out of Service,SERVICE_NOTICE,2026-10-09T20:06:38.382630+00:00,2026-10-10T00:45:39.186943+00:00,4.65,False,2026-10-10T01:03:48.039990+00:00,1,16,MATCHED
2026-10-10T01:03:48.039990+00:00,SF_16222|M|ALL|1,SF_16222,M,,Powell Platform Elevator Out of Service,Powell Platform Elevator Out of Service,SERVICE_NOTICE,2026-10-09T20:06:38.382630+00:00,2026-10-10T00:45:39.186943+00:00,4.65,False,2026-10-10T01:03:48.039990+00:00,1,16,MATCHED
2026-10-10T01:03:48.039990+00:00,SF_16222|N|ALL|1,SF_16222,N,,Powell Platform Elevator Out of Service,Powell Platform Elevator Out of Service,SERVICE_NOTICE,2026-10-09T20:06:38.382630+00:00,2026-10-10T00:45:39.186943+00:00,4.65,False,2026-10-10T01:03:48.039990+00:00,1,16,MATCHED
2026-10-09T20:45:45.396183+00:00,SF_16223|7|ALL|1,SF_16223,7,,OB 7 rerouting around Lincoln and 17th due to a non-Muni collision.,OB 7 rerouting around Lincoln and 17th due to a non-Muni collision.,SERVICE_NOTICE,2026-10-09T20:27:47.408930+00:00,2026-10-09T20:27:47.408930+00:00,0.0,False,2026-10-09T20:45:45.396183+00:00,1,1,MATCHED
2026-10-10T04:43:05.979919+00:00,SF_16225|J|ALL|1,SF_16225,J,,Civic Center	Platform Elevator	Out of Service,Civic Center	Platform Elevator	Out of Service,SERVICE_NOTICE,2026-10-09T21:24:52.685807+00:00,2026-10-10T02:42:42.131998+00:00,5.297,False,2026-10-10T04:43:05.979919+00:00,1,15,MATCHED
2026-10-10T04:43:05.979919+00:00,SF_16225|K|ALL|1,SF_16225,K,,Civic Center	Platform Elevator	Out of Service,Civic Center	Platform Elevator	Out of Service,SERVICE_NOTICE,2026-10-09T21:24:52.685807+00:00,2026-10-10T02:42:42.131998+00:00,5.297,False,2026-10-10T04:43:05.979919+00:00,1,15,MATCHED
2026-10-10T04:43:05.979919+00:00,SF_16225|L|ALL|1,SF_16225,L,,Civic Center	Platform Elevator	Out of Service,Civic Center	Platform Elevator	Out of Service,SERVICE_NOTICE,2026-10-09T21:24:52.685807+00:00,2026-10-10T02:42:42.131998+00:00,5.297,False,2026-10-10T04:43:05.979919+00:00,1,15,MATCHED
2026-10-10T04:43:05.979919+00:00,SF_16225|M|ALL|1,SF_16225,M,,Civic Center	Platform Elevator	Out of Service,Civic Center	Platform Elevator	Out of Service,SERVICE_NOTICE,2026-10-09T21:24:52.685807+00:00,2026-10-10T02:42:42.131998+00:00,5.297,False,2026-10-10T04:43:05.979919+00:00,1,15,MATCHED
2026-10-10T04:43:05.979919+00:00,SF_16225|N|ALL|1,SF_16225,N,,Civic Center	Platform Elevator	Out of Service,Civic Center	Platform Elevator	Out of Service,SERVICE_NOTICE,2026-10-09T21:24:52.685807+00:00,2026-10-10T02:42:42.131998+00:00,5.297,False,2026-10-10T04:43:05.979919+00:00,1,15,MATCHED
2026-10-10T05:03:44.020108+00:00,SF_14215|6|ALL|4,SF_14215,6,,"6 RRT STOP CLOSED Board at Van Ness, Webster or on Grove","6 RRT STOP CLOSED Board at Van Ness, Webster or on Grove",STOP_CLOSED,2026-10-09T23:15:41.126654+00:00,2026-10-10T04:43:05.979919+00:00,5.457,False,2026-10-10T05:03:44.020108+00:00,4,10,MATCHED
2026-10-09T23:51:23.734717+00:00,SF_16235|K|ALL|1,SF_16235,K,,OB K delayed at Ocean & Aptos due to #SFFD activity.,OB K delayed at Ocean & Aptos due to #SFFD activity.,DELAY,2026-10-09T23:33:12.307123+00:00,2026-10-09T23:33:12.307123+00:00,0.0,False,2026-10-09T23:51:23.734717+00:00,1,1,MATCHED
2026-10-10T00:10:47.513905+00:00,1184532777|NETWORK_WIDE|ALL|1,1184532777,,,Inbound Powell Cable Car Line Delayed at Clay St and Powell St,"As of 4:35 PM, SF Muni reports that the inbound Powell Cable Car line is delayed at Clay St and Powell St, due to a collision.",DELAY,2026-10-09T23:51:23.734717+00:00,2026-10-09T23:51:23.734717+00:00,0.0,False,2026-10-10T00:10:47.513905+00:00,1,1,NETWORK_WIDE
2026-10-10T01:03:48.039990+00:00,SF_16238|66|ALL|1,SF_16238,66,,OB 66 delayed at Lawton & 11th due to #SFFD activity.,OB 66 delayed at Lawton & 11th due to #SFFD activity.,DELAY,2026-10-10T00:45:39.186943+00:00,2026-10-10T00:45:39.186943+00:00,0.0,False,2026-10-10T01:03:48.039990+00:00,1,1,MATCHED
2026-10-10T07:08:47.480885+00:00,SF_16110|1|ALL|2,SF_16110,1,,1 STOP TEMP. CLOSED Board at California/18th,1 STOP TEMP. CLOSED Board at California/18th,STOP_MOVED,2026-10-10T01:03:48.039990+00:00,2026-10-10T06:51:11.088396+00:00,5.79,False,2026-10-10T07:08:47.480885+00:00,2,11,MATCHED
2026-10-10T05:03:44.020108+00:00,SF_16240|27|ALL|1,SF_16240,27,,IB 27 rerouting around Eddy & Leavenworth due to #SFFD activity.,IB 27 rerouting around Eddy & Leavenworth due to #SFFD activity.,SERVICE_NOTICE,2026-10-10T04:43:05.979919+00:00,2026-10-10T04:43:05.979919+00:00,0.0,False,2026-10-10T05:03:44.020108+00:00,1,1,MATCHED
2026-10-10T07:08:47.480885+00:00,SF_16241|K|ALL|1,SF_16241,K,,"Elevator is out of service at Powell St.
Station","Elevator is out of service at Powell St.
Station",SERVICE_NOTICE,2026-10-10T05:21:10.540390+00:00,2026-10-10T06:51:11.088396+00:00,1.5,False,2026-10-10T07:08:47.480885+00:00,1,6,MATCHED
2026-10-10T07:08:47.480885+00:00,SF_16241|L|ALL|1,SF_16241,L,,"Elevator is out of service at Powell St.
Station","Elevator is out of service at Powell St.
Station",SERVICE_NOTICE,2026-10-10T05:21:10.540390+00:00,2026-10-10T06:51:11.088396+00:00,1.5,False,2026-10-10T07:08:47.480885+00:00,1,6,MATCHED
2026-10-10T07:08:47.480885+00:00,SF_16241|M|ALL|1,SF_16241,M,,"Elevator is out of service at Powell St.
Station","Elevator is out of service at Powell St.
Station",SERVICE_NOTICE,2026-10-10T05:21:10.540390+00:00,2026-10-10T06:51:11.088396+00:00,1.5,False,2026-10-10T07:08:47.480885+00:00,1,6,MATCHED
2026-10-10T07:08:47.480885+00:00,SF_16241|N|ALL|1,SF_16241,N,,"Elevator is out of service at Powell St.
Station","Elevator is out of service at Powell St.
Station",SERVICE_NOTICE,2026-10-10T05:21:10.540390+00:00,2026-10-10T06:51:11.088396+00:00,1.5,False,2026-10-10T07:08:47.480885+00:00,1,6,MATCHED
2026-10-10T08:39:42.142147+00:00,SF_16133|PH|ALL|1,SF_16133,PH,,Cable Cars from 6 am-3 pm AND after 5 pm only,Cable Cars from 6 am-3 pm AND after 5 pm only,SERVICE_NOTICE,2026-10-10T07:08:47.480885+00:00,2026-10-10T08:39:42.142147+00:00,1.515,True,,1,6,MATCHED
2026-10-10T08:39:42.142147+00:00,SF_16133|PM|ALL|1,SF_16133,PM,,Cable Cars from 6 am-3 pm AND after 5 pm only,Cable Cars from 6 am-3 pm AND after 5 pm only,SERVICE_NOTICE,2026-10-10T07:08:47.480885+00:00,2026-10-10T08:39:42.142147+00:00,1.515,True,,1,6,MATCHED
